circuit_id,family,cloud_shots,hardware_shots,finite_shots,counts_axis_valid,shots_conserved,cloud_vs_ideal_tv,cloud_vs_ideal_hellinger,cloud_vs_ideal_h2,cloud_vs_local_noise_tv,cloud_vs_local_noise_hellinger,cloud_vs_local_noise_h2,cloud_vs_finite_tv,cloud_vs_finite_hellinger,cloud_vs_finite_h2,cloud_vs_hardware_tv,cloud_vs_hardware_hellinger,cloud_vs_hardware_h2,hardware_vs_ideal_tv,hardware_vs_ideal_hellinger,hardware_vs_ideal_h2,hardware_vs_local_noise_tv,hardware_vs_local_noise_hellinger,hardware_vs_local_noise_h2,finite_vs_ideal_tv,finite_vs_ideal_hellinger,finite_vs_ideal_h2,local_noise_vs_ideal_tv,local_noise_vs_ideal_hellinger,local_noise_vs_ideal_h2,cloud_noise_minus_ideal_tv,cloud_excess_over_finite_tv,hardware_cloud_minus_ideal_tv,hardware_feasible_k3,finite_feasible_k3,ideal_feasible_k3,local_noise_feasible_k3,cloud_feasible_k3,cloud_minus_ideal_feasible_k3,cloud_minus_local_noise_feasible_k3,cloud_minus_finite_feasible_k3,cloud_minus_hardware_feasible_k3
tianyan-287__message_0000,message,1024,1024,1024,True,True,0.12151964030154758,0.11662905843332759,0.01360233727104454,0.0949610738720385,0.09251461361329957,0.008558953732018116,0.13671875,0.13675852238360023,0.018702893444545683,0.171875,0.17021737669378648,0.0289739553285144,0.1549645566980063,0.14622024135351896,0.021380358981481336,0.1523734039032675,0.15366216322755222,0.023612060407770905,0.09845503528501515,0.09860906536198905,0.009723747771565028,0.08204038979410277,0.07381847129649535,0.0054491667045515075,-0.026558566429509073,0.02306460501653243,0.016910443301993705,,,,,,,,,
tianyan-287__message_0001,message,1024,1024,1024,True,True,0.12714588463129264,0.11520119463850242,0.013271315246138119,0.09713318102428717,0.0889257114816056,0.007907782162509761,0.15234375,0.14032738333299904,0.01969177451308646,0.1904296875,0.16407177644902016,0.026919547827137243,0.12883737822022207,0.12375818891906232,0.01531608932452632,0.1459203060529481,0.1320791521925283,0.017444902443897053,0.0845906509127605,0.08063660136321624,0.006502261479410246,0.08834474969331765,0.08027645929603666,0.006444309917108232,-0.030012703607005475,0.04255523371853215,0.061592309279777935,,,,,,,,,
tianyan-287__message_0002,message,1024,1024,1024,True,True,0.10885647766153161,0.09744324489409302,0.009495185975490185,0.08551077742851963,0.07587114220576673,0.005756430219607677,0.1337890625,0.12223780619623474,0.014942081263668243,0.208984375,0.18096579308712002,0.03274861826765034,0.1597247789620021,0.14491151687376902,0.020999347722656644,0.1784664652754042,0.15731599085613548,0.0247483209790477,0.10417309938987186,0.09553035701903768,0.009126049112184802,0.05985398327487605,0.05181049839092727,0.0026843277435162774,-0.02334570023301198,0.004683378271659752,0.0492595960379979,,,,,,,,,
tianyan-287__message_0003,message,1024,1024,1024,True,True,0.13215644271661048,0.11586888004867767,0.013425597363734852,0.1180832978375208,0.10217302135524778,0.010439326292859919,0.162109375,0.1550921110942198,0.02405356292366182,0.185546875,0.16154031684754713,0.02609527396720592,0.11526843719159409,0.11159928689231932,0.012454400834874195,0.14256561199149617,0.12935329631605796,0.016732275267829895,0.08254720463951687,0.08804260979883474,0.007751501140189871,0.07701744590971471,0.0680490520536747,0.0046306734854037294,-0.014073144879089672,0.04960923807709361,0.07027843780840591,,,,,,,,,
tianyan-287__message_0004,message,1024,1024,1024,True,True,0.1087132532615808,0.09788816296169005,0.009582092448014386,0.09944596340158215,0.09164733102392057,0.008399233283808075,0.150390625,0.13317254809972418,0.017734927567373347,0.1875,0.16849059811872777,0.028389081654406633,0.16568094743424006,0.1499307478686943,0.022479229156465975,0.1643830540916743,0.14581689376452386,0.021262566507134442,0.10107196845790886,0.08859547451700392,0.007849158104893091,0.026935260358760336,0.022800970398459693,0.0005198842511114351,-0.00926728985999864,0.007641284803671933,0.021819052565759944,,,,,,,,,
tianyan-287__message_0005,message,1024,1024,1024,True,True,0.10584491516945838,0.09513629849477181,0.009050915291286323,0.08994415444957447,0.0792152987354996,0.006275063553754443,0.1220703125,0.11016541589906251,0.012136418860213416,0.1962890625,0.1682940337109819,0.02832288178271311,0.17073946235483628,0.14220487459737746,0.020222226359255847,0.17121106881299286,0.14477590474308236,0.020960062594178056,0.07245629150970118,0.06753926772568063,0.004561552684921165,0.054614035614244945,0.04729456168712731,0.0022367755651774906,-0.015900760719883902,0.0333886236597572,0.02554960014516372,,,,,,,,,
tianyan-287__message_0006,message,1024,1024,1024,True,True,0.13873224010640206,0.13585966553356765,0.018457848718892868,0.09366231449383478,0.09996393716809561,0.009992788734146968,0.1708984375,0.19101722206411859,0.03648757912509279,0.2021484375,0.18397792466253882,0.033847876763134804,0.23511986170820162,0.2046433321894509,0.04187889340960195,0.1622849802606314,0.1467664118734417,0.021540379654204724,0.07473427311371444,0.10853905607677383,0.011780726694037055,0.1344722492206516,0.12234889246674532,0.01496925148783921,-0.045069925612567285,0.06399796699268762,-0.03297142420820162,,,,,,,,,
tianyan-287__message_0007,message,1024,1024,1024,True,True,0.12874436900106817,0.11815689402061993,0.013961051604600011,0.09481436559990776,0.09428832349475846,0.008890287947452221,0.16015625,0.1575134999693515,0.024810502672594895,0.2216796875,0.2014264505481776,0.04057261498043743,0.16878632710116065,0.15122367084560526,0.022868598624019958,0.17852292336559333,0.165994736147281,0.027554252428605437,0.08869317796460072,0.08603796090429376,0.007402530716568781,0.082967297172695,0.07347930292100589,0.0053992079577569446,-0.03393000340116041,0.040051191036467454,0.05289336039883935,,,,,,,,,
tianyan-287__message_0008,message,1024,1024,1024,True,True,0.11092399286741289,0.10902176096707028,0.01188574436436101,0.08678218863277298,0.1039123467106027,0.010797775798904506,0.1435546875,0.1435514450292295,0.0206070173699799,0.189453125,0.19030922959120483,0.03621760286759791,0.18260254960897782,0.17381550490354253,0.030211829744873415,0.15820838261400755,0.15198189638044857,0.023098496827397407,0.0851530889191517,0.09394855500867562,0.008826330988218148,0.09132835184573894,0.07976584308117808,0.006362589722451124,-0.024141804234639908,0.02577090394826119,0.0068505753910221845,,,,,,,,,
tianyan-287__message_0009,message,1024,1024,1024,True,True,0.11655511362244532,0.10870778436735154,0.0118173823820586,0.09651036361931233,0.08789223464654862,0.0077250449111639615,0.1513671875,0.14940218421583853,0.022321012648463354,0.1787109375,0.16692351627789673,0.027863460286577258,0.14959099526705522,0.14450794282207116,0.02088254553866699,0.1812430879685158,0.16448855871797896,0.02705648594911801,0.07593739233703907,0.08833564451025018,0.007803186091041293,0.07069140434454574,0.061982314026202,0.0038418072520427175,-0.020044750003132994,0.04061772128540625,0.029119942232944784,,,,,,,,,
tianyan-287__message_0010,message,1024,1024,1024,True,True,0.12286457308056618,0.10946410957318642,0.011982391284650562,0.07932606174410652,0.07494585722608173,0.005616881515352227,0.1552734375,0.15867545083323303,0.025177898697129757,0.1396484375,0.12485127682363689,0.01558784132449241,0.13495842487258217,0.1251373774496811,0.015659363234983955,0.1108300465015911,0.10268576792989484,0.01054436693535222,0.10208602649523858,0.10013083605658912,0.010026184329391528,0.09656813902773176,0.08382868397898768,0.007027248257648987,-0.04353851133645967,0.0207785465853276,0.004690012627417833,,,,,,,,,
tianyan-287__message_0011,message,1024,1024,1024,True,True,0.15846440551989016,0.13611974686787248,0.018528585487373683,0.1183676109618073,0.11098705921722629,0.012318127313688094,0.189453125,0.16922184922174333,0.02863603425402643,0.1982421875,0.19349087144395158,0.0374387173321398,0.15078507686369583,0.14303612538084398,0.02045933316396452,0.14661782288610944,0.14634840015894163,0.021417854229081705,0.10305434699672891,0.09900220375176398,0.009801436347705791,0.07623340640921782,0.0670504648310048,0.004495764834053811,-0.04009679455808286,0.05541005852316125,0.04745711063630417,,,,,,,,,
tianyan-287__message_0012,message,1024,1024,1024,True,True,0.17044626865483178,0.15280466451083818,0.02334926549626981,0.08844083239325762,0.09689245607828552,0.009388148044882489,0.1845703125,0.185898646598477,0.034558306807145445,0.1796875,0.1726610369626123,0.029811833685004573,0.24590006859734537,0.22278349533113995,0.04963248579196006,0.14290795770566228,0.12950964050027725,0.016772746982511053,0.059707175627588184,0.09036727139649577,0.008166243739647923,0.14900723260089646,0.13003527787597033,0.01690917349228082,-0.08200543626157417,0.1107390930272436,-0.06621256859734537,,,,,,,,,
tianyan-287__message_0013,message,1024,1024,1024,True,True,0.1367049658280981,0.12871961442577537,0.01656873913792028,0.09582352179451188,0.10461650685100816,0.010944613505707038,0.1767578125,0.1606602175000361,0.0258117054871589,0.189453125,0.1790690905081906,0.032065739175430555,0.13219121219881103,0.13295033177444968,0.01767579071893624,0.15486319368325463,0.14948197102993516,0.022344859662994373,0.09374704675375678,0.0971540816697057,0.009438915585083845,0.08400603628497902,0.07626721557674894,0.005816688171830295,-0.04088144403358622,0.04295791907434132,0.057261912801188974,,,,,,,,,
tianyan-287__message_0014,message,1024,1024,1024,True,True,0.13510659754949644,0.12876687956043162,0.016580909271730705,0.10415148591256755,0.09794955422398312,0.009594115172677008,0.1484375,0.15223416279647137,0.023175240322342548,0.21484375,0.20955562114261314,0.04391355835246641,0.163023578613905,0.1580903910145812,0.024992571731143172,0.18270864695894246,0.18128320125524833,0.03286359905735087,0.0859632582620934,0.09011067541130809,0.008119933823082124,0.08530153129205505,0.07714339684214998,0.005951103676345435,-0.030955111636928892,0.04914333928740304,0.05182017138609499,,,,,,,,,
tianyan-287__message_0015,message,1024,1024,1024,True,True,0.1133128707924138,0.10138356850670784,0.01027862796315432,0.07717525562887972,0.07694326960387021,0.0059202667373338584,0.146484375,0.1374706344828709,0.018898175345123093,0.1865234375,0.16482602466037283,0.027167618405341827,0.1356913483205452,0.13032740624743608,0.016985232819184244,0.13397327243277546,0.12322964765536908,0.01518554606126641,0.10276207632425119,0.09603225243578216,0.00922219350788979,0.06985200757404653,0.06200310078267479,0.0038443845066665275,-0.03613761516353407,0.010550794468162608,0.05083208917945481,,,,,,,,,
tianyan-287__message_0016,message,1024,1024,1024,True,True,0.1055311564148395,0.08939802989434509,0.007992007748990218,0.09608389651651625,0.08249835308385102,0.006805978261547751,0.1376953125,0.12961928059797026,0.01680115790273535,0.1708984375,0.15316903221316353,0.02346075242911712,0.16586256771132074,0.1463102990332758,0.021406703603206588,0.16146577530917142,0.14663478346328732,0.021501759721325158,0.09719581558017741,0.08951484578221608,0.008012907615413928,0.03659334965804307,0.03136369359322039,0.0009836812758094134,-0.009447259898323249,0.008335340834662086,0.005035869788679259,,,,,,,,,
tianyan-287__message_0017,message,1024,1024,1024,True,True,0.08537442400066012,0.07589126427572551,0.00575948399336801,0.08291794060724751,0.07482331509112053,0.005598528481225105,0.1318359375,0.11788508543612401,0.01389689336828226,0.1357421875,0.12158973443604734,0.014784063520228517,0.1429094102443699,0.1312040217385642,0.01721449532037363,0.13888783387373216,0.12763527106217865,0.016290762419115815,0.10527342775173662,0.09248048640968735,0.008552640366572368,0.0352192625831666,0.02948656437073559,0.0008694574783895336,-0.0024564833934126035,-0.019899003751076505,-0.0071672227443699,,,,,,,,,
tianyan-287__message_0018,message,1024,1024,1024,True,True,0.11299338716569905,0.11161157275551735,0.012457143172960143,0.09950706270878905,0.09837496981070498,0.009677634685257118,0.1611328125,0.16513401697506347,0.027269243562320546,0.1767578125,0.15747179219485985,0.02479736533706112,0.1556902217153063,0.13772432744512983,0.018967990370213343,0.14672135810890902,0.13260122265775937,0.017583084250332677,0.100949346731696,0.10147279238286688,0.010296727593976407,0.046243078673377055,0.03967021547724521,0.0015737259960110655,-0.013486324456910004,0.012044040434003048,0.021067590784693696,,,,,,,,,
tianyan-287__message_0019,message,1024,1024,1024,True,True,0.14172548898753837,0.12805113971541565,0.016397094382416898,0.055198315029195505,0.0686781566357896,0.0047166891988900525,0.16015625,0.16316403513807753,0.026622502362539803,0.1640625,0.16309256782702775,0.026599185680413646,0.2323222660562491,0.20929533379912035,0.04380453675008521,0.14158119627964771,0.14589883123679925,0.021286468956264033,0.06927459762471477,0.08860237915038838,0.007850381591109177,0.13439253971059759,0.11915921489940218,0.01419891849544191,-0.08652717395834286,0.0724508913628236,-0.06825976605624909,,,,,,,,,
tianyan-287__message_0020,message,1024,1024,1024,True,True,0.13790570337073732,0.12357981134237281,0.015271969771416455,0.08652566136119304,0.09756958942737555,0.009519824781026634,0.1484375,0.14922939327723772,0.02226941181789248,0.17578125,0.15387538794887903,0.02367763501641803,0.13861085263674433,0.1295014221131434,0.016770618329326546,0.14664961749544342,0.13504719828826914,0.018237745765511085,0.08378824860839999,0.08805586839557952,0.007753835958899621,0.08455926851946814,0.0777414669993904,0.006043735691217307,-0.05138004200954428,0.05411745476233733,0.03717039736325567,,,,,,,,,
tianyan-287__message_0021,message,1024,1024,1024,True,True,0.10181121076408524,0.09531310118682104,0.009084587257849188,0.10661031626336996,0.0938839479683456,0.008814195686123023,0.142578125,0.13409975220069115,0.01798274354028677,0.1630859375,0.16470818226218606,0.0271287853041135,0.12816758294565833,0.13125900168286933,0.017228925522783496,0.12248772740212316,0.1346053345130157,0.018118596079360855,0.0948632600018898,0.09266918200959146,0.008587577294326788,0.044509317304221425,0.038714180568993124,0.0014987877771286046,0.004799105499284723,0.00694795076219544,0.03491835455434167,,,,,,,,,
tianyan-287__message_0022,message,1024,1024,1024,True,True,0.09585118179348942,0.09801983968146909,0.009607888971180902,0.0889152385407415,0.09715351670460828,0.009438805808072602,0.119140625,0.126993642418637,0.016127385214752637,0.1904296875,0.17688338777492366,0.03128773287073401,0.143162380963017,0.13822227702826356,0.019105397866878034,0.15964026403473575,0.1534020767070592,0.023532197138038467,0.09547617196711426,0.08904928219140441,0.007929774658804376,0.04117946236252083,0.03504857970492975,0.0012284029393328135,-0.00693594325274792,0.00037500982637515834,0.047267306536982995,,,,,,,,,
tianyan-287__message_0023,message,1024,1024,1024,True,True,0.07181120041638281,0.06979953861992617,0.004871975591554565,0.07328869679668766,0.06704767283355391,0.004495390432395283,0.123046875,0.11769445004743953,0.013851983571969238,0.2099609375,0.17740885854030367,0.03147390308857348,0.17259404094507313,0.1474001859572248,0.02172681482022445,0.18323476390221022,0.15737190630289416,0.024765916893406896,0.09100464477862716,0.09030409782508494,0.008154830084002512,0.04031420241605377,0.03433622657143734,0.0011789764551650797,0.0014774963803048519,-0.01919344436224435,0.037366896554926865,,,,,,,,,
tianyan-287__message_0024,message,1024,1024,1024,True,True,0.10531597685975662,0.0917125184385569,0.008411186038342641,0.10439537099492893,0.09181109771706623,0.008429277664012684,0.1494140625,0.13854281759535025,0.019194112307258492,0.1767578125,0.15601359183071498,0.024340240835920932,0.1559230258917999,0.1366490413782333,0.01867296050959012,0.16577023104596034,0.15075563584586035,0.022727261739289656,0.08513804124682417,0.08265833511169567,0.006832400363437381,0.04200697796473467,0.03655746813277568,0.0013364484762789096,-0.0009206058648276866,0.02017793561293245,0.020834786608200095,,,,,,,,,
tianyan-287__message_0025,message,1024,1024,1024,True,True,0.13111806523482328,0.11723320426307894,0.013743624181788792,0.08821573587070992,0.08555965374161456,0.007320454348384978,0.140625,0.1473525410939529,0.02171277136684508,0.1767578125,0.1671379376331399,0.027935090196259355,0.22519898571346192,0.1965494482599603,0.038631685611294805,0.15457024963547542,0.13275216947619692,0.017623138500636907,0.09267123480315145,0.09757846833032763,0.009521557481692752,0.10246245989198423,0.0917583751244604,0.008419599405481194,-0.042902329364113354,0.038446830431671825,-0.04844117321346192,,,,,,,,,
tianyan-287__message_0026,message,1024,1024,1024,True,True,0.11894492866844555,0.11656760445759251,0.013588006408981742,0.10275782484949972,0.09871831623589358,0.00974530596044989,0.15625,0.16009871277964927,0.025631597833700635,0.1982421875,0.18971177489178054,0.03599055753258962,0.16318704349877416,0.14992355509799182,0.02247707237322059,0.1735055285854386,0.16403035667087995,0.02690595790957609,0.10675502389132938,0.09348801786533674,0.008740009484389522,0.08745779144282173,0.07786102590512725,0.0060623393549988965,-0.016187103818945836,0.012189904777116178,0.035055144001225835,,,,,,,,,
tianyan-287__message_0027,message,1024,1024,1024,True,True,0.12516140595264064,0.11421430312186762,0.013044907037613858,0.08994017701114566,0.08918166462489882,0.007953369305267929,0.1572265625,0.16142200952651398,0.026057065159577966,0.193359375,0.19459655002501525,0.037867817281638266,0.15886181595502122,0.14905108386612828,0.022216225601667604,0.17201524174634855,0.16556790496756846,0.027412731155349777,0.09454539348680127,0.0978862484670795,0.009581717638958823,0.0875248570866194,0.07786084454717504,0.006062311113599356,-0.03522122894149497,0.030616012465839365,0.03449755904497878,,,,,,,,,
tianyan-287__message_0028,message,1024,1024,1024,True,True,0.09776258207756497,0.09135481879189347,0.008345702916499692,0.08721942451150591,0.08550690649904306,0.007311431059036093,0.1474609375,0.136169001390029,0.018541996939557714,0.189453125,0.17445421309869186,0.03043427246788379,0.15653173030423861,0.146694529408139,0.021519284958275365,0.16053919298327676,0.14977972488692645,0.022433965987203378,0.10689638241866256,0.09508662530259267,0.009041466311435655,0.02759503739770349,0.023624101500869032,0.0005580981717233625,-0.010543157566059058,-0.009133800341097592,0.032921394695761386,,,,,,,,,
tianyan-287__message_0029,message,1024,1024,1024,True,True,0.10445005828205489,0.09614350175818077,0.009243572930325308,0.10325022232715207,0.08942231150753335,0.007996349795350332,0.126953125,0.12080541079660001,0.014593947277735282,0.1806640625,0.17766727684790737,0.03156566126255096,0.13648844291434636,0.1411772256272081,0.019931009035795623,0.1545488767447626,0.15543531376587158,0.02416013676549495,0.09834311480550025,0.09697716776348854,0.0094045710674278,0.04213810375417462,0.0354178790295223,0.0012544261549498753,-0.0011998359549028198,0.0061069434765546465,0.044175619585653636,,,,,,,,,
tianyan-287__message_0030,message,1024,1024,1024,True,True,0.1167593425217648,0.10677420129567967,0.011400730062330324,0.09880414828356116,0.09250312958694949,0.00855682898337997,0.1376953125,0.12749922056511762,0.016256051244712508,0.1767578125,0.15599290405040858,0.024333786114079978,0.1670433056202496,0.1469138443879339,0.021583677672842052,0.15855180938973823,0.13970998504146123,0.01951887992028532,0.09814174105541655,0.08508270317543679,0.007239066379639482,0.04867587131288859,0.041552186593891656,0.0017265842107335894,-0.017955194238203645,0.01861760146634825,0.009714506879750395,,,,,,,,,
tianyan-287__message_0031,message,1024,1024,1024,True,True,0.08535138452987087,0.0767599923269984,0.005892096422040853,0.07351715423852773,0.0662071644598129,0.004383388625808712,0.115234375,0.11322226747584946,0.0128192818523728,0.19140625,0.17784716634346473,0.03162961457640002,0.16397369541970674,0.1567148417646912,0.0245595416293322,0.1806752709799308,0.17422739504953882,0.03035518518574807,0.08022189986591152,0.08444894887765228,0.007131624966540328,0.054033945655289545,0.0471789017865829,0.0022258487737880353,-0.011834230291343145,0.005129484663959349,0.027432554580293256,,,,,,,,,
tianyan-287__message_0032,message,1024,1024,1024,True,True,0.11957803024151084,0.11537426829661374,0.013311221784979009,0.09188004067456096,0.09237402509932441,0.008532960513050617,0.16796875,0.1584851131109171,0.025117531077780184,0.1806640625,0.17427503800844057,0.03037178887284341,0.19064372318820272,0.17703590636083852,0.031341712141003585,0.15643839622397432,0.14237886927246862,0.020271742415306708,0.12271757214732079,0.12023937186052264,0.014457506545413043,0.07696148067063682,0.0668718945677877,0.004471850283085314,-0.027697989566949882,-0.0031395419058099505,-0.009979660688202718,,,,,,,,,
tianyan-287__message_0033,message,1024,1024,1024,True,True,0.10991440698417859,0.0976550326539645,0.009536505402646871,0.09578368853587882,0.08805490842304196,0.0077536668973903055,0.14453125,0.14154417676116327,0.020034753974995427,0.193359375,0.18097353039183622,0.03275141870248487,0.15461326461628183,0.14583543659456427,0.021267974566727174,0.18184000793782223,0.16270012952733026,0.02647133214821004,0.09139016225265902,0.09675177395013773,0.00936090576249855,0.08953627550417648,0.08090719560193609,0.006545974300169946,-0.014130718448299773,0.018524244731519576,0.03874611038371817,,,,,,,,,
tianyan-287__message_0034,message,1024,1024,1024,True,True,0.10985830776290198,0.10602111946670842,0.01124047777297406,0.10949928504887418,0.10316665984367572,0.010643359703300694,0.1357421875,0.1295605810876411,0.016785944171767223,0.208984375,0.18337265611871092,0.033625531012031015,0.1546494850431366,0.14270663674231093,0.020365184170301892,0.15689851790668966,0.1454610029527954,0.02115890338003315,0.08859158644074222,0.0833095568170994,0.006940482257061511,0.04105778435657998,0.035297165720964564,0.0012458899079332358,-0.00035902271402779573,0.02126672132215976,0.05433488995686339,,,,,,,,,
tianyan-287__message_0035,message,1024,1024,1024,True,True,0.10439843696509168,0.09317597186997317,0.008681761733914032,0.0851683579871315,0.07841109340030958,0.006148299568232072,0.1474609375,0.1329044312015714,0.017663587833013226,0.208984375,0.19924747678955101,0.03969955700700267,0.1690679072365275,0.16822599594348614,0.02829998571117781,0.1820660920588158,0.1826958882240618,0.033377787573978884,0.09468295912532937,0.08751497221359945,0.007658870361547085,0.05668421415298294,0.04971565118561108,0.0024716459728093528,-0.019230078977960183,0.009715477839762315,0.03991646776347249,,,,,,,,,
tianyan-287__message_0036,message,1024,1024,1024,True,True,0.1055638749085762,0.09831921386214919,0.009666667814471029,0.09584930154975062,0.08946030430425185,0.008003146046209341,0.138671875,0.1382379998875453,0.01910974461290897,0.19140625,0.18052237670696902,0.03258832849193283,0.15676376784603446,0.14746356686497625,0.02174550355254132,0.1591830475158048,0.15254914281040496,0.023271240972189328,0.0812897409403727,0.08556738914611396,0.007321778085282502,0.04132505532561409,0.034478732870181494,0.0011887830203333337,-0.009714573358825584,0.024274133968203507,0.03464248215396554,,,,,,,,,
tianyan-287__message_0037,message,1024,1024,1024,True,True,0.10429837781128645,0.08806463481175772,0.00775537990452825,0.08812893116474496,0.07554901718159028,0.005707653997104224,0.15234375,0.13319993938134597,0.017742223851194245,0.2197265625,0.1897518148739369,0.03600575124795283,0.1908235759905655,0.1570907833198594,0.02467751420404702,0.18884047407211535,0.16182271619339164,0.02618659147620698,0.09439899084439497,0.08619390542243283,0.007429389331971294,0.053058292552717795,0.04394378859726098,0.001931056556280764,-0.01616944664654149,0.00989938696689148,0.028902986509434486,,,,,,,,,
tianyan-287__message_0038,message,1024,1024,1024,True,True,0.16289479260889633,0.1529899418876809,0.02340592231879598,0.09182076456054922,0.08762866226849716,0.0076787824509663375,0.1796875,0.18243120736415086,0.033281145420341815,0.1708984375,0.15764955730475674,0.024853382918385777,0.2279515655861086,0.20333002098704267,0.04134309743459121,0.15180619704493659,0.14137096067148663,0.01998574852117902,0.08564758099917881,0.09777361208150966,0.009559679219465532,0.1385249608250067,0.12631261584826764,0.015954876922432033,-0.07107402804834712,0.07724721160971752,-0.0570531280861086,,,,,,,,,
tianyan-287__message_0039,message,1024,1024,1024,True,True,0.10776364858331226,0.1049276839586327,0.011009818860922706,0.08503945779162674,0.09519477949037239,0.009062046042220624,0.146484375,0.1651042922905569,0.027259427332765644,0.189453125,0.1826534591189936,0.03336228612813387,0.15088203165113237,0.14196722715023238,0.020154693584725682,0.16640444271260835,0.15545033165241606,0.02416480561084615,0.07595752485399737,0.09722846720800632,0.00945337483561836,0.08988545179053316,0.08176634420658645,0.006685735044909974,-0.022724190791685528,0.03180612372931489,0.03857109334886763,,,,,,,,,
tianyan-287__message_0040,message,1024,1024,1024,True,True,0.1383014460474998,0.11978984434958548,0.014349606809297914,0.10028417176752688,0.0972232248957538,0.009452355459130321,0.1630859375,0.15295439331953053,0.02339504643574565,0.2275390625,0.2060645206794068,0.042462586682833675,0.17605439127796282,0.16036550530017632,0.02571709529018088,0.19699935242277006,0.18536562436357748,0.034360414695698914,0.10805253215252811,0.09958269857806741,0.009916713856090229,0.08928772430508661,0.08099399201257486,0.006560026742133039,-0.038017274279972924,0.030248913894971696,0.051484671222037176,,,,,,,,,
tianyan-287__message_0041,message,1024,1024,1024,True,True,0.11866479986592796,0.11189458815976568,0.012520398859443574,0.11222724977149326,0.10441410567923463,0.010902305464794378,0.1328125,0.1181658224993205,0.01396316160694092,0.1865234375,0.17504272161250767,0.03063995438951386,0.16293801300363675,0.14619645809405798,0.021373404359247655,0.15966771696833426,0.14511330065228323,0.021057870026199944,0.07101328948904306,0.07111870132535845,0.005057869678205543,0.05080910989229474,0.04238346811383961,0.001796358369356859,-0.006437550094434696,0.04765151037688489,0.02358542449636325,,,,,,,,,
tianyan-287__message_0042,message,1024,1024,1024,True,True,0.11617381113071848,0.11265269421888399,0.012690629514773379,0.1016342672824092,0.10949707834152486,0.011989610165330032,0.1416015625,0.14182094762511138,0.020113181185284584,0.2099609375,0.21020013139524787,0.04418409523857947,0.15284408691143203,0.14556412547015857,0.02118891462389207,0.17319114937983626,0.16314270091516545,0.026615540861895125,0.08817550198853452,0.08607966200792876,0.007409708211399253,0.05866790550710164,0.051675600603668125,0.0026703676977498257,-0.014539543848309286,0.027998309142183958,0.05711685058856797,,,,,,,,,
tianyan-287__message_0043,message,1024,1024,1024,True,True,0.14507620021216033,0.13769190156322136,0.01895905975609584,0.0830410275022334,0.09073024862187457,0.008231978014987172,0.205078125,0.1997006400776024,0.0398803456474041,0.169921875,0.15574315076916578,0.024255929011507103,0.17645862163767825,0.1589759402504499,0.02527334957851462,0.14715048637672515,0.13171770737126623,0.017349554435142522,0.0965921903358728,0.10998725757512433,0.012097196828896744,0.11019401118646967,0.09527210069075218,0.009076773170028822,-0.062035172709926936,0.04848400987628754,-0.0065367466376782535,,,,,,,,,
tianyan-287__message_0044,message,1024,1024,1024,True,True,0.11245337354023557,0.11665587467138554,0.01360859309534601,0.10619302675532921,0.09674091321980778,0.00935880429060238,0.1484375,0.1597404106070042,0.0255169987808943,0.1591796875,0.15949618066079535,0.025439031645381072,0.15842186776616035,0.14695326336426034,0.02159526161340566,0.12403290942248538,0.12614923429605154,0.01591362931348011,0.09948040420296692,0.10885581536348578,0.011849588538449307,0.09722992746890569,0.0840134492629048,0.007058259657050679,-0.006260346784906362,0.012972969337268658,0.0007578197338396486,,,,,,,,,
tianyan-287__message_0045,message,1024,1024,1024,True,True,0.23106128591152192,0.29065863472484504,0.08448244194011088,0.08086515843775319,0.10495543490821845,0.01101564331677328,0.236328125,0.30568491089780436,0.09344326475059858,0.1689453125,0.207478987200773,0.04304753012985853,0.2853917739361248,0.3224083687504188,0.10394715624030601,0.1531709730986874,0.1752675481439957,0.030718713432407847,0.03790289584033634,0.06868152392496445,0.004717151728655463,0.25282395491905785,0.3141283095569238,0.09867659486509053,-0.15019612747376873,0.19315839007118557,-0.1164464614361248,,,,,,,,,
tianyan-287__message_0046,message,1024,1024,1024,True,True,0.14759620389419065,0.13286349912847822,0.017652709400663137,0.08977321527342333,0.10204313202269356,0.01041280079300087,0.173828125,0.1664182787433721,0.02769504349990669,0.2060546875,0.20313097735400462,0.04126219396079314,0.16147996875913534,0.15984375634585757,0.025550026442753886,0.17531863644639722,0.17343055322751805,0.03007815679280297,0.07864113113022592,0.08916486177840167,0.007950372575961475,0.09074733359740766,0.0814259782695026,0.0066301899371455095,-0.05782298862076732,0.06895507276396473,0.04457471874086466,,,,,,,,,
tianyan-287__message_0047,message,1024,1024,1024,True,True,0.08762892387796534,0.08232544214061668,0.006777478423648026,0.08576459168255447,0.07795498707741709,0.006076980010240266,0.1181640625,0.1119114127384001,0.012524164301104543,0.1787109375,0.16014557265283325,0.02564660444030389,0.15835866365069265,0.14210172288111755,0.020192899645781928,0.15809311473703197,0.1446088078003612,0.020911707293441807,0.08398532185337257,0.0817566580014932,0.006684151127573123,0.05064280809292873,0.04390832374753965,0.0019279408943187542,-0.0018643321954108644,0.003643602024592768,0.02035227384930735,,,,,,,,,
tianyan-287__message_0048,message,1024,1024,1024,True,True,0.10857307034127829,0.09618939905188452,0.009252400489962682,0.10023140700648317,0.08993142277307127,0.008087660801988882,0.1474609375,0.13558362787205822,0.01838292014694876,0.19921875,0.19076787008757792,0.036392380257751,0.17819921720021975,0.15822935844041955,0.025036529872466767,0.17378628570254068,0.16190140875397432,0.026212066156521475,0.10077488685481203,0.08802470095568722,0.007748347978338163,0.036067854858452444,0.030852991271091954,0.0009519070703740762,-0.008341663334795121,0.007798183486466256,0.02101953279978025,,,,,,,,,
tianyan-287__message_0049,message,1024,1024,1024,True,True,0.09541789943662815,0.09231240563011903,0.00852158023321963,0.08600467534845371,0.08441757534586168,0.007126327027274235,0.1201171875,0.11447935055033814,0.013105521702427207,0.17578125,0.15823671294752908,0.02503885732443872,0.167060117614255,0.14183676396063627,0.02011766761082525,0.15431432810993131,0.13462544299287418,0.018124009901027617,0.08974171449921853,0.0798844238310819,0.006381521170823925,0.04465867687525114,0.0385711274579016,0.001487731873373691,-0.009413224088174438,0.005676184937409623,0.008721132385745012,,,,,,,,,
tianyan-287__message_0050,message,1024,1024,1024,True,True,0.11181759529895316,0.10060812738600862,0.010121995296119337,0.09987806524408309,0.09342440168294014,0.008728118829815348,0.1513671875,0.13726624190240902,0.01884202116601067,0.177734375,0.16366984758261535,0.026787819007716537,0.1358853796171731,0.1360890510705306,0.018520229821277483,0.14131273288154392,0.1364342215172504,0.01861429680101815,0.0974129692731647,0.08425810070646628,0.0070994275346610135,0.04997224791622273,0.04390378892815601,0.0019275426822480742,-0.01193953005487007,0.014404626025788458,0.04184899538282691,,,,,,,,,
tianyan-287__message_0051,message,1024,1024,1024,True,True,0.19871566795155093,0.1887399666539374,0.03562277501252941,0.07128138962081057,0.08405181303611564,0.007064707274658138,0.224609375,0.22991955041105125,0.052862999661219934,0.1982421875,0.18884355868824898,0.03566188965804214,0.2474909418801363,0.23937994747758926,0.057302759254373385,0.17014140341957074,0.1685338316125333,0.028403652398001727,0.06384725995492542,0.09072973702268432,0.008231885180205453,0.17757980984638794,0.1793475696437595,0.03216555073712317,-0.12743427833074036,0.13486840799662553,-0.04924875438013629,,,,,,,,,
tianyan-287__message_0052,message,1024,1024,1024,True,True,0.11124989431873082,0.11064260309417148,0.012241785619454364,0.08210657882613212,0.08416952852024717,0.007084509531320702,0.1259765625,0.13703729158859365,0.018779219285937242,0.1865234375,0.16366022930070417,0.026784670654759066,0.15307704291711277,0.13220863557629764,0.017479123320946276,0.16034071543216694,0.14338360650656762,0.02055885861483022,0.07855293922615669,0.08323939735180606,0.006928797271491858,0.09001895112020085,0.08052459548235923,0.006484210477597587,-0.0291433154925987,0.03269695509257413,0.03344639458288723,,,,,,,,,
tianyan-287__message_0053,message,1024,1024,1024,True,True,0.14300726464215432,0.12107797437651632,0.014659875879120342,0.08986561163820227,0.08794529627950108,0.007734375137689226,0.1708984375,0.17071465231354868,0.029143492514535817,0.1982421875,0.17940780903767795,0.032187161943699916,0.17574427559331066,0.16087883790334545,0.0258820004851309,0.18190066986196324,0.1641597729973093,0.02694843107052812,0.09130436458787719,0.09856584996698359,0.009715226779713919,0.0901102804791519,0.08057550540025263,0.00649241207050614,-0.05314165300395206,0.051702900054277134,0.022497911906689344,,,,,,,,,
tianyan-287__message_0054,message,1024,1024,1024,True,True,0.10210887648162702,0.09786558241546016,0.009577672221517224,0.08624535605573473,0.08194976743022334,0.0067157643818676945,0.1376953125,0.1343059217817398,0.018038080625642813,0.1796875,0.16287022200984771,0.02652670921753708,0.15463603001418105,0.13433287728664672,0.018045321920109287,0.1501362716543141,0.13365493852600338,0.017863642592389744,0.08779225517523255,0.08663830852429213,0.0075061965039504314,0.06094238508343392,0.05351093063053931,0.00286341969694639,-0.015863520425892286,0.014316621306394467,0.025051469985818947,,,,,,,,,
tianyan-287__message_0055,message,1024,1024,1024,True,True,0.10180691068800655,0.08858589178288293,0.007847460222968644,0.08599542111807189,0.07447232686132935,0.005546127468140677,0.1572265625,0.13764269806025087,0.018945512329305386,0.2001953125,0.1902970235145498,0.03621295715849712,0.15707737999039245,0.14596059820359664,0.02130449622795178,0.16872425617202363,0.16077855138056354,0.025849742584032515,0.09685654653775946,0.08803161238984496,0.007749564779955904,0.05020859990618544,0.04374685029180234,0.001913786910453367,-0.015811489569934667,0.004950364150247091,0.04311793250960755,,,,,,,,,
tianyan-287__message_0056,message,1024,1024,1024,True,True,0.08844732957765031,0.08616834801853465,0.007424984200243305,0.08605009414652971,0.08403310301843143,0.007061562402906311,0.130859375,0.12063493355679183,0.014552787194251581,0.1806640625,0.16761952950518008,0.028096306671537938,0.17094923576828694,0.1550630364212683,0.024044545264183582,0.1733963659877647,0.15646298968661274,0.024480667141673088,0.08824014063376404,0.08084648560799033,0.006536154235162988,0.024050706353970285,0.02026449564597909,0.00041064978378590555,-0.002397235431120595,0.00020718894388627174,0.009714826731713061,,,,,,,,,
tianyan-287__message_0057,message,1024,1024,1024,True,True,0.09797012016183666,0.08947530647076597,0.008005830468037494,0.09115684686206327,0.08473370894140132,0.007179801430966114,0.1259765625,0.13795183270486636,0.019030708146631437,0.16796875,0.156983271404997,0.02464374750101495,0.14035145790706324,0.1374229632156065,0.018885070818957933,0.13024164228455765,0.1303149360128476,0.016981982548032567,0.08505953417883741,0.0952221689033505,0.009067261450658212,0.05282359851491447,0.045315111120763724,0.002053459295887164,-0.006813273299773395,0.012910585982999254,0.027617292092936757,,,,,,,,,
tianyan-287__message_0058,message,1024,1024,1024,True,True,0.16722256444164793,0.17813517136607526,0.031732139277620995,0.07985618609030398,0.09754611091012223,0.009515243753689867,0.162109375,0.19167660709256576,0.036739921706517825,0.193359375,0.1725305248665995,0.029766782010744314,0.2817950537461561,0.24823598260394544,0.0616211030593463,0.14984834148179543,0.13853754020494738,0.01919265004603741,0.06357190963330703,0.08594378424012725,0.007386334049513546,0.1663879602252604,0.16589949926584363,0.027522643856657647,-0.08736637835134395,0.1036506548083409,-0.0884356787461561,,,,,,,,,
tianyan-287__message_0059,message,1024,1024,1024,True,True,0.1292156943016176,0.12065452290302939,0.014557513896957645,0.09851577611871268,0.08923790280726895,0.007963403297439579,0.169921875,0.1598801811148925,0.025561672313330827,0.205078125,0.18866318263244755,0.03559379648100426,0.1534503271769939,0.1371043703702636,0.018797608374626417,0.17492559052248896,0.1620792812452677,0.02626969340898258,0.09664918409105018,0.09465739390157696,0.008960022220238298,0.08969354086032258,0.08060533608737007,0.006497220205757884,-0.030699918182904934,0.03256651021056743,0.05162779782300611,,,,,,,,,
tianyan-287__message_0060,message,1024,1024,1024,True,True,0.11383314352792853,0.11300403147824234,0.012769911130335584,0.10290094644236981,0.09937073462644888,0.009874542900200126,0.14453125,0.14323864047958518,0.020517308126439857,0.1962890625,0.1849334821449014,0.03420039281823856,0.1659606778283144,0.15967761453499843,0.025496940583587542,0.1655676740902951,0.15443968028954771,0.02385161484793771,0.08741597471281969,0.08952896612334922,0.008015435775115813,0.07371845966530279,0.06518604142152687,0.004249219996209017,-0.010932197085558717,0.026417168815108846,0.03032838467168561,,,,,,,,,
tianyan-287__message_0061,message,1024,1024,1024,True,True,0.08976691528322861,0.08719246198789225,0.007602525427510036,0.08719657697131156,0.08452121486620418,0.007143835762459054,0.1337890625,0.13040215965333962,0.017004723242255073,0.2109375,0.1990391878214217,0.03961659828861118,0.17474655147494011,0.1640934213921034,0.02692665094416641,0.1817744748987647,0.17414139936616782,0.03032522697320715,0.08872510121107172,0.09900270253617877,0.009801535109467099,0.035236563071420576,0.03089516778884871,0.0009545113927011148,-0.002570338311917053,0.0010418140721568936,0.036190948525059885,,,,,,,,,
tianyan-287__message_0062,message,1024,1024,1024,True,True,0.10754926835384683,0.10288357519817923,0.0105850300455594,0.10372287828507097,0.10074384569793249,0.01014932244600883,0.1201171875,0.12283288941471543,0.015087918721967708,0.177734375,0.16142946884814716,0.026059473412594916,0.1306652865750011,0.12206017276626109,0.014898685775729507,0.1485823446689226,0.1356839470058748,0.018410133475093043,0.09060034391377483,0.09902299496398136,0.009805553531636677,0.04891239472057242,0.042216827200251994,0.0017822604988559365,-0.003826390068775859,0.016948924440071997,0.047069088424998906,,,,,,,,,
tianyan-287__message_0063,message,1024,1024,1024,True,True,0.101663634161408,0.10386300137659848,0.0107875230549553,0.10261369955732191,0.1007253651196382,0.010145599178484427,0.130859375,0.12752616663240776,0.01626292317595663,0.216796875,0.1992986330553677,0.039719945137738105,0.1685095399313739,0.1527937879088877,0.02334594162354616,0.1679975197313579,0.15713509591098232,0.024691438366953616,0.08381807814718178,0.09494483486118659,0.00901452166681799,0.047514685604077275,0.04054042024909373,0.0016435256739731293,0.0009500653959139127,0.017845556014226216,0.04828733506862609,,,,,,,,,
tianyan-287__message_0064,message,1024,1024,1024,True,True,0.19077515659009653,0.18321575174616322,0.03356801168791171,0.08111244882558256,0.09946483826204351,0.009893254050494476,0.1962890625,0.2273075119726114,0.051668704999178874,0.130859375,0.1500391402240112,0.022511743599160503,0.22903917198894735,0.21444888907174325,0.04598832602410484,0.11190469424981839,0.12029121764122144,0.014469977041607705,0.0719142527718408,0.10311721206144597,0.01063315942332522,0.17714433465928994,0.1820482501173533,0.03314156537079042,-0.10966270776451396,0.11886090381825573,-0.09817979698894735,,,,,,,,,
tianyan-287__message_0065,message,1024,1024,1024,True,True,0.13488624078305952,0.12027873065629874,0.01446697304829046,0.08953757426495068,0.08879130781562249,0.007883896343608622,0.150390625,0.15670033566367592,0.0245549951971087,0.181640625,0.18395846283209744,0.033840716047548174,0.12428348575896708,0.12931720650261405,0.016722939897639726,0.14727012820666696,0.15319690852151777,0.023469292780550283,0.0874094902250767,0.0997403410591322,0.009948135634592011,0.09247235371469475,0.08421483614569712,0.007092138627046614,-0.04534866651810884,0.047476750557982825,0.05735713924103292,,,,,,,,,
tianyan-287__message_0066,message,1024,1024,1024,True,True,0.11025544326084569,0.10824399172347063,0.011716761744230777,0.101882649959954,0.10075415992234285,0.01015140074165704,0.1376953125,0.1538310666209975,0.023663997057753766,0.1748046875,0.15581867498040372,0.024279459472648694,0.1497085253208597,0.14168225554847072,0.020073861537302163,0.14872379193657403,0.14497211736216023,0.021016914812467962,0.07633715447121031,0.09315611562188957,0.008678061877758856,0.09350219114838512,0.08450533605371065,0.007141151821550569,-0.00837279330089169,0.033918288789635376,0.02509616217914029,,,,,,,,,
tianyan-287__message_0067,message,1024,1024,1024,True,True,0.1002820202996732,0.08284715599137801,0.006863651255859721,0.09012229202034817,0.07756129550829116,0.0060157545609244665,0.1279296875,0.11200367547695994,0.012544823320348158,0.1875,0.17107301084613505,0.029265975039961836,0.18129120893430115,0.15380250300247764,0.02365520992982714,0.19149769703770286,0.16104242425410223,0.02593466240963825,0.08398171101791016,0.08057922348642065,0.006493011257674525,0.02961719136451828,0.025172804072478867,0.0006336700648714086,-0.010159728279325028,0.016300309281763042,0.006208791065698854,,,,,,,,,
tianyan-287__message_0068,message,1024,1024,1024,True,True,0.0972579325534885,0.09454665724488716,0.008939070396182174,0.07642652290702108,0.07962213115314268,0.006339683769368254,0.1357421875,0.1415312899760917,0.020031106042296555,0.171875,0.1700715625501478,0.02892433638824883,0.17254814033583638,0.14837113170822558,0.022013992724379622,0.16331505113334488,0.14623300704856534,0.02138409235046576,0.09790792872490853,0.09792869038329514,0.009590028400187283,0.0691925424732151,0.0589224694469126,0.003471857405722349,-0.020831409646467416,-0.0006499961714200309,-0.0006731403358363752,,,,,,,,,
tianyan-287__message_0069,message,1024,1024,1024,True,True,0.10996015602334619,0.09863183095940525,0.009728238078404693,0.09118917206430488,0.08974619150254044,0.008054378889210663,0.142578125,0.1353360201340938,0.018315838345735844,0.205078125,0.17497852981390585,0.030617485895835943,0.18591631157037908,0.15744754136992842,0.02478972828343532,0.19180572717071515,0.16276503740430462,0.026492457401224686,0.08020247537006117,0.08270157698943166,0.006839550836538892,0.05248716644336743,0.045154151995850954,0.0020388974424644106,-0.01877098395904131,0.029757680653285018,0.019161813429620922,,,,,,,,,
tianyan-287__message_0070,message,1024,1024,1024,True,True,0.1064216156398285,0.09154626912471814,0.008380719390655322,0.09479453847167786,0.08496609155746168,0.0072192367145509605,0.1435546875,0.1376577892172819,0.018949666932189607,0.16796875,0.1547489483143105,0.023947237004385138,0.15175676397186597,0.13490923262896273,0.018200501048535586,0.14644718322949424,0.1314113609634897,0.017268945790276588,0.09570943151381608,0.09473951428778334,0.008975575567485102,0.0347394015073139,0.029888727924716186,0.0008933360569577092,-0.011627077168150646,0.010712184126012422,0.016211986028134034,,,,,,,,,
tianyan-287__message_0071,message,1024,1024,1024,True,True,0.2645188534598605,0.31834954038298974,0.1013464298620608,0.08148888759771386,0.11864930361559278,0.014077657248465119,0.2646484375,0.33179864835117434,0.11009034304766625,0.146484375,0.19490420360011315,0.03798764858099436,0.3040904366331192,0.33932517733198353,0.11514157597138205,0.13502553933991324,0.19213622483268808,0.03691632889295726,0.05379361112324427,0.07600084858922437,0.005776128986282209,0.2510516920637999,0.30947858936855477,0.09577699727755055,-0.18302996586214662,0.21072524233661621,-0.1576060616331192,,,,,,,,,
tianyan-287__message_0072,message,1024,1024,1024,True,True,0.1548038460521126,0.1288094984408949,0.016591886888594903,0.10190038791854429,0.0921026694794015,0.008482901725231877,0.1630859375,0.15238371592068506,0.023220796877796043,0.19140625,0.16722081244406897,0.02796280011445449,0.1427865733935496,0.13403635524947544,0.01796574452856358,0.15930255430439752,0.14833159157104847,0.02200226105800034,0.07725849915182623,0.0910386359391001,0.008288033233652008,0.09033824324637355,0.08081089496092905,0.006530400744386309,-0.052903458133568296,0.07754534690028636,0.04861967660645039,,,,,,,,,
tianyan-287__message_0073,message,1024,1024,1024,True,True,0.10986543831100053,0.09492672877315912,0.009011083835572916,0.08746952750844382,0.08280792140307783,0.006857151847098314,0.1298828125,0.11393784462676511,0.012981832438192868,0.1904296875,0.17402134575437872,0.030283428778165023,0.1745294703711484,0.15492269692159844,0.024001042021461447,0.18173204204327809,0.1579267597349542,0.024940861440381955,0.08494297959987726,0.08129003838726652,0.006608070341003264,0.05225837460186111,0.044279909172149336,0.001960710356293795,-0.022395910802556707,0.024922458711123266,0.01590021712885159,,,,,,,,,
tianyan-287__message_0074,message,1024,1024,1024,True,True,0.13662338621706063,0.12642964366435308,0.015984454797095295,0.09663549139633257,0.09544479484711399,0.009109708863407678,0.171875,0.18694890027444172,0.03494989131382316,0.1572265625,0.14939002121494155,0.022317378438600686,0.17628810235555226,0.15311697611304062,0.023444808374001452,0.151021779449056,0.14176197039483213,0.020096456250225263,0.07596429306103061,0.1072072427173812,0.011493392891063487,0.10881994212259638,0.09070012420231974,0.008226512530316227,-0.039987894820728065,0.06065909315603002,-0.019061539855552256,,,,,,,,,
tianyan-287__message_0075,message,1024,1024,1024,True,True,0.14224239173739386,0.13369463590489164,0.01787425566974154,0.08646967811758159,0.10577315125590274,0.011187959526604079,0.169921875,0.18285546590042479,0.03343612140966141,0.177734375,0.1878890491573885,0.035302294793267554,0.21789396334280076,0.1908628631842625,0.0364286325428945,0.16034750787680863,0.1686116967084765,0.028429904266911263,0.07966035719736522,0.10833992288827966,0.011737538891438384,0.11592520958000169,0.10372637007417669,0.010759159848765057,-0.05577271361981227,0.06258203454002864,-0.040159588342800756,,,,,,,,,
tianyan-287__message_0076,message,1024,1024,1024,True,True,0.09860439982990443,0.08927714691545884,0.00797040896136442,0.09809954358287012,0.08483292036858293,0.0071966243782623325,0.125,0.11713816734702609,0.01372135024941989,0.166015625,0.15949862630898423,0.025439811794452993,0.1440581573356733,0.13754838995387306,0.018919559578902727,0.15391492522847444,0.1444908697739014,0.02087761144801854,0.10040828638660194,0.08861209983219091,0.007852104236670168,0.04008873428039881,0.03466306683772282,0.0012015282025964395,-0.0005048562470343076,-0.001803886556697512,0.021957467664326713,,,,,,,,,
tianyan-287__message_0077,message,1024,1024,1024,True,True,0.2344064214269576,0.248739133454975,0.06187115651193187,0.06476299994943774,0.10127245702972013,0.010256110552836508,0.2421875,0.28021166077084075,0.07851857483195274,0.1455078125,0.19175244122680693,0.03676899871644004,0.2895816385803317,0.29926885501843453,0.0895618475840448,0.1469919560755584,0.18657915548534723,0.03481178126162538,0.057324215162204206,0.08455480326157701,0.007149514754603993,0.22258873674388432,0.23970346585535215,0.05745775154306798,-0.16964342147751987,0.1770822062647534,-0.1440738260803317,,,,,,,,,
tianyan-287__message_0078,message,1024,1024,1024,True,True,0.1301283264837496,0.12907379529745358,0.016660044632488952,0.09194703257998686,0.10462569393306086,0.010946535830974527,0.1513671875,0.16278852129128782,0.026500102664204064,0.1806640625,0.16480790013615287,0.027161643947288143,0.15166921598626387,0.13797060392413701,0.019035887547191096,0.16125138508187326,0.1463645438290137,0.021422579690275275,0.08995038181326762,0.10314489642027708,0.010638869657549687,0.09106306504762093,0.08305915136251452,0.006898822625061097,-0.03818129390376275,0.040177944670481996,0.028994846513736128,,,,,,,,,
tianyan-287__message_0079,message,1024,1024,1024,True,True,0.12073742318137373,0.11345864609930649,0.012872864374687674,0.08864578648264831,0.08679471232817224,0.0075333220881301744,0.142578125,0.14430981445120936,0.02082532254694247,0.171875,0.1516037160296482,0.022983686713998207,0.13445135795769786,0.12380222588411752,0.015326991133862058,0.15232716108905842,0.14404128061191507,0.02074789052032046,0.07261634077828871,0.08437384857939403,0.007118946324098513,0.09150797238750878,0.08308669851614123,0.006903399470312144,-0.03209163669872542,0.04812108240308502,0.03742364204230214,,,,,,,,,
tianyan-287__message_0080,message,1024,1024,1024,True,True,0.11149285805715348,0.10368256689656914,0.010750074678261536,0.09319683649306204,0.0889556767947262,0.007913112434007788,0.1416015625,0.1360773445423272,0.018517043697691225,0.212890625,0.19226235470424913,0.0369648130364225,0.19331992484930774,0.1730885584121945,0.029959649053211666,0.20004886338642958,0.18156224380214447,0.03296484837446935,0.08430533985174916,0.08921673974318348,0.007959626650402934,0.06769305909043745,0.05686495774108473,0.003233623418895352,-0.018296021564091436,0.027187518205404312,0.01957070015069226,,,,,,,,,
tianyan-287__message_0081,message,1024,1024,1024,True,True,0.10869465201696393,0.10501965404492122,0.011029127735714938,0.10520732503067373,0.10369386559933579,0.010752417762933113,0.1396484375,0.14031131248676276,0.01968726441175799,0.177734375,0.16895122229831833,0.028544515516095773,0.15326720665783247,0.145711616776048,0.021231875263489873,0.16603933310743382,0.15646991694438536,0.024482834908582857,0.08720863395845244,0.08256021001968322,0.006816188278494202,0.04342789628980334,0.0374521093535477,0.0014026604950300953,-0.003487326986290201,0.021486018058511497,0.024467168342167528,,,,,,,,,
tianyan-287__message_0082,message,1024,1024,1024,True,True,0.0968181851581636,0.09613532905525382,0.00924200149256193,0.0847878497668973,0.08779697699852627,0.007708309170079751,0.142578125,0.13847307252726693,0.019174791815141725,0.1923828125,0.17131118042004123,0.029347520536907916,0.17706561016222644,0.15768050210515588,0.024863140744134073,0.1814707331850715,0.15697134970358512,0.024640004627765208,0.08373450537957994,0.08742410309414035,0.007642973801814881,0.04980142792432801,0.04321969858395737,0.0018679423456881266,-0.0120303353912663,0.013083679778583657,0.015317202337773561,,,,,,,,,
tianyan-287__message_0083,message,1024,1024,1024,True,True,0.10464031242396757,0.09364521774489809,0.008769426806489377,0.0952807792773913,0.08372479467259453,0.007009841242968114,0.1474609375,0.14723751604230756,0.021678886130308772,0.1875,0.1641327509887401,0.02693955994713177,0.13629816689876195,0.12625437225410194,0.015940166513277343,0.14996006967500788,0.13919562622076165,0.019375422358989987,0.1089752108586529,0.10145060075549363,0.010292224393650564,0.043100255945347485,0.037497530464984864,0.0014060647909724681,-0.009359533146576268,-0.004334898434685333,0.05120183310123805,,,,,,,,,
tianyan-287__message_0084,message,1024,1024,1024,True,True,0.16981979885347911,0.17024642494213646,0.028983845205578507,0.09983844331247639,0.11322928433596045,0.012820870831233778,0.19140625,0.20593712309453271,0.042410098668452724,0.1962890625,0.1870169803008215,0.03497535092083786,0.3024974474362055,0.2560807775319056,0.06557736462134532,0.17244655010452228,0.15941751437427945,0.025413943889273594,0.06941768816260638,0.10679247156274728,0.011404631982480186,0.1522074205669776,0.14340510359418815,0.020565023736859832,-0.06998135554100272,0.10040211069087274,-0.10620838493620549,,,,,,,,,
tianyan-287__message_0085,message,1024,1024,1024,True,True,0.1312518815032116,0.12519116564582242,0.01567282795575975,0.0986699644932186,0.09995363481586811,0.009990729112903923,0.181640625,0.17367103077372226,0.03016162693000718,0.201171875,0.17485217712519044,0.03057328384541897,0.14909706263095437,0.1378016935665635,0.018989306749813063,0.16393371827900188,0.14736495789095921,0.021716430814204185,0.09845418546497078,0.10457268538632154,0.010935446528906587,0.08946341077968359,0.08125862070292773,0.006602963438542276,-0.032581917009992994,0.032797696038240814,0.052074812369045625,,,,,,,,,
tianyan-287__message_0086,message,1024,1024,1024,True,True,0.0984006072804108,0.09019261290555021,0.008134707422730423,0.09809156785929188,0.08719056124157999,0.007602193969621711,0.1220703125,0.11779859391912745,0.013876508729323491,0.18359375,0.16571538917436612,0.027461590209211618,0.15126626692977851,0.14087429522800973,0.019845567055988445,0.1645906766791188,0.15361419100945056,0.023597319679487964,0.09228166737539169,0.0917201931641777,0.00841259383407407,0.036466725171195695,0.030803335704668137,0.000948845490534483,-0.00030903942111892846,0.006118939905019119,0.032327483070221485,,,,,,,,,
tianyan-287__message_0087,message,1024,1024,1024,True,True,0.10678943681405623,0.0967793600860687,0.009366244538668949,0.08077448652455799,0.07665551822641056,0.005876068474559562,0.146484375,0.1285391130952928,0.01652230359532448,0.1845703125,0.15915943594373558,0.025331726049928067,0.15052021543013056,0.13578115149419576,0.01843652110108974,0.16083835259935664,0.1485318147483548,0.022061699992439593,0.09137147860804992,0.0831534257601966,0.006914492215656529,0.06202473227832163,0.05249948173921726,0.002756195582886406,-0.02601495028949824,0.015417958206006305,0.034050097069869445,,,,,,,,,
tianyan-287__message_0088,message,1024,1024,1024,True,True,0.10204503571958215,0.0911607189076406,0.008310276671757863,0.08264855719560243,0.07478669964630061,0.00559305044398598,0.1513671875,0.13889226335284915,0.019291060819277204,0.1884765625,0.17699962660169277,0.031328867817138666,0.16923076117025676,0.15607400539832325,0.024359095161075837,0.162266147121547,0.14768623624160332,0.021811224375210662,0.10924724810985559,0.09929387403778712,0.009859273421431936,0.058070248528928496,0.04915053104049129,0.0024157747015622977,-0.019396478523979716,-0.007202212390273438,0.01924580132974324,,,,,,,,,
tianyan-287__message_0089,message,1024,1024,1024,True,True,0.10583566601207756,0.0975615511685832,0.009518256266420078,0.09936198106402289,0.08653948998512288,0.007489083326885184,0.1396484375,0.12352445802505543,0.01525829173038368,0.2021484375,0.1783745798516226,0.031817490737242896,0.1652520509394651,0.1433471917824698,0.020548417391920176,0.17148635662923362,0.15053387472072954,0.022660447438436294,0.09936464419131219,0.08927453235684334,0.007969942127533068,0.04368456792498172,0.03706718978674051,0.0013739765586862401,-0.00647368494805467,0.006471021820765366,0.0368963865605349,,,,,,,,,
tianyan-287__message_0090,message,1024,1024,1024,True,True,0.21406853431699838,0.18418169575554744,0.03392289705138904,0.09218799040547554,0.09276777440913488,0.00860585996882414,0.234375,0.24653963141474997,0.06078178985812077,0.138671875,0.14957143832007289,0.022371615161135366,0.2752895327965844,0.23729845746338002,0.05631055791449957,0.14678937554083546,0.1375878567194555,0.01893041831665342,0.07974430947405295,0.11768635696410781,0.013850078615483407,0.17069351970798197,0.15615248351732225,0.024383598108627592,-0.12188054391152284,0.13432422484294543,-0.1366176577965844,,,,,,,,,
tianyan-287__message_0091,message,1024,1024,1024,True,True,0.11258916010289258,0.10930908553827735,0.011948476181214435,0.07557026418512372,0.08226926932029863,0.006768232674495828,0.142578125,0.14771974511438757,0.021821123096659626,0.16015625,0.15320227579429213,0.023470937308550353,0.15086250804903906,0.13239784278739905,0.017529188774756836,0.15714268398753906,0.1438250117522706,0.02068563400554078,0.08440891691219993,0.08898639533741792,0.007918578555147235,0.08782237910577943,0.08009860623997067,0.006415786721585868,-0.03701889591776886,0.02818024319069265,0.009293741950960943,,,,,,,,,
tianyan-287__message_0092,message,1024,1024,1024,True,True,0.13994592079869275,0.13495711183082945,0.01821342203371901,0.12294853260044748,0.11773987471951367,0.013862678098966774,0.1748046875,0.17185504234640775,0.0295341555798856,0.220703125,0.2016312773422679,0.04065517200267456,0.15668465540743265,0.14509114708077456,0.021051440961214953,0.17600987282203737,0.15772070741501829,0.0248758215474938,0.0949728209389259,0.10482474103170701,0.010988226332364438,0.08832520149426437,0.08006440343158852,0.006410308696856163,-0.01699738819824527,0.04497309985976686,0.06401846959256735,,,,,,,,,
tianyan-287__message_0093,message,1024,1024,1024,True,True,0.12444424761916306,0.11457022273656069,0.013126335937905128,0.10183026821293596,0.10051699378604044,0.010103666039782893,0.142578125,0.13500607677277984,0.01822664076557772,0.21875,0.1911617601075014,0.03654281852739792,0.1661898935858495,0.15203588586380176,0.023114910590390954,0.17265295230569092,0.15696727292710924,0.0246387247701736,0.09687539651284267,0.098237564271421,0.00965061903398157,0.06953975436742749,0.0604033247936992,0.003648561646133116,-0.0226139794062271,0.02756885110632039,0.05256010641415049,,,,,,,,,
tianyan-287__message_0094,message,1024,1024,1024,True,True,0.11883418688785292,0.10786539798939412,0.011634944083410391,0.10639395001729005,0.09984432442625052,0.009968889120134366,0.1591796875,0.14461584093575025,0.02091374144955422,0.1767578125,0.16655762887249834,0.027741443735628896,0.14801185043812012,0.1329047135135529,0.017663662874119572,0.14185019178841413,0.13242032168520695,0.01753514159521369,0.09306445423761572,0.09580967640702309,0.009179494093218476,0.05345158835996716,0.046686369522183364,0.0021796170991618515,-0.012440236870562879,0.0257697326502372,0.028745962061879876,,,,,,,,,
tianyan-287__message_0095,message,1024,1024,1024,True,True,0.11007234576054184,0.10082885058021253,0.010166457109326826,0.09141733382217199,0.08567695129445364,0.007340539983112182,0.1513671875,0.14077600794230677,0.019817884412172422,0.15625,0.15369577921151265,0.02362239254743404,0.12353823798088012,0.12273827656628226,0.015064684534461192,0.1369660840281342,0.13454502107605848,0.018102362696357018,0.11045442455904461,0.10708818973935717,0.011467880381652563,0.0710387895779097,0.06115054518729534,0.0037393891767034493,-0.018655011938369853,-0.0003820787985027718,0.03271176201911988,,,,,,,,,
tianyan-287__message_0096,message,1024,1024,1024,True,True,0.10736888730022753,0.09748497968083547,0.009503321263372904,0.10960717503886594,0.09625050767654193,0.009264160227992056,0.16796875,0.15243772256048302,0.023237259259426796,0.193359375,0.16232771805665072,0.026350288049479486,0.16119989096747572,0.1387744415897809,0.01925834563855551,0.16880061324462997,0.14568037454884677,0.021222771528692286,0.10660677506441518,0.09568397319959754,0.0091554227272613,0.04024103899741366,0.03417859419262655,0.0011681763009842457,0.002238287738638406,0.0007621122358123511,0.03215948403252428,,,,,,,,,
tianyan-287__message_0097,message,1024,1024,1024,True,True,0.1332678429572412,0.13400301157741684,0.017956807111817314,0.0786399746022925,0.08690100221237917,0.0075517841855159305,0.15625,0.1704293880649911,0.02904617631620733,0.142578125,0.14643577674496974,0.021443436710902618,0.2141059309885978,0.1986131576828322,0.039447186404745566,0.12376561034358163,0.12480908543165228,0.015577307806285478,0.06765207217087024,0.09619125353694134,0.00925275725700813,0.13541729677450953,0.12097386506295224,0.014634676028269376,-0.054627868354948705,0.06561577078637096,-0.07152780598859779,,,,,,,,,
tianyan-287__message_0098,message,1024,1024,1024,True,True,0.14704709661966398,0.12714497446751666,0.01616584453234546,0.10690477905326483,0.09379509622065056,0.008797520075041096,0.1611328125,0.14783219997504382,0.021854359349461346,0.1708984375,0.17118046707950021,0.02930275230955586,0.13092170470334075,0.13078882596796462,0.017105716998078536,0.14393130019307643,0.14825223931997591,0.021978726463387416,0.08313298709531229,0.07599079046413197,0.00577460023536361,0.08087455508810931,0.07262952694751683,0.005275048184620073,-0.04014231756639915,0.06391410952435168,0.03997673279665925,,,,,,,,,
tianyan-287__message_0099,message,1024,1024,1024,True,True,0.10158010147034544,0.0982743986280626,0.009657857425707352,0.10109678561335976,0.09052995595325905,0.008195672924899023,0.1396484375,0.15413866529537423,0.0237587281390394,0.1708984375,0.16404686103123067,0.02691137261419991,0.16347680090203506,0.14548591326034097,0.021166150957195456,0.14463999556664908,0.13464409412859366,0.01812903208370959,0.08711781762129477,0.09892769113937183,0.009786688074166949,0.06625934989985721,0.05602564024773425,0.0031388723651685404,-0.0004833158569856749,0.01446228384905067,0.007421636597964937,,,,,,,,,
tianyan-287__message_0100,message,1024,1024,1024,True,True,0.11990636839875904,0.10426363458074576,0.010870905495987283,0.09991409316766811,0.09366779474514664,0.00877365577241892,0.1572265625,0.1421253778225095,0.020199623021191077,0.177734375,0.16665001197742982,0.0277722264920775,0.14596470906009568,0.13176199137278938,0.01736122237052302,0.14367282660570244,0.13833708609400797,0.019137149388980975,0.08625327899430875,0.08361019234475889,0.006990664263927578,0.060329419635288116,0.05302522751723027,0.002811674753254034,-0.019992275231090928,0.03365308940445029,0.031769665939904324,,,,,,,,,
tianyan-287__message_0101,message,1024,1024,1024,True,True,0.10221138633235755,0.10118656766273211,0.010238721475364664,0.09407471442098783,0.0861882273371555,0.007428410531521199,0.134765625,0.139678372472737,0.019510047736632653,0.1962890625,0.1751037056310376,0.030661307725721072,0.16457841282482294,0.1447408362112787,0.020949909667140207,0.1647731409793966,0.14635618613121099,0.021420133218873674,0.08866698374459497,0.08511072999141424,0.007243836359671419,0.05939591054578225,0.051077421232981896,0.0026089029598114696,-0.008136671911369714,0.013544402587762572,0.03171064967517706,,,,,,,,,
tianyan-287__message_0102,message,1024,1024,1024,True,True,0.10474761459748753,0.09812402632589286,0.009628324542404514,0.08689784362537809,0.08821713578369512,0.0077822630458789024,0.1513671875,0.1566343750928267,0.024534327460720335,0.1943359375,0.18465697505554213,0.03409819843666311,0.14870913497638,0.1414898702218451,0.020019383375394564,0.15933965801780112,0.154610796178111,0.02390449829482938,0.11078957176981091,0.11068858107426638,0.012251961980234443,0.0534721838239092,0.048005052397573605,0.0023044850556937875,-0.01784977097210945,-0.006041957172323378,0.04562680252362,,,,,,,,,
tianyan-287__message_0103,message,1024,1024,1024,True,True,0.1113748615542397,0.1085549114263402,0.011784168794780565,0.09533406668228495,0.09929672461660764,0.009859839519586414,0.1181640625,0.12225511806933473,0.014946313894146976,0.1640625,0.16170562041113418,0.026148707672549818,0.16549789392215797,0.1526709934574039,0.023308432243270664,0.12942125012042227,0.12033899023229853,0.014481472570129241,0.08298102121022422,0.08861088788385149,0.007851889451564498,0.07238800951652435,0.06373357373813837,0.0040619684214347205,-0.016040794871954756,0.028393840344015486,-0.0014353939221579681,,,,,,,,,
tianyan-287__message_0104,message,1024,1024,1024,True,True,0.14483614233067021,0.12609206812618134,0.015899209644337556,0.10116711710018148,0.09687333188246784,0.009384442430010761,0.1640625,0.15368955581823507,0.023620479567606392,0.201171875,0.1936849010605875,0.03751384089884957,0.14881994823640715,0.14469314469684452,0.020936106122261988,0.18064005532280367,0.17320096789683112,0.029998575280399127,0.09284867273072044,0.09049973387528906,0.008190201831498142,0.08355446726145387,0.0763609899874857,0.005831000791868891,-0.04366902523048874,0.05198746959994978,0.05235192676359285,,,,,,,,,
tianyan-287__message_0105,message,1024,1024,1024,True,True,0.08454376489526735,0.08927667275263113,0.007970324297780388,0.07681465697188895,0.08639049982531223,0.007463318460067273,0.091796875,0.10663595213385434,0.011371226287493673,0.1728515625,0.16979092084449515,0.02882895680122162,0.1638507408703555,0.15816560741029664,0.025016359367468086,0.16879915442861299,0.16442542218252695,0.027035719459902227,0.07649936825212864,0.07213091648024024,0.005202869112279393,0.02873077068059894,0.024722499616062366,0.0006112019872662039,-0.0077291079233784005,0.008044396643138718,0.009000821629644495,,,,,,,,,
tianyan-287__message_0106,message,1024,1024,1024,True,True,0.08239842268416303,0.0803665947285041,0.006458789548255623,0.0728072009877657,0.07227775561373588,0.0052240739565589285,0.12109375,0.1287696756109738,0.01658162935695542,0.162109375,0.1556464227602506,0.024225808918062655,0.1494789785726154,0.1459552040068217,0.02130292157667294,0.15225728508316788,0.14834231989804758,0.022005443872734686,0.08770555690841181,0.10005481069049144,0.01001096514231008,0.028652314885752594,0.024793217799987714,0.0006147036488776277,-0.009591221696397326,-0.005307134224248777,0.012630396427384588,,,,,,,,,
tianyan-287__message_0107,message,1024,1024,1024,True,True,0.13601487096696024,0.12255529585841957,0.015019800542944751,0.10297427429925243,0.09016324060542856,0.008129409956472402,0.1689453125,0.15846098354350735,0.02510988330557571,0.1591796875,0.15363178747462997,0.023602726122649867,0.1494130217072525,0.13986786420593847,0.019563019437530842,0.12195371506252721,0.12427111330875326,0.015443309602996991,0.09130340461832762,0.0983602422929344,0.00967473726392476,0.07721132363867965,0.06738302340493744,0.004540471843190348,-0.03304059666770781,0.04471146634863263,0.009766665792747486,,,,,,,,,
tianyan-287__message_0108,message,1024,1024,1024,True,True,0.10569172041497968,0.09506647981823298,0.009037635585030497,0.08516697134046583,0.0847437346954602,0.007181500570134546,0.1533203125,0.14709346053904018,0.021636486133350175,0.166015625,0.15610040176271633,0.024367335430481456,0.1471623779402467,0.1400794674464936,0.019622257200093265,0.1547047343812257,0.14435033805887826,0.02083702009771244,0.11745629350771442,0.10724501714296844,0.011501493701995593,0.05503629041272233,0.04833878667631046,0.00233663829733785,-0.02052474907451385,-0.011764573092734737,0.018853247059753303,,,,,,,,,
tianyan-287__message_0109,message,1024,1024,1024,True,True,0.11830235957812389,0.10688536196887012,0.011424480603216387,0.08834774076344765,0.09314481927153229,0.008675957357126413,0.13671875,0.13889153634106824,0.019290858867182282,0.1923828125,0.18781992109252202,0.035276322759201194,0.14607457849349953,0.13670892312406463,0.01868932966174141,0.15835790556637042,0.14793871766911418,0.021885864185581874,0.07910433090061786,0.08624851203698891,0.0074388058285946215,0.06692398992206432,0.06211995595916729,0.003858888928368884,-0.029954618814676245,0.03919802867750603,0.04630823400650047,,,,,,,,,
tianyan-287__message_0110,message,1024,1024,1024,True,True,0.14255067048658812,0.15546694882922255,0.0241699721782681,0.07517354291790357,0.10693615410932251,0.011435341055692775,0.140625,0.17271576781086145,0.029830736450495405,0.1552734375,0.1562487677197601,0.02441367741394354,0.20768498554633277,0.1970819883155782,0.03884131011842169,0.14132082088432124,0.1347721971795025,0.018163545132590705,0.07457559226751073,0.10198614071316912,0.010401172897566334,0.13799295829574784,0.14001772165815937,0.019604962378341792,-0.06737712756868455,0.06797507821907739,-0.05241154804633277,,,,,,,,,
tianyan-287__message_0111,message,1024,1024,1024,True,True,0.12962281226773265,0.121209995770226,0.014691863074618203,0.08819509902225654,0.10521986795784079,0.01107122061306545,0.138671875,0.14198142962931218,0.020158726359583327,0.1953125,0.1860515598725293,0.03461518293100136,0.15175687719358874,0.14398730290182643,0.020732343396942313,0.16544036721628375,0.15439470348157816,0.023837724463164442,0.09814234651342935,0.10351829204172103,0.010716036787235043,0.08875028917306847,0.08140179250256244,0.006626251822630231,-0.0414277132454761,0.0314804657543033,0.04355562280641126,,,,,,,,,
tianyan-287__message_0112,message,1024,1024,1024,True,True,0.08649295420893645,0.0873919516483764,0.00763735321291216,0.08797535841001528,0.08572956073448378,0.007349557583727542,0.1337890625,0.120927185647019,0.014623384228508597,0.1806640625,0.16737194638791736,0.028013368437679886,0.17507646242238795,0.1568640209664073,0.024606321073749476,0.18619826001115264,0.16636659390924857,0.027677843568964827,0.0941465421989354,0.09613094461076833,0.009241158511758609,0.028344496541736923,0.02544063090938172,0.0006472257010673887,0.0014824042010788269,-0.007653587989998947,0.005587600077612054,,,,,,,,,
tianyan-287__message_0113,message,1024,1024,1024,True,True,0.11518246600102133,0.10736353696856377,0.01152692907040016,0.10331072290241966,0.09669593762117797,0.00935010435243874,0.134765625,0.142209385289005,0.020223509264276678,0.1865234375,0.18339508468406002,0.033633757086273544,0.16629297629179718,0.1562991858493622,0.02442943549717347,0.15944022113789305,0.15552076929033692,0.024186709680658208,0.09606750950537848,0.10424899540805933,0.010867853043589575,0.03916807178120621,0.03383460927259359,0.0011447807846290759,-0.011871743098601673,0.01911495649564285,0.02023046120820282,,,,,,,,,
tianyan-287__message_0114,message,1024,1024,1024,True,True,0.09388763047402048,0.0874608955010781,0.007649408241850504,0.09288601399483912,0.0865038947527734,0.007482923807398897,0.1240234375,0.11884080994544284,0.014123138108488868,0.1650390625,0.15060392020102997,0.022681540779918206,0.15878114666529533,0.14233930401515382,0.020260477467518384,0.16711462828275028,0.14887330735288856,0.022163261642187626,0.08425906613486708,0.083214445090076,0.006924643871649275,0.04351012643113437,0.03679926812742555,0.0013541861347141583,-0.001001616479181358,0.009628564339153392,0.006257915834704669,,,,,,,,,
tianyan-287__message_0115,message,1024,1024,1024,True,True,0.11394339508141291,0.10836463410685401,0.011742893925112347,0.09516993411281263,0.08713906286592024,0.0075932162771507996,0.1416015625,0.15254188716856815,0.023269027340948177,0.1982421875,0.18347775349581702,0.0336640860278718,0.15147052748752152,0.14919691094907658,0.02225971823674669,0.16360697747138606,0.15354006526225997,0.02357455164073905,0.08046420184807174,0.09992024891361248,0.009984056142958275,0.07071013207663782,0.061407929620502115,0.0037709338202765413,-0.018773460968600275,0.03347919323334117,0.04677166001247848,,,,,,,,,
tianyan-287__message_0116,message,1024,1024,1024,True,True,0.14510065324224208,0.14176049802493862,0.020096038800278625,0.08677901720415789,0.10246194752655155,0.010498450690933803,0.1533203125,0.17422756588752816,0.030355244715092964,0.1630859375,0.16582692111352648,0.027498567765991737,0.14615524196035518,0.13810094379187907,0.019071870676207744,0.11337616811633064,0.10896841459835527,0.011874115380079044,0.06652527101738293,0.09388180832758954,0.00881379393485826,0.09947293542004657,0.08843604869869766,0.007820934709438425,-0.0583216360380842,0.07857538222485916,0.016930695539644824,,,,,,,,,
tianyan-287__message_0117,message,1024,1024,1024,True,True,0.10343579948707313,0.0952397092400411,0.009070602216127571,0.0770568973299818,0.08439694837031358,0.007122844894221376,0.1298828125,0.13355840033356597,0.017837846299661078,0.17578125,0.1587617155872044,0.025205282336192382,0.1580551570908717,0.14630487667365658,0.02140511693849386,0.16453812081909963,0.15501538017316732,0.024029768090231596,0.09548221388127703,0.0956477862893954,0.009148499022061855,0.08120974305208485,0.06927623063667403,0.004799196131225654,-0.026378902157091322,0.007953585605796093,0.0177260929091283,,,,,,,,,
tianyan-287__message_0118,message,1024,1024,1024,True,True,0.1054247583799765,0.1029894928215313,0.010606835631636249,0.10059456395756239,0.10243239587885697,0.010492395725482873,0.1240234375,0.12852875809748732,0.016519641658082413,0.193359375,0.18769366317650232,0.0352289111966143,0.15430616453015283,0.15190415978518995,0.023074873760044516,0.15695514311256653,0.1552251142967835,0.024094836108449508,0.07830940313786883,0.08479072081888464,0.007189466336986038,0.05477697092333278,0.047545275174440745,0.0022605531914132917,-0.0048301944224141136,0.027115355242107675,0.039053210469847166,,,,,,,,,
tianyan-287__message_0119,message,1024,1024,1024,True,True,0.11971406650529606,0.12252987269192009,0.015013569701898145,0.07717263476413123,0.08939374672369146,0.007991241953299498,0.142578125,0.15703409443607036,0.024659706815356668,0.1640625,0.15836441897100237,0.025079289196023175,0.18238355012027,0.17305009247282038,0.029946334504851686,0.13486229675480163,0.1309265584834009,0.0171417637163074,0.07200711851717362,0.08111529149985008,0.006579690515105652,0.10164622483741073,0.09444586158003906,0.008920020769595898,-0.04254143174116483,0.047706947988122445,-0.018321050120269994,,,,,,,,,
tianyan-287__message_0120,message,1024,1024,1024,True,True,0.10568104526966762,0.09696471181131672,0.009402155336651704,0.09005164352888198,0.08666207792255819,0.0075103157498555475,0.1474609375,0.13440239416706606,0.01806400355783939,0.22265625,0.2030433043226279,0.04122658343025129,0.18479340467115912,0.1690890364353608,0.02859110224263877,0.19232503048195654,0.18051228467022387,0.03258468491686394,0.08781837725933495,0.0872263283410241,0.007608432355856144,0.04977363697268518,0.04305370582215778,0.0018536215850209026,-0.015629401740785642,0.017862668010332677,0.03786284532884088,,,,,,,,,
tianyan-287__message_0121,message,1024,1024,1024,True,True,0.13856360807556165,0.11957587159501826,0.014298389067708295,0.0967320313061982,0.09128518554166351,0.008332985099375934,0.142578125,0.13440189235978015,0.018063868669889932,0.171875,0.15597187639842122,0.02432722622724439,0.1388425887934661,0.13770821398940403,0.018963552200151487,0.14126120230416767,0.13107308703808265,0.017180154145692787,0.07693145539428414,0.08929000500474718,0.007972704993747776,0.07992942773814793,0.07042014880560481,0.0049589973578035235,-0.04183157676936344,0.0616321526812775,0.03303241120653391,,,,,,,,,
tianyan-287__message_0122,message,1024,1024,1024,True,True,0.0963960840977682,0.09835258581076532,0.009673231135663957,0.09176666695723346,0.09704868961840007,0.009418448156648555,0.125,0.13813448594811845,0.01908113620815093,0.21484375,0.19731763954425022,0.03893425087531466,0.17671008638675476,0.1596018855472892,0.025472761870250004,0.18015350592966342,0.17361556427319233,0.030142364157898976,0.08629896692606273,0.08943913655751348,0.007999359148153544,0.05916967811613522,0.05060128001542144,0.0025604895391990895,-0.004629417140534747,0.010097117171705472,0.038133663613245244,,,,,,,,,
tianyan-287__message_0123,message,1024,1024,1024,True,True,0.1268042199971054,0.12343033732431162,0.015235048171993355,0.0970329049912855,0.10228903360038702,0.010463046394901105,0.1572265625,0.1753612384150469,0.030751563938458917,0.1455078125,0.16943192441095764,0.028707177009600463,0.18035573251100068,0.1791482582235801,0.032094098424542535,0.1378337960170211,0.1462549834404702,0.021390520181172212,0.11171659294130293,0.1148256026078018,0.013184919014244817,0.09701172836042087,0.07736895251555713,0.005985954813354535,-0.029771315005819893,0.015087627055802466,-0.03484792001100068,,,,,,,,,
tianyan-287__message_0124,message,1024,1024,1024,True,True,0.11644207620358019,0.11596335421702524,0.013447499521263265,0.09112238236235042,0.09254122184399007,0.008563877740378584,0.1240234375,0.12943426377353903,0.016753228638598076,0.18359375,0.18442147359266844,0.034011279922091305,0.15324658283282813,0.1556767745642515,0.02423525813872878,0.17608950631259618,0.16864880372208424,0.028442418996890092,0.0858392787717614,0.08754711785820526,0.007664497845278483,0.08519061635516265,0.0784065886279117,0.006147593140266571,-0.02531969384122977,0.03060279743181879,0.030347167167171868,,,,,,,,,
tianyan-287__message_0125,message,1024,1024,1024,True,True,0.1250558447390691,0.11670660905297972,0.013620432596645048,0.11322579284487744,0.10430130485167838,0.010878762193762747,0.1865234375,0.17055466921563608,0.029088895191255047,0.1943359375,0.1719751092082726,0.029575438187197288,0.12934196531444345,0.1308381569696546,0.017118623319215976,0.1294400356581286,0.13358076115443884,0.01784381975059924,0.10164607115838546,0.10286358536564927,0.010580917194276215,0.03966523639906899,0.03370989357627218,0.0011363569249235963,-0.011830051894191673,0.02340977358068365,0.06499397218555655,,,,,,,,,
tianyan-287__message_0126,message,1024,1024,1024,True,True,0.12550158746435613,0.11868342035932765,0.01408575426818887,0.08454187404523787,0.09474052979486607,0.008975767985811905,0.1748046875,0.1579771102038307,0.02495676734835327,0.181640625,0.16400560638537037,0.02689783892583304,0.1493068739047121,0.13953410012817113,0.019469765098578486,0.1528041363805776,0.13860531477225105,0.019211433283114795,0.08809383572513962,0.09414640293172297,0.008863545184982335,0.09010993295083147,0.07832454773817032,0.006134734778388922,-0.04095971341911826,0.03740775173921651,0.03233375109528791,,,,,,,,,
tianyan-287__message_0127,message,1024,1024,1024,True,True,0.0852816809373732,0.0753818157543606,0.005682418146424368,0.07771964686987795,0.07212825280151494,0.005202484852199247,0.1328125,0.13073192783627177,0.017090836955788172,0.181640625,0.163755097792616,0.026815732053069228,0.14723568068038778,0.1384645041374556,0.019172418906031455,0.16412580580979153,0.15311651878604018,0.0234446683251558,0.09173073132298956,0.09775792647654967,0.009556612188994491,0.03845737178705009,0.03327289661749044,0.0011070856493182067,-0.007562034067495255,-0.006449050385616356,0.03440494431961222,,,,,,,,,
tianyan-287__message_0128,message,1024,1024,1024,True,True,0.11085893343068894,0.10446057486310774,0.010912011700730936,0.09488356808675702,0.08961160519836583,0.008030239786227786,0.1767578125,0.16235087968930648,0.02635780813589167,0.1962890625,0.1808008363140924,0.03268894241187524,0.14651165685532602,0.13477186600005803,0.0181634558651376,0.16239509291724635,0.15200704692599934,0.02310614231516296,0.10601145544522783,0.09675096280638237,0.009360748803961986,0.06094352731923178,0.05569071305561443,0.003101455520642784,-0.015975365343931916,0.004847477985461104,0.04977740564467398,,,,,,,,,
tianyan-287__message_0129,message,1024,1024,1024,True,True,0.14960083418714532,0.16207613556574277,0.02626867371992503,0.0774111584151114,0.112587420145557,0.012675927175032176,0.1552734375,0.19744780450951052,0.03898563550562588,0.15625,0.17766394833165194,0.031564478536791896,0.20759804773674198,0.19862490771204105,0.03945185396361683,0.12484981980514234,0.13539226559940992,0.018331065584141163,0.06596595322802438,0.1062354449213928,0.011285969757646282,0.14843643349439656,0.1509955979741292,0.022799670607564854,-0.07218967577203392,0.08363488095912093,-0.05134804773674198,,,,,,,,,
tianyan-287__message_0130,message,1024,1024,1024,True,True,0.12091598855255523,0.11781592019885632,0.013880591052303281,0.09397364648229889,0.10133576854838149,0.010268937987291142,0.1689453125,0.16696254742616343,0.02787649224303387,0.1767578125,0.16153556623179227,0.02609373915782575,0.12334700599814867,0.12209418056199174,0.014906988927104244,0.1535453276954752,0.14441650515451476,0.02085612696104399,0.08538488186275875,0.0890904784121362,0.007937113343703306,0.08492317095909319,0.07778870274135306,0.006051082274182589,-0.026942342070256337,0.03553110668979648,0.05341080650185133,,,,,,,,,
tianyan-287__message_0131,message,1024,1024,1024,True,True,0.11296821206779056,0.1142076749055276,0.013043393007326681,0.08719692721258375,0.09253916198990517,0.008563496501793909,0.1650390625,0.16439986266220602,0.0270273148433522,0.1533203125,0.1433109947413413,0.02053804121375275,0.16995815097063377,0.1519050263968196,0.02307513704461846,0.1270308290384582,0.12515464361377102,0.015663684818090037,0.10685822763528209,0.10088105204310216,0.010176986661323087,0.08638688077468706,0.07673800000409352,0.005888720644628256,-0.025771284855206814,0.006109984432508472,-0.01663783847063377,,,,,,,,,
tianyan-287__message_0132,message,1024,1024,1024,True,True,0.10485992303056119,0.1008906861415842,0.01017893055011965,0.09122864838782271,0.08767305071154213,0.007686563821068639,0.142578125,0.14329964173731086,0.020534787322041642,0.2197265625,0.1966154520652053,0.038657635990805045,0.18150634665628002,0.16522171024986218,0.027298213537889412,0.1888809255896706,0.17443635605963273,0.030428042315362967,0.09387580071284787,0.09514570903604293,0.009052705947971341,0.0472645845198689,0.03712063204436563,0.0013779413233731845,-0.013631274642738472,0.010984122317713313,0.038220215843719985,,,,,,,,,
tianyan-287__message_0133,message,1024,1024,1024,True,True,0.12085881954013392,0.1099893424428425,0.012097655451008875,0.1005744486441563,0.09271799717855783,0.008596627000803058,0.1689453125,0.15797342429267067,0.024955602782752155,0.1796875,0.174160050712398,0.03033172326414505,0.17684031116329368,0.16780904449288775,0.028159875413615976,0.15686328522929832,0.15951410505711205,0.02544474971217138,0.10288944243040772,0.09910565767736708,0.009821931383663468,0.05450634229367818,0.0471540306976891,0.002223502611038606,-0.02028437089597762,0.017969377109726195,0.002847188836706316,,,,,,,,,
tianyan-287__message_0134,message,1024,1024,1024,True,True,0.11085053160800401,0.09564023977124735,0.009147055463501683,0.10409905435657807,0.0901261082326739,0.008122715385167652,0.14453125,0.126873155749814,0.016096797649916565,0.20703125,0.1921290279179784,0.036913563368707325,0.16743526771663345,0.15267534070860164,0.023309759660487598,0.1747145297375238,0.15901166941603317,0.02528471101047382,0.09183561219251085,0.08097128367168799,0.006556348779440967,0.02170269407832155,0.018808837048997617,0.0003537723511357454,-0.006751477251425941,0.01901491941549316,0.039595982283366554,,,,,,,,,
tianyan-287__message_0135,message,1024,1024,1024,True,True,0.12223505748920331,0.10927514881157331,0.011941058147791492,0.10039924842022732,0.0928265762648221,0.008616773261048833,0.134765625,0.12583154077600628,0.01583357665406373,0.189453125,0.16481739074160928,0.02716477229087231,0.15547068958138707,0.14277507776005355,0.020384722829389336,0.1858619355205977,0.1610393109724707,0.025933659678488125,0.09335580565422455,0.08540873318065278,0.00729465170352394,0.06636735091345446,0.0605834794444342,0.003670357981594181,-0.02183580906897599,0.02887925183497876,0.03398243541861293,,,,,,,,,
tianyan-287__message_0136,message,1024,1024,1024,True,True,0.1231350504003428,0.11335129313441004,0.012848515655242955,0.09052947610589464,0.08496391949401778,0.007218867615785935,0.111328125,0.12831055492640223,0.01646359850552128,0.138671875,0.13792605293222446,0.019023596077462783,0.15632951010333207,0.1521906037544217,0.023161979871135392,0.13545675850944633,0.132835527938706,0.017645277482754747,0.07646569656594734,0.08716026000848373,0.007596910924746488,0.0806711522035436,0.07039084187394476,0.004954870619722695,-0.03260557429444816,0.04666935383439545,-0.01765763510333207,,,,,,,,,
tianyan-287__message_0137,message,1024,1024,1024,True,True,0.11069568960922672,0.10511123138556709,0.011048370963390224,0.07710622915033682,0.0859539794563406,0.007388086584381023,0.15625,0.13972110636998983,0.01952198756525401,0.17578125,0.16445835225812994,0.02704654962745915,0.1432673472290672,0.13161330377251226,0.017322061729915593,0.1684035499965691,0.14434693826114092,0.020836038585365632,0.08249415272810853,0.08011482229195928,0.006418384750872214,0.09200576734086902,0.08216153506459738,0.006750517844171065,-0.0335894604588899,0.02820153688111819,0.0325139027709328,,,,,,,,,
tianyan-287__message_0138,message,1024,1024,1024,True,True,0.09975965927183464,0.09340052876802085,0.008723658774145892,0.08861904562037454,0.08574312515034187,0.007351883510547188,0.1337890625,0.14303778871705614,0.020459809001065195,0.2138671875,0.19765007416828487,0.039065551818728506,0.18628191830342894,0.16716423882712728,0.027943882742652845,0.1919821386641236,0.17447098568687922,0.03044012484655121,0.08199547926328904,0.10803141111923796,0.011670785788413811,0.04367440226029826,0.03720704426556937,0.0013843641429800383,-0.011140613651460102,0.0177641800085456,0.02758526919657106,,,,,,,,,
tianyan-287__message_0139,message,1024,1024,1024,True,True,0.12678865886466906,0.11671166163186007,0.0136216119608698,0.08626680969216377,0.0853074988767625,0.007277369364608837,0.1689453125,0.1589421901362602,0.025262619805311096,0.1845703125,0.1842866743561441,0.033961578345247496,0.1672786886222907,0.155565484894453,0.02420062009044628,0.15289579293926375,0.14936068682974504,0.02230861477025317,0.09120716675594047,0.09758681103842469,0.009523185688649207,0.06395264818617566,0.055715816527286036,0.0031042522113021997,-0.040521849172505287,0.03558149210872859,0.0172916238777093,,,,,,,,,
tianyan-287__message_0140,message,1024,1024,1024,True,True,0.09794147094331285,0.08878920741274351,0.007883523352983188,0.0917165453412442,0.08208312818272621,0.006737639932261863,0.1416015625,0.12893112892780045,0.016623236006597104,0.181640625,0.17169773180623962,0.029480111107407385,0.14449258397961673,0.14558939091284673,0.0211962707463737,0.16167468464006685,0.15883883963526332,0.0252297769766769,0.08900147265638153,0.08689731784642304,0.007551143848902274,0.06572560235381757,0.05751379019106719,0.003307836062142097,-0.006224925602068651,0.008939998286931317,0.03714804102038327,,,,,,,,,
tianyan-287__message_0141,message,1024,1024,1024,True,True,0.11355439399412263,0.10591847474544254,0.011218723292400949,0.07595986716958328,0.07707425051655463,0.005940440092688622,0.1328125,0.14041624449611556,0.019716721718392907,0.166015625,0.1496100773893233,0.02238317525643931,0.14009574752647164,0.123909780486225,0.015353633700144465,0.1403883317166344,0.1273678964082393,0.016222581035459982,0.11218177775522684,0.10378121926236339,0.010770541471582747,0.08172645664459316,0.07302624955722775,0.0053328331243945055,-0.03759452682453936,0.001372616238895799,0.025919877473528363,,,,,,,,,
tianyan-287__message_0142,message,1024,1024,1024,True,True,0.13400185712008772,0.12828885740028814,0.016458030933071466,0.08621592738012768,0.10122224491471718,0.010245942865574988,0.1552734375,0.16632180606731412,0.027662943173493243,0.1591796875,0.17240178182568444,0.0297223743766709,0.18716891048508089,0.18035697734560402,0.03252863927724272,0.12845472055948215,0.1425560330593418,0.020322222561616157,0.0809992664030261,0.1062582543596298,0.011290816619555784,0.11479893675040889,0.09751638211250804,0.009509444780312678,-0.04778592973996004,0.05300259071706162,-0.027989222985080886,,,,,,,,,
tianyan-287__message_0143,message,1024,1024,1024,True,True,0.12092979390493065,0.11078148120465298,0.01227253657789688,0.08315736253444134,0.07730707007354545,0.005976383083356066,0.1689453125,0.1533582317813189,0.02351874725509273,0.216796875,0.18825255525162807,0.03543902455876728,0.18880135113841318,0.174338318015857,0.03039384912859809,0.19086196453147672,0.1730528101609583,0.029947275104604675,0.08535686155248502,0.08646346036684424,0.007475929978608846,0.08535984703035161,0.07459008456907808,0.005563680716022219,-0.037772431370489315,0.03557293235244563,0.027995523861586824,,,,,,,,,
tianyan-287__message_0144,message,1024,1024,1024,True,True,0.095679823960279,0.09047974297152697,0.008186583888193585,0.0876918492574169,0.08322467046370881,0.006926345773792924,0.1064453125,0.1096819853418497,0.01203013790852973,0.177734375,0.16706784160358584,0.027911663698080846,0.17547997709177204,0.1551179023734385,0.0240615636367356,0.18493236472354752,0.16155426750451754,0.026099781348921214,0.07312905792622515,0.07052423919805521,0.004973668314464507,0.0441571568245819,0.037630760973128875,0.0014160741714167595,-0.00798797470286211,0.022550766034053857,0.0022543979082279564,,,,,,,,,
tianyan-287__message_0145,message,1024,1024,1024,True,True,0.08673975723158187,0.09293583268121525,0.008637068996150835,0.08160188609206667,0.09316995451848066,0.008680640424975756,0.1484375,0.14147335889726706,0.020014711277674933,0.203125,0.17375057441018793,0.030189262107870252,0.18230360266322698,0.15939874799208492,0.025407960861444194,0.17997001013396446,0.15865529905503944,0.025171503918243996,0.09986754909121057,0.09821212918387318,0.009645622318829794,0.043150991551209314,0.03698468718668775,0.0013678670862971453,-0.005137871139515193,-0.013127791859628701,0.020821397336773018,,,,,,,,,
tianyan-287__message_0146,message,1024,1024,1024,True,True,0.10909052164526209,0.10088066367319387,0.010176908303144059,0.1002784399741005,0.09666361920748856,0.009343855278290352,0.1337890625,0.12317748729053263,0.015172693375209326,0.2197265625,0.19335064411403788,0.03738447157931333,0.16605540414390105,0.1494277018918301,0.022328638092673644,0.17598333248703069,0.16012633450180447,0.025640443000983774,0.0923446074588911,0.08663002713747225,0.00750476160183918,0.0259636786140496,0.022193977978543142,0.000492572658512058,-0.008812081671161584,0.01674591418637099,0.05367115835609895,,,,,,,,,
tianyan-287__message_0147,message,1024,1024,1024,True,True,0.1009343650116595,0.08931435303993315,0.007977053658941816,0.10632581078436776,0.08735669938947586,0.007631192928223254,0.1513671875,0.13029218167116025,0.01697605260463063,0.1533203125,0.14159900271901146,0.020050277571018616,0.1483276588311145,0.1278395880821593,0.016342960281016172,0.15324242705547292,0.13454069034432758,0.018101197358328245,0.08951964344152327,0.08439374450701222,0.0071223041119148536,0.04619557893239948,0.04055497531004131,0.0016447060223980605,0.005391445772708253,0.011414721570136233,0.004992653668885488,,,,,,,,,
tianyan-287__message_0148,message,1024,1024,1024,True,True,0.12913454211769562,0.11645906757232893,0.013562714419816276,0.08161739669524398,0.08515929945477035,0.0072521062836272505,0.1376953125,0.13581542747506664,0.018445830340235083,0.1884765625,0.17100258565371773,0.029241884300257072,0.14407872268137156,0.13005345317642275,0.016913900683111983,0.15156653490444844,0.14064414803344297,0.01978077637605302,0.07530464661419294,0.0774033198468556,0.00599127392331463,0.08421529958248643,0.07587563005380146,0.00575711123606134,-0.04751714542245164,0.05382989550350269,0.04439783981862844,,,,,,,,,
tianyan-287__message_0149,message,1024,1024,1024,True,True,0.16074003364625764,0.16534652649747328,0.02733947382477963,0.08585873597794925,0.12012056539864219,0.014428950231689476,0.154296875,0.18390907519228886,0.03382254793808295,0.171875,0.18262868613849284,0.03335323700067213,0.22006155350076925,0.21329550660797889,0.04549497313915436,0.1440690451530793,0.14068914795538331,0.019793436352411736,0.0616352750591324,0.08173940012006338,0.006681329531987818,0.16208291843691897,0.15956702161717737,0.025461634387776752,-0.07488129766830838,0.09910475858712524,-0.04818655350076925,,,,,,,,,
tianyan-287__message_0150,message,1024,1024,1024,True,True,0.11891336432085384,0.11689949660226938,0.01366549230586399,0.08945342890531632,0.10447089500045678,0.010914167902196466,0.1591796875,0.15025668795385763,0.02257707227486295,0.212890625,0.19962948841973024,0.03985193264672321,0.17198070763454235,0.16127035243626137,0.02600812657491595,0.19257364182426473,0.18008325361054917,0.03242997823096137,0.09391979118982964,0.08993172019848056,0.008087714297857797,0.08403250424901378,0.07524011453786472,0.005661074835671003,-0.029459935415537514,0.024993573131024197,0.040909917365457654,,,,,,,,,
tianyan-287__message_0151,message,1024,1024,1024,True,True,0.10518220615958229,0.10526072928432773,0.01107982112946853,0.10200534119571103,0.09967779806030866,0.009935663426151674,0.12109375,0.12502697662595638,0.01563174488422744,0.2158203125,0.20060162720459124,0.0402410128371298,0.17161123107480075,0.16013409260016698,0.025642927612878855,0.17053272353921517,0.16590897960943846,0.027525789515045068,0.08011529940382162,0.07299426987867196,0.005328163435120397,0.036339220928715985,0.03139151861693763,0.0009854274410775422,-0.003176864963871262,0.025066906755760676,0.04420908142519925,,,,,,,,,
tianyan-287__message_0152,message,1024,1024,1024,True,True,0.09533524056132817,0.08661361116338115,0.0075019176387613835,0.09091523027651205,0.08556624100235485,0.007321581599273073,0.1181640625,0.11878495108543097,0.014109864604368229,0.1689453125,0.16335042965063132,0.026683362867045854,0.1673862662743684,0.16080691787589432,0.02585886483674462,0.16473670542622984,0.16116619914962516,0.025974543748336635,0.09400606538628652,0.08821973217997575,0.007782721145906649,0.02298710440457909,0.020206199177194573,0.0004082904851884586,-0.004420010284816117,0.0013291751750416497,0.0015590462256316051,,,,,,,,,
tianyan-287__message_0153,message,1024,1024,1024,True,True,0.10107145184018976,0.097742528097599,0.00955360179890993,0.09595752418999985,0.09396586105679675,0.008829583044145231,0.146484375,0.13381366407361395,0.017906096692805996,0.2060546875,0.1848028176836349,0.03415208142381081,0.1712305307283351,0.15497965548878898,0.024018693615423716,0.16979356514645694,0.15836075157245114,0.025078127638591588,0.09737063188058598,0.09003467538664861,0.00810624277197919,0.05551171133684425,0.048245573234885694,0.0023276353367627186,-0.005113927650189906,0.0037008199596037794,0.034824156771664894,,,,,,,,,
tianyan-287__message_0154,message,1024,1024,1024,True,True,0.11745515970034498,0.10764590933684216,0.011587641796955643,0.08959409431659672,0.08938183665311417,0.007989112723483984,0.1328125,0.1344069784274276,0.018065235849990986,0.1728515625,0.162941735774543,0.026550009257220987,0.16262546198668776,0.14842085493886767,0.0220287501807844,0.163485642430516,0.1514074621178236,0.022924219584960194,0.06329988417655948,0.0776109416671822,0.006023458266466759,0.07285974084432106,0.06378629672447911,0.004068691649823293,-0.02786106538374826,0.054155275523785504,0.010226100513312242,,,,,,,,,
tianyan-287__message_0155,message,1024,1024,1024,True,True,0.1242157288614322,0.1590226278812033,0.025288196178243662,0.08967085451401943,0.11879559332378715,0.014112392993150622,0.140625,0.18676250841783848,0.03488023455052319,0.1376953125,0.16349761711345165,0.026731470801776836,0.10130430427605053,0.15070716147190755,0.02271264851891961,0.09336782930624432,0.13715011949161776,0.01881015527656503,0.07188481479934139,0.08789945539412988,0.007726314258584629,0.0944207665954561,0.13233412304406525,0.0175123201218418,-0.03454487434741277,0.05233091406209081,0.03639100822394947,,,,,,,,,
tianyan-287__message_0156,message,1024,1024,1024,True,True,0.09576671318789098,0.0911908588045657,0.00831577272951424,0.07730833086007832,0.07947335095264031,0.006316013511641534,0.1572265625,0.17264164064500087,0.029805136084597617,0.166015625,0.15819080948202538,0.025024332204578455,0.15653522606565343,0.14742439243867236,0.02173395148591168,0.16423593794666447,0.15289312539541036,0.023376307793176676,0.10908169829173794,0.11898139828801348,0.014156573138570896,0.08348385695106186,0.07499331328915386,0.00562399703808518,-0.01845838232781266,-0.01331498510384696,0.009480398934346573,,,,,,,,,
tianyan-287__message_0157,message,1024,1024,1024,True,True,0.10481383112963052,0.09604684880858275,0.009224997166058752,0.10160287631398951,0.09357595265031737,0.00875645891441444,0.1142578125,0.1220744145736,0.014902162693487167,0.1787109375,0.16521532984004544,0.02729610521415501,0.1496679243498095,0.12993895820293794,0.01688413285886485,0.1602641429901967,0.14026989341990181,0.019675643000030614,0.09091915074193407,0.0880870892372826,0.007759335290296989,0.03039816247214855,0.026428669552230104,0.0006984745743009745,-0.003210954815641015,0.01389468038769645,0.029043013150190505,,,,,,,,,
tianyan-287__message_0158,message,1024,1024,1024,True,True,0.10593088609844577,0.09648470573943962,0.009309298441626254,0.0951139565014972,0.08552123948149079,0.007313882402450499,0.130859375,0.13506198670663122,0.01824174025314223,0.1826171875,0.16292737212380456,0.02654532858716869,0.1523507425819382,0.14167548963104026,0.020071944362194994,0.1650503701797248,0.1468722155824613,0.02157144771010099,0.07800547431410798,0.09038507843540805,0.008169462403774865,0.05081290754079022,0.042970733299320454,0.0018464839202813278,-0.010816929596948563,0.027925411784337786,0.030266444918061797,,,,,,,,,
tianyan-287__message_0159,message,1024,1024,1024,True,True,0.10656482542967785,0.09585758612752254,0.009188676818195402,0.10213938533269454,0.09402087599210236,0.008839925122322291,0.1337890625,0.12912075941936102,0.01667217051303251,0.189453125,0.17121614935471594,0.029314969799856393,0.13775951755878915,0.129539291101951,0.016780427939196003,0.13585153249322224,0.13309123161066974,0.01771327593164494,0.0995360994292049,0.08765518775900415,0.00768343194106627,0.040716806795577015,0.03511333086995876,0.001232946004783199,-0.004425440096983313,0.007028726000472954,0.05169360744121085,,,,,,,,,
tianyan-287__message_0160,message,1024,1024,1024,True,True,0.10525946985428383,0.09724942464567679,0.00945745059391517,0.09770503089597,0.08929584338099722,0.007973747645123585,0.1220703125,0.11632660462742608,0.013531878944145509,0.2177734375,0.1922053539747915,0.036942898096574896,0.17317725816018273,0.1465121302708878,0.021465804316513598,0.18336436326278827,0.15677913390474654,0.024579696827922444,0.08217632398258454,0.07591094456604339,0.0057624715049089115,0.03825564551004135,0.03382810938695261,0.0011443409846956314,-0.007554438958313828,0.023083145871699295,0.04459617933981727,,,,,,,,,
tianyan-287__message_0161,message,1024,1024,1024,True,True,0.11117747191923241,0.10285292239739523,0.010578723645684605,0.0993378494360343,0.08757409741297868,0.007669222537697879,0.142578125,0.13847862044682094,0.019176328320854693,0.1640625,0.14888900682766182,0.02216793635412753,0.16018064218524844,0.1365254727849874,0.018639204719164332,0.15089113711724877,0.13686584043439456,0.018732258277813156,0.10432313995910299,0.09907331092078037,0.009815520936805619,0.06988219503033147,0.060019172548525776,0.00360230107340971,-0.011839622483198114,0.006854331960129426,0.0038818578147515603,,,,,,,,,
tianyan-287__message_0162,message,1024,1024,1024,True,True,0.29420558075469055,0.3582184555872992,0.12832046192334984,0.06311739128917353,0.10165542688846045,0.01033382581587513,0.2841796875,0.3584312390786297,0.12847295314744184,0.140625,0.18358447928299762,0.03370326103360938,0.3305105491223388,0.36574123457288277,0.13376665066689647,0.12967136293025316,0.16372821403436208,0.026806928070881877,0.0430085269337246,0.05344713108965382,0.00285659582171464,0.2898328802573743,0.35272953235123866,0.12441812299272353,-0.231088189465517,0.25119705382096597,-0.1898855491223388,,,,,,,,,
tianyan-287__message_0163,message,1024,1024,1024,True,True,0.10758758257892004,0.09778211838598953,0.009561342676051673,0.08960922436917121,0.08541091778180789,0.007295024876330746,0.134765625,0.13837220502755448,0.019146867124187575,0.177734375,0.16865844975040833,0.028445672672211014,0.1424992750405306,0.13995686071941196,0.019587922862432876,0.16414769017617659,0.16106748910582258,0.02594273604685428,0.10791868385648826,0.10592367200816911,0.01121982429169419,0.0854977744083121,0.07627184581075828,0.005817394463380085,-0.01797835820974883,-0.0003311012775682187,0.03523509995946941,,,,,,,,,
tianyan-287__message_0164,message,1024,1024,1024,True,True,0.09461108412148263,0.09638583213807211,0.009290228636948616,0.081753042538948,0.0869534173909229,0.007560896795960052,0.1337890625,0.14755905686396545,0.021773675262582993,0.1806640625,0.17923530650716726,0.0321252950987182,0.1547259699007189,0.1475070860202688,0.021758340426190976,0.16300116732206393,0.15748539619721233,0.024801650015392942,0.08847216926000374,0.10105646946442663,0.010212410020614593,0.05074454269260262,0.043520908000755136,0.0018940694332101925,-0.012858041582534632,0.0061389148614788835,0.025938092599281093,,,,,,,,,
tianyan-287__message_0165,message,1024,1024,1024,True,True,0.0887320164050286,0.08160097305972978,0.0066587188042947455,0.08813079165178866,0.079900112520364,0.006384027980766827,0.1376953125,0.12535013684324295,0.015712656806619735,0.181640625,0.16920783612697748,0.02863129180677407,0.1438240680457223,0.13217020022621243,0.017468961827837082,0.15891578929161493,0.14408288169375144,0.020759876797175572,0.09034569348452981,0.0865635859705457,0.007493254416080056,0.038783239931806025,0.03307936100481559,0.0010942441244869141,-0.0006012247532399401,-0.001613677079501205,0.037816556954277714,,,,,,,,,
tianyan-287__message_0166,message,1024,1024,1024,True,True,0.10152921716674432,0.09113442884123245,0.00830548412021766,0.09646354095851356,0.08778157911931823,0.007705605632681126,0.0986328125,0.10685943091615348,0.011418937975724179,0.1875,0.1637224577193682,0.026805043161670303,0.17637725931262227,0.15216269536715546,0.023153485861397753,0.18937886862048534,0.16772585919683058,0.02813196384331504,0.08337734393699,0.08319572159208101,0.006921528091227055,0.04347278447344999,0.03741948991290168,0.0014002182253417504,-0.005065676208230757,0.01815187322975431,0.01112274068737773,,,,,,,,,
tianyan-287__message_0167,message,1024,1024,1024,True,True,0.11605527259883278,0.09997272724273529,0.009994546192350346,0.09603979406190156,0.08458265151906284,0.007154224937995225,0.1630859375,0.15030243845187205,0.022590823004578785,0.205078125,0.1758243010000384,0.0309141848221521,0.16791643128036055,0.14812624851478953,0.02194138549906519,0.15074924314619426,0.1423115214544679,0.02025256913868548,0.09432012357266584,0.09287989571423234,0.008626675027886676,0.08280602312727789,0.07142070943004811,0.005100917735491363,-0.02001547853693121,0.02173514902616694,0.037161693719639455,,,,,,,,,
tianyan-287__message_0168,message,1024,1024,1024,True,True,0.17013921416576705,0.17435208510555017,0.030398649580653005,0.09273730629276805,0.11673203718001125,0.013626368504195529,0.1875,0.2113529268704966,0.04467005969672548,0.220703125,0.23417670558509035,0.05483872943868608,0.28174820387232424,0.2673658180682034,0.07148448067127966,0.18784276493795155,0.17295269192162213,0.02991263364293554,0.06617316521492372,0.09744540772909682,0.009495607487489923,0.16233337436596043,0.16058876476182474,0.025788751367728686,-0.077401907872999,0.10396604895084333,-0.06104507887232424,,,,,,,,,
tianyan-287__message_0169,message,1024,1024,1024,True,True,0.10937789884220081,0.10327266108165273,0.01066524252688591,0.07313117146064627,0.07276807340838548,0.005295192507568177,0.1416015625,0.13949769306919496,0.019459606371627323,0.1943359375,0.1728688833113374,0.029883650817308784,0.1465113437707265,0.13357546239858473,0.017842404154995724,0.17866421255815457,0.1572912821962051,0.02474054745492623,0.09517800919737529,0.09088038259784272,0.008259243941130274,0.08519811312415321,0.07776092055465646,0.006046760765507593,-0.036246727381554544,0.01419988964482552,0.0478245937292735,,,,,,,,,
tianyan-287__message_0170,message,1024,1024,1024,True,True,0.10430251662107226,0.09154904241495514,0.008381227167095256,0.10749549221991109,0.09679961357971593,0.009370165189182326,0.146484375,0.14333245775142614,0.020544193445064356,0.1591796875,0.15412919937682995,0.023755810100542597,0.1694059546743175,0.14791601132430254,0.0218791464060912,0.17059626443579828,0.1504570593449971,0.022637326706743975,0.08397150626391808,0.09324434986464325,0.008694508781679997,0.03872417135106662,0.0329667050685628,0.001086803643077604,0.0031929755988388264,0.020331010357154178,-0.010226267174317488,,,,,,,,,
tianyan-287__message_0171,message,1024,1024,1024,True,True,0.11990849778047094,0.11146618573330648,0.012424710561931977,0.08104280297051523,0.08487249194274431,0.007203339888571197,0.1533203125,0.16122815564335138,0.02599451817215674,0.205078125,0.18766657643698573,0.03521874391157901,0.1756782430898794,0.1558649140347513,0.024293871427060416,0.16291534210864078,0.1491112475855988,0.02223416415653374,0.08677603853798957,0.10675349399740613,0.011396308480654227,0.08969707897599402,0.08090614539735272,0.0065458043630575785,-0.038865694809955706,0.03313245924248137,0.029399881910120607,,,,,,,,,
tianyan-287__message_0172,message,1024,1024,1024,True,True,0.09141721187488105,0.08805153335047558,0.007753072525369912,0.08639410726448912,0.08308564912775415,0.006903225090980275,0.1513671875,0.14133474175919214,0.019975509228137532,0.1884765625,0.16592755834163544,0.02753195461721683,0.14414176543306628,0.13031836024074778,0.016982875015837312,0.15942582060461066,0.1433772557442149,0.020557037464742006,0.10265968025826239,0.09716011928207718,0.009440088778907466,0.04339003908542141,0.03811921800686903,0.001453074781455208,-0.005023104610391932,-0.011242468383381332,0.04433479706693372,,,,,,,,,
tianyan-287__message_0173,message,1024,1024,1024,True,True,0.10256116433310095,0.08959091546946266,0.008026532134656403,0.0972953245561016,0.08534875002522181,0.0072844091308678,0.1259765625,0.11996350624430734,0.014391242830427965,0.20703125,0.17797826526543878,0.031676262906894896,0.17060933328078243,0.14519908992543504,0.021082775715174567,0.18191918278354394,0.15690937093819382,0.0246205506882197,0.08911892743249092,0.08325489883426003,0.006931378179902872,0.042682209581079905,0.03696032810970199,0.0013660658539768273,-0.005265839776999348,0.013442236900610027,0.03642191671921757,,,,,,,,,
tianyan-287__message_0174,message,1024,1024,1024,True,True,0.10116377891589841,0.09382526853820972,0.008803181016267165,0.08997361374397626,0.08828866701340254,0.0077948887230034755,0.11328125,0.11465708619636814,0.013146247415041393,0.19140625,0.16880175511754542,0.028494032530763772,0.14602459572369247,0.13089998876485157,0.01713480705863827,0.1619812614264565,0.14314179772354182,0.02048957425552736,0.10250705431114863,0.10311144169056315,0.010631969407506403,0.04944551971402547,0.042480703631653106,0.0018046101810403452,-0.011190165171922145,-0.0013432753952502263,0.045381654276307526,,,,,,,,,
tianyan-287__message_0175,message,1024,1024,1024,True,True,0.1832532805652502,0.19432836479972054,0.03776351336573326,0.07053797707242132,0.09165779212025416,0.008401150856359726,0.2119140625,0.22574777834469315,0.0509620594275647,0.177734375,0.1637894541679847,0.026826985296646365,0.23076954811217246,0.2365227776700549,0.055943024356758214,0.14915848177559768,0.14240497256086265,0.02027917621006005,0.06860433645050007,0.09344597007429821,0.008732149323126636,0.1676234215560003,0.1779950508786329,0.031682238137287114,-0.11271530349282888,0.11464894411475013,-0.05303517311217246,,,,,,,,,
tianyan-287__message_0176,message,1024,1024,1024,True,True,0.12278007839686521,0.10782372746378681,0.011625956204184974,0.08659654740281084,0.08047508281204649,0.006476238953605741,0.1396484375,0.1369632647451003,0.018758935889636435,0.1708984375,0.16208362179654642,0.026271100454685895,0.14352528719331017,0.13561181857968932,0.018390565338490567,0.159135472306701,0.15073790814229526,0.022721916951115046,0.07816766502173235,0.08507167429454203,0.007237189767276644,0.0865126159020941,0.0799087851353048,0.006385413941800309,-0.03618353099405437,0.04461241337513286,0.027373150306689825,,,,,,,,,
tianyan-287__message_0177,message,1024,1024,1024,True,True,0.09902807023420052,0.10647565564760467,0.011337065245587287,0.09989714779117465,0.10575599769325043,0.01118433104809479,0.1376953125,0.13182670902105423,0.0173782812113217,0.1875,0.18134079626274122,0.03288448438920502,0.13734430200230258,0.13161904974460456,0.017323574255672693,0.15623149341273956,0.14421062146742322,0.02079670334402043,0.09394960558312855,0.09502921122666295,0.009030550986361723,0.038291688989606665,0.032791626354024925,0.0010752907589419822,0.0008690775569741294,0.005078464651071965,0.050155697997697424,,,,,,,,,
tianyan-287__message_0178,message,1024,1024,1024,True,True,0.1172693300394772,0.09853813074938823,0.009709763211583532,0.10610291781817602,0.09507410511344791,0.009039085463122943,0.146484375,0.12758226540188572,0.01627723444507721,0.1572265625,0.14559987228147753,0.02119932280838257,0.14714299991450797,0.12803165634003877,0.01639210502517379,0.15202994806302883,0.13138344043916692,0.017261608421632123,0.08706139069025604,0.08216729884651532,0.006751464999732558,0.04387651902463907,0.03750143062987063,0.0014063572992869993,-0.011166412221301186,0.03020793934922117,0.010083562585492034,,,,,,,,,
tianyan-287__message_0179,message,1024,1024,1024,True,True,0.10560660119218891,0.09163852454599629,0.008397619180967163,0.0874531337656613,0.08107952102291616,0.006573888729305503,0.12109375,0.11792585142218916,0.013906506433648231,0.19140625,0.18076690675221682,0.03267667457676465,0.1465938096587888,0.138263025578509,0.01911666424212343,0.15930285911069306,0.149282941522673,0.022285396629661808,0.0845080554571091,0.08016717469290874,0.006426775898243348,0.05059044896359812,0.04433275117356889,0.0019653928266175737,-0.01815346742652761,0.021098545735079813,0.04481244034121121,,,,,,,,,
tianyan-287__message_0180,message,1024,1024,1024,True,True,0.10976058525576246,0.09899912737527544,0.00980082722106601,0.09353122522169453,0.08979565545567589,0.008063259738714454,0.1318359375,0.13113695433096795,0.017196900791202376,0.166015625,0.1640354469712685,0.026907627863063843,0.16693376872890048,0.15077301745599808,0.0227325027927867,0.16838236379300867,0.15533554931129534,0.024129132879841864,0.08891667488872848,0.09819049603567306,0.009641373511731529,0.06203871431315523,0.053166668746545145,0.0028266946656048605,-0.016229360034067927,0.02084391036703398,-0.0009181437289004779,,,,,,,,,
tianyan-287__message_0181,message,1024,1024,1024,True,True,0.1460788476429252,0.13539133390958805,0.018330813297817564,0.07119710153807296,0.08418974528146585,0.007087913210558102,0.158203125,0.1673460817056857,0.02800471106224604,0.1689453125,0.17287435894327902,0.029885543980049677,0.22916182581268377,0.2009093958247467,0.04036458533066475,0.15208609360969094,0.146394107085546,0.02143123458937431,0.0772893662057522,0.09678361031069928,0.009367067224773295,0.13123457801117683,0.12203435515269762,0.014892383837534735,-0.07488174610485224,0.06878948143717299,-0.06021651331268377,,,,,,,,,
tianyan-287__message_0182,message,1024,1024,1024,True,True,0.11575030118429627,0.11520609517472706,0.013272444365408271,0.08549303792746255,0.09255636060950122,0.008566679889276028,0.115234375,0.1445198962717055,0.020886000418384516,0.173828125,0.16584425006185347,0.027504315278578585,0.12831483937194998,0.12436585573560476,0.015466866072849255,0.14734802103385125,0.14167995773071004,0.020073210422575788,0.08577131951092609,0.09852094200234908,0.009706376013030232,0.09269842602449765,0.08385103459147643,0.007030996002060976,-0.030257263256833727,0.02997898167337018,0.045513285628050015,,,,,,,,,
tianyan-287__message_0183,message,1024,1024,1024,True,True,0.08228801560985996,0.08865334489565076,0.007859415561187206,0.07962477591769873,0.08339928977762713,0.00695544153541262,0.119140625,0.12820802610560483,0.016437297957895454,0.177734375,0.1740784373608626,0.030303302353999764,0.13283341488697728,0.12449907150759719,0.015500018806253797,0.14505717688951858,0.13499601740752404,0.018223924715892535,0.07990361074427384,0.09286319487923705,0.00862357296317916,0.03696450336806148,0.03192282937778696,0.0010190670354832984,-0.002663239692161229,0.0023844048655861233,0.04490096011302272,,,,,,,,,
tianyan-287__message_0184,message,1024,1024,1024,True,True,0.10621177598650944,0.10588684623433316,0.011212024205453313,0.08559415825929506,0.09186996929573889,0.008440091258400007,0.1357421875,0.13576651534071066,0.01843254668775942,0.1640625,0.16013678237993012,0.025643789070997097,0.12858522036357076,0.12549610524666144,0.015749272432081126,0.13297022203507128,0.13005864710983536,0.016915251688040686,0.09898289306536062,0.10182349848093625,0.010368024842897226,0.04852955807614584,0.041293963579145054,0.001705191428075758,-0.020617617727214377,0.007228882921148816,0.03547727963642924,,,,,,,,,
tianyan-287__message_0185,message,1024,1024,1024,True,True,0.1345632613019884,0.12293746652159018,0.015113620674747107,0.10930101193100449,0.10402127771008846,0.010820426216439347,0.1572265625,0.14045147125903587,0.019726615778827783,0.1875,0.1859490595164113,0.034577052735037875,0.1343402474105344,0.13946083259680384,0.019449323828593747,0.15492496824682686,0.15558371562281412,0.024206292567000694,0.09320433799549602,0.08522644016356375,0.007263546102953511,0.05945485290568096,0.051889205377256366,0.002692489634683091,-0.02526224937098391,0.04135892330649238,0.05315975258946559,,,,,,,,,
tianyan-287__message_0186,message,1024,1024,1024,True,True,0.11468660219892263,0.11351503518528319,0.012885663213116082,0.08354603487509091,0.09243228837690436,0.008543727934591207,0.140625,0.14722022234648888,0.021673793867749626,0.1708984375,0.16576102034338286,0.02747671586527938,0.11707289793553494,0.11038622997752516,0.012185119768651075,0.13600679302663662,0.1316775052675275,0.017338965393479733,0.07829179238342743,0.08539661086015325,0.007292581146400443,0.07254897177021272,0.06590392496363127,0.004343327325611941,-0.03114056732383172,0.0363948098154952,0.053825539564465064,,,,,,,,,
tianyan-287__message_0187,message,1024,1024,1024,True,True,0.11919643519801254,0.10853034651488941,0.011778836114641967,0.09180481979377318,0.09189835126189283,0.00844530696465424,0.1396484375,0.12841993602742413,0.016491679969287708,0.197265625,0.18872327442609108,0.035616474310105686,0.15958663582019814,0.1467716268016476,0.021541910434002116,0.1652518111872601,0.15678877860459098,0.024582721096319444,0.08339070478671043,0.08449542755588514,0.0071394772778518335,0.057884357907463324,0.05006084779374857,0.002506088481828861,-0.02739161540423936,0.03580573041130211,0.037678989179801864,,,,,,,,,
tianyan-287__message_0188,message,1024,1024,1024,True,True,0.18169061265581518,0.18782428744420052,0.03527796295392166,0.07969119352874614,0.09423968453250982,0.008881118140786971,0.1865234375,0.21720476153407328,0.04717790843307364,0.162109375,0.18372494047887872,0.03375485375396753,0.1960968720167559,0.19282071925644248,0.03717982977457181,0.1644792017178953,0.1749072633979425,0.030592550789357232,0.07051628036510663,0.08913024608350732,0.007944200766906571,0.1662728814822971,0.16993164734440303,0.028876764769182557,-0.10199941912706904,0.11117433229070856,-0.03398749701675591,,,,,,,,,
tianyan-287__message_0189,message,1024,1024,1024,True,True,0.13198238624704756,0.1311740870174385,0.017206641104858526,0.09538309013882983,0.1018618080418867,0.010375827937562174,0.1669921875,0.17801243461250846,0.0316884268766726,0.181640625,0.16743589165278983,0.02803477781356477,0.14342001098006046,0.12838899011603055,0.01648373278301419,0.15930774122492936,0.14753479757789786,0.0217665164963513,0.10897146576257045,0.10550959069297108,0.011132273728198291,0.08851434901746325,0.07765294742017033,0.0060299802430397375,-0.03659929610821773,0.0230109204844771,0.038220614019939536,,,,,,,,,
tianyan-287__message_0190,message,1024,1024,1024,True,True,0.10806108632079581,0.11120561222613984,0.012366688190590582,0.09436388262245962,0.10683069177858706,0.01141279670589147,0.140625,0.1491742329431814,0.022252951774186548,0.20703125,0.19243801432472699,0.03703238935724383,0.17343204648799615,0.16430157749882282,0.026995008368601685,0.180435167834233,0.17047454840468057,0.02906157165377978,0.10145002133000512,0.10261148931869936,0.010529117740201552,0.045324928921809275,0.03924932077424324,0.001540509181239442,-0.013697203698336186,0.0066110649907906854,0.03359920351200385,,,,,,,,,
tianyan-287__message_0191,message,1024,1024,1024,True,True,0.1134201917133638,0.10364284074664953,0.010741838438035358,0.09866953315735189,0.08736858902625318,0.007633270348438327,0.1630859375,0.14962526645086247,0.022387720360491588,0.2041015625,0.1847375207073681,0.034127951557105254,0.16794167936777982,0.15204054164731795,0.023116326304409823,0.18187259773563785,0.16306265703350759,0.026589430118827317,0.09292836327757992,0.09159850159107882,0.00839028549373087,0.04618560432992762,0.0404428194756352,0.001635621647138818,-0.014750658556011917,0.020491828435783885,0.03615988313222018,,,,,,,,,
tianyan-287__message_0192,message,1024,1024,1024,True,True,0.10103878536664153,0.10822060337991966,0.011711698995913879,0.08448435198589557,0.09917405079314974,0.009835492350722244,0.125,0.13442702173207324,0.01807062417175529,0.1884765625,0.17311408547285115,0.029968486589101617,0.15832858477642103,0.14988781719189267,0.022466357742550236,0.1734418034613732,0.16748064373555088,0.02804976602607452,0.07630612775547897,0.07728278815892421,0.0059726293456171566,0.06896587657302795,0.059999166502140606,0.003599899980951592,-0.016554433380745956,0.024732657611162556,0.030147977723578967,,,,,,,,,
tianyan-287__message_0193,message,1024,1024,1024,True,True,0.1164088494907368,0.10845711194906442,0.011762945132331892,0.09699846934047933,0.09170166888257854,0.008409196075850072,0.1689453125,0.16023658148503467,0.02567576204601016,0.216796875,0.19011186591002593,0.03614252155979168,0.18319523745600697,0.15450840225731227,0.02387284636810742,0.18282781621638394,0.15806811139913185,0.02498552784128836,0.10398412119491048,0.10355552922619572,0.010723747633317477,0.08129891285654031,0.07184700994046835,0.005161992837385757,-0.019410380150257464,0.012424728295826318,0.033601637543993035,,,,,,,,,
tianyan-287__message_0194,message,1024,1024,1024,True,True,0.2272132621154456,0.2046287218082625,0.04187291378888329,0.08069765775139962,0.10313801672896059,0.010637450494783355,0.2587890625,0.25458192971584964,0.0648119589378458,0.146484375,0.16912527059279897,0.02860335715308747,0.26331989289685015,0.23144513212229825,0.0535668491831081,0.14451045991998057,0.16280368489501168,0.02650503981539425,0.06458444690286888,0.09303795054842544,0.008656060242251257,0.1981959375788448,0.18381713955368484,0.03378874079369885,-0.14651560436404598,0.16262881521257672,-0.11683551789685015,,,,,,,,,
tianyan-287__message_0195,message,1024,1024,1024,True,True,0.13792953832368918,0.12174992140499209,0.01482304336212175,0.09786641040243198,0.09475837863255279,0.008979150321070236,0.1533203125,0.14561850576598306,0.021204749221517646,0.1884765625,0.15875942379369465,0.02520455464330594,0.12982380440838304,0.11848339813613508,0.014038315633885896,0.1558393088605049,0.1365601971222574,0.018648687438069796,0.07843754040175013,0.08725507746686786,0.007613448543749112,0.08888565318111427,0.08126508796298766,0.006604014521632123,-0.0400631279212572,0.059491997921939044,0.05865275809161696,,,,,,,,,
tianyan-287__message_0196,message,1024,1024,1024,True,True,0.10716437007730584,0.10433940249381857,0.010886710912767071,0.07949064254257227,0.08984927165577891,0.008072891617073955,0.142578125,0.1414558736946095,0.02000976420270531,0.2021484375,0.19131860787849592,0.03660280972056568,0.18276418544172413,0.17265777445980401,0.029810707081412553,0.1741081921331466,0.1729899510897093,0.029925523178020014,0.10953061952687768,0.12018303629332532,0.014443962212682751,0.07414795567576767,0.0656166046332398,0.004305538803594908,-0.027673727534733572,-0.002366249449571839,0.019384252058275875,,,,,,,,,
tianyan-287__message_0197,message,1024,1024,1024,True,True,0.10015829729724329,0.10077108718841626,0.010154812013135391,0.09081222343286888,0.09112419965672017,0.0083036197630778,0.1435546875,0.15640954691615805,0.024463946366517848,0.17578125,0.18260129499860972,0.03334323293516929,0.16055447152036073,0.1549152036365118,0.023998720317741914,0.16214207979094447,0.15860399487802448,0.025155227191268413,0.08115888641518049,0.1055671436500907,0.011144421818438888,0.05426835144173371,0.047387055508258585,0.0022455330297427804,-0.009346073864374416,0.018999410882062806,0.015226778479639269,,,,,,,,,
tianyan-287__message_0198,message,1024,1024,1024,True,True,0.11391865545365587,0.10200614631920017,0.010405253886894075,0.10418854525091378,0.09421372327709174,0.008876225653732419,0.1435546875,0.129425830356252,0.01675104556340532,0.1943359375,0.1809052804074149,0.03272672047928542,0.14912922430279124,0.1316099817348105,0.017321187292237153,0.16804701686033507,0.14917890004111414,0.022254344217476723,0.09902043427787746,0.09096851405877154,0.008275270550060915,0.050527983139331434,0.04374435217084821,0.0019135683468471925,-0.009730110202742087,0.014898221175778409,0.04520671319720876,,,,,,,,,
tianyan-287__message_0199,message,1024,1024,1024,True,True,0.12108635955674157,0.10628485061824097,0.0112964694709418,0.10934285832667168,0.09920378507081831,0.009841390972377115,0.140625,0.13062904722706334,0.017063947979450343,0.2109375,0.18632291536790876,0.03471622879119689,0.1529187185992893,0.1382336179221681,0.019108533123851953,0.15806320737786658,0.14742100913097458,0.021732953933194892,0.09938573233844486,0.09106991793122902,0.00829372995200079,0.04957100428567725,0.041728620602050036,0.0017412777773498345,-0.011743501230069897,0.021700627218296714,0.058018781400710706,,,,,,,,,
tianyan-287__message_0200,message,1024,1024,1024,True,True,0.10193969043737719,0.09677346600396515,0.009365103722420599,0.10109399560448452,0.09598284078707255,0.009212705725556516,0.146484375,0.13805275320724672,0.01905856266810097,0.2236328125,0.1957115124104644,0.03830299608999136,0.1725275747205269,0.15582040268559583,0.024279997893101236,0.1798926593075153,0.16508347300741538,0.027252553060190046,0.09794867905451662,0.08716156587873834,0.007597138566433645,0.03750267633051088,0.032534098383527256,0.0010584675576290306,-0.0008456948328926656,0.003991011382860565,0.051105237779473095,,,,,,,,,
tianyan-287__message_0201,message,1024,1024,1024,True,True,0.2468965011484086,0.2761744705236341,0.07627233816900963,0.1008130889121313,0.11633792562202716,0.013534512938036324,0.259765625,0.3107884871807371,0.0965894837640912,0.1376953125,0.1700989811416705,0.028933663385434377,0.27350382361786524,0.28719090900087074,0.08247861821274644,0.09310729641403859,0.11815540345755339,0.013960699366217218,0.05432054445575324,0.0844795659267174,0.007136797059166592,0.22624321270176373,0.2500043398717224,0.06250216995469568,-0.1460834122362773,0.19257595669265537,-0.13580851111786524,,,,,,,,,
tianyan-287__message_0202,message,1024,1024,1024,True,True,0.12887490062400708,0.11642316433844012,0.013554353194575436,0.08608237262339088,0.08478027106372112,0.007187694361638028,0.1513671875,0.14503169731812215,0.021034193226975403,0.1630859375,0.15981186748586898,0.025539832989320943,0.15142523255563728,0.14602393901168506,0.021322990764488316,0.15300376684954264,0.15323468961471887,0.023480870101319228,0.08951129948818412,0.08904988885516639,0.007929882705117488,0.08774703578256132,0.07999349726910687,0.006398959605342609,-0.0427925280006162,0.03936360113582296,0.011660704944362721,,,,,,,,,
tianyan-287__message_0203,message,1024,1024,1024,True,True,0.12034378871258794,0.11245733674960261,0.01264665258881352,0.10022152460172509,0.10184821003623552,0.010373057887585148,0.1484375,0.16048420285440215,0.025755179365812897,0.197265625,0.1918315558867942,0.036799345833948255,0.15225053887236825,0.15362698357633733,0.023601250082764223,0.1771482042870654,0.1754535347240476,0.030783942847162578,0.08776063163638902,0.1005917411864739,0.01011869839492655,0.06355803928386736,0.054422366897176895,0.0029617940186909353,-0.020122264110862847,0.032583157076198924,0.04501508612763175,,,,,,,,,
tianyan-287__message_0204,message,1024,1024,1024,True,True,0.126756971169673,0.11400847764474704,0.012997932974872787,0.09749669607557152,0.09516533691567969,0.009056441350274827,0.1572265625,0.15333723822846157,0.02351230862753198,0.197265625,0.1905647263262421,0.03631491491979555,0.16552848078519428,0.15271238716150373,0.02332107319256501,0.17229301025556382,0.1596685446676692,0.02549404415629147,0.08609191842611322,0.08873607295504027,0.00787409064348223,0.07178282881594183,0.06158388279163485,0.0037925746196938183,-0.02926027509410148,0.040665052743559776,0.031737144214805724,,,,,,,,,
tianyan-287__message_0205,message,1024,1024,1024,True,True,0.0917318994601102,0.0876630260836727,0.00768480614214668,0.0879543988920635,0.08437100365264803,0.007118466257355148,0.1181640625,0.11125575936665928,0.012377843992251994,0.1904296875,0.16711876852045257,0.027928682791792607,0.16023664898212384,0.13363112603268099,0.017857277844762272,0.16432433072113473,0.1437831132732543,0.02067358366254948,0.08194350219250943,0.08591324343515006,0.007381085397547355,0.061400562554365004,0.05470831547615262,0.00299299978223824,-0.00377750056804671,0.009788397267600779,0.030193038517876164,,,,,,,,,
tianyan-287__message_0206,message,1024,1024,1024,True,True,0.14423826716981958,0.12885951407817545,0.016604774368463495,0.10874657421931867,0.10056533423407774,0.010113386449611766,0.1708984375,0.14815509427464335,0.021949931959528463,0.208984375,0.19883151690538423,0.03953397211489609,0.15888246121955873,0.16037063941369323,0.025718741985956813,0.17033939153862449,0.17567741976935175,0.030862555816817017,0.09919929512211506,0.09307657311184944,0.008663248462245454,0.06897249862871165,0.06085984708678592,0.0037039209874269643,-0.035491692950500905,0.04503897204770452,0.050101913780441265,,,,,,,,,
tianyan-287__message_0207,message,1024,1024,1024,True,True,0.17330182702709357,0.17177149352322274,0.02950544598719855,0.08698111032965578,0.09090001057572128,0.00826281192266624,0.16796875,0.19491526999277375,0.03799196247635589,0.1689453125,0.16089088840764135,0.0258858779726001,0.22630280219420323,0.20425823482894703,0.04172142649543727,0.154800097036664,0.14152043066180042,0.02002803229470146,0.08175114781262333,0.09457608576545987,0.00894463599871562,0.14253627673985236,0.13483467158958198,0.018180388662670424,-0.0863207166974378,0.09155067921447024,-0.057357489694203234,,,,,,,,,
tianyan-287__message_0208,message,1024,1024,1024,True,True,0.12390513743135059,0.11551484606766475,0.013343679662036284,0.0781674032735111,0.07703757437283913,0.0059347878652507196,0.13671875,0.14525228372596377,0.021098225927607878,0.1708984375,0.1569528432837915,0.02463419501486641,0.1421637113789933,0.1302301348352201,0.016959888019199613,0.1463109080233239,0.1415949810267489,0.02004913865196538,0.06761746737904947,0.07848272666301087,0.006159538384460878,0.0919263804923769,0.0831425039577611,0.00691267596436632,-0.045737734157839494,0.05628767005230112,0.028734726121006693,,,,,,,,,
tianyan-287__message_0209,message,1024,1024,1024,True,True,0.08090165064269791,0.08141405669331869,0.00662824862726291,0.09271355155393758,0.08602055285634906,0.0073995355137119415,0.12109375,0.12180465536813696,0.014836374069350618,0.1787109375,0.1791000117331588,0.03207681420281762,0.15327295137885655,0.1443276907065318,0.020830482304680306,0.1388336339904764,0.13902422816894117,0.019327736017969815,0.08887598548608217,0.08670161455799476,0.007517169966963088,0.06181572127964119,0.052769627124646966,0.0027846335468742767,0.011811900911239667,-0.007974334843384251,0.025437986121143452,,,,,,,,,
tianyan-287__message_0210,message,1024,1024,1024,True,True,0.09380638205476496,0.08565637524140156,0.007337014619495791,0.09441300453874663,0.0853192936973061,0.007279381877007178,0.125,0.11477312693880919,0.013172870667312007,0.1884765625,0.17051616082047116,0.029075761100952786,0.1678513572328246,0.1493650160513953,0.022309908020033575,0.1716110633207573,0.15334214955628006,0.023513814830540564,0.08237325601693664,0.08097684912829431,0.006557250094746539,0.03119754256369398,0.026989431498285147,0.0007284294126006265,0.0006066224839816614,0.011433126037828326,0.0206252052671754,,,,,,,,,
tianyan-287__message_0211,message,1024,1024,1024,True,True,0.10711160658696285,0.10527775524088817,0.011083405748560355,0.0998705982930997,0.100042151661172,0.010008432108996941,0.125,0.13256794801981778,0.017574260842185108,0.181640625,0.15999966645384034,0.025599893265340165,0.12782769572841654,0.1170859548818839,0.013709120830602554,0.13673325208831272,0.12749831452330487,0.016255820206283574,0.08568154133815857,0.0855235582912329,0.007314279022793911,0.03299634327157086,0.028790145872808537,0.0008288724993775944,-0.007241008293863149,0.02143006524880428,0.05381292927158346,,,,,,,,,
tianyan-287__message_0212,message,1024,1024,1024,True,True,0.10669252310775831,0.09443286297312511,0.008917565609301025,0.09291536052839586,0.08743808569294846,0.007645418829647399,0.1494140625,0.13583373451448527,0.01845080343215167,0.201171875,0.18007791207838628,0.032428054418511015,0.1680536816032456,0.14611644796905376,0.021350016367093196,0.17575842343462827,0.15407541004518246,0.023739231980591115,0.08691346477984176,0.08671046305414808,0.00751870440306478,0.05854535953483008,0.05107845658812508,0.0026090087274249782,-0.013777162579362456,0.019779058327916557,0.0331181933967544,,,,,,,,,
tianyan-287__message_0213,message,1024,1024,1024,True,True,0.12330653068867344,0.11522387743063912,0.013276541930150947,0.09050868251571793,0.09559205421109014,0.009137840828295996,0.1552734375,0.1386484827192615,0.019223401760353354,0.1943359375,0.17938224173723608,0.032177988650676205,0.14888830273094125,0.1329720989894746,0.017681579109666633,0.15652011435453456,0.1449851369875587,0.021020689947301156,0.0789105588492867,0.08057293162281504,0.006491997310294827,0.06389064485663717,0.05582591646135576,0.0031165329487502723,-0.0327978481729555,0.04439597183938673,0.04544763476905875,,,,,,,,,
tianyan-287__message_0214,message,1024,1024,1024,True,True,0.17565354941568115,0.16513879854241328,0.027270822784031756,0.06838346565299161,0.09172987966417344,0.008414370823203739,0.19140625,0.20817889090290007,0.043338450617561565,0.169921875,0.1818964254896381,0.033086309605907464,0.24836162925804098,0.22409578743489986,0.05021892194606782,0.1462714646541195,0.14600294324720176,0.021316859436845616,0.06929086193573897,0.09147753876620167,0.00836814009872193,0.16141837790022395,0.1484762429791811,0.02204519472921283,-0.10727008376268954,0.10636268747994218,-0.07843975425804098,,,,,,,,,
tianyan-287__message_0215,message,1024,1024,1024,True,True,0.12787691387756953,0.1123261089199501,0.012617154745096493,0.09223950126099048,0.0832208163545135,0.006925704274711662,0.14453125,0.14887458786564908,0.022163642912166867,0.177734375,0.16125790713806845,0.026004112614549907,0.12325321220640721,0.11392196262694908,0.012978213568775982,0.15183608532501433,0.13764606475808555,0.018946439143387082,0.08447243517195464,0.09869973016384496,0.009741636734415807,0.09042978532849452,0.08166061252888389,0.006668455638592509,-0.035637412616579045,0.04340447870561488,0.05448116279359279,,,,,,,,,
tianyan-287__message_0216,message,1024,1024,1024,True,True,0.09368765144669357,0.09024522348867073,0.008144200362520128,0.08162013073458613,0.08378882436100966,0.007020567087800127,0.13671875,0.13024326493756788,0.0169633080615975,0.1982421875,0.17069859961724967,0.029138011911290108,0.18001943463002268,0.14732612991369548,0.02170498855534708,0.18036321456362026,0.15250730456174283,0.02325847794468818,0.09408629090652104,0.09699924321402954,0.009408853184094457,0.039598524898363435,0.033372499534283076,0.001113723725165724,-0.01206752071210744,-0.00039863945982747395,0.01822275286997732,,,,,,,,,
tianyan-287__message_0217,message,1024,1024,1024,True,True,0.07872259781200783,0.08580813789180865,0.0073630365284596475,0.07650456156083998,0.08581710057149534,0.007364574750498146,0.1396484375,0.14045733957908693,0.01972826424163494,0.18359375,0.18701701407899346,0.03497536355502243,0.1558073100976085,0.15109584353118943,0.022829953932401677,0.14664545078691982,0.14932040447676148,0.022296583193103653,0.10543758404575446,0.10097967847363706,0.010196895464639122,0.0343222609964217,0.029304801099389384,0.0008587713674747732,-0.002218036251167843,-0.02671498623374663,0.02778643990239149,,,,,,,,,
tianyan-287__message_0218,message,1024,1024,1024,True,True,0.11698064834140116,0.10465878524769587,0.010953461329523323,0.0884855966155211,0.0880938363343342,0.007760524000100458,0.1533203125,0.13473088785534637,0.01815241214228992,0.19921875,0.19241952721962932,0.03702527445542567,0.16031632299644644,0.150102644857752,0.022530803993292423,0.1681505586663738,0.1599509787926446,0.025584315616725046,0.08796341378779575,0.08396186487237763,0.0070495947528474,0.06015364318631716,0.05127726403762024,0.002629357807183822,-0.028495051725880058,0.029017234553605414,0.038902427003553564,,,,,,,,,
tianyan-287__message_0219,message,1024,1024,1024,True,True,0.1456277302135175,0.12618722768843163,0.01592321643169209,0.10447480072993698,0.09573908166798885,0.00916597175862984,0.169921875,0.16189214574626623,0.02620906685433031,0.22265625,0.19691476066483343,0.03877542296768863,0.15836464766584207,0.1351790858593,0.018273385253756,0.17324909980814937,0.15956203689609083,0.02546004361842945,0.10081870816313568,0.10244732845629366,0.010495455107831717,0.07841689233953185,0.07087300374816999,0.005022982660288116,-0.041152929483580514,0.044809022050381814,0.06429160233415793,,,,,,,,,
tianyan-287__message_0220,message,1024,1024,1024,True,True,0.13798718533078624,0.12374161010568226,0.015311986071546685,0.08037422633213626,0.08919555863678703,0.007955847680528514,0.171875,0.17089590694700568,0.02920541101123962,0.1728515625,0.18011267228523464,0.032440574717728335,0.24007728582696491,0.20845651332908288,0.04345411794931811,0.17410519779349354,0.17121882221548188,0.029315885080856793,0.08655041096080611,0.11049778998215042,0.01220976159093942,0.10884740616774613,0.09431082032832705,0.008894530831001987,-0.05761295899864999,0.051436774369980134,-0.06722572332696491,,,,,,,,,
tianyan-287__message_0221,message,1024,1024,1024,True,True,0.11946965221879018,0.110848879786422,0.012287474149904633,0.08905276806162359,0.09650333330184674,0.009312893338367323,0.154296875,0.1641178870539589,0.026934680851056013,0.21875,0.18758031467812408,0.035186374454744054,0.16145111797252665,0.14832086966905736,0.021999080379385496,0.1903054875087206,0.17067475029529056,0.029129870388359784,0.09410796366423799,0.10322448981199203,0.010655295296946046,0.08940521215791418,0.08155822296589256,0.0066517437333542435,-0.03041688415716659,0.02536168855455219,0.05729888202747335,,,,,,,,,
tianyan-287__message_0222,message,1024,1024,1024,True,True,0.11291255959455553,0.10327356191100032,0.010665428589785215,0.08784211251673912,0.07842701109060103,0.006150796068605257,0.1494140625,0.13549987916323036,0.01836021725325003,0.1787109375,0.16871801363635605,0.028465768125397625,0.18754117118822655,0.1757578651791583,0.03089082717233519,0.17205285773323337,0.16080007575598487,0.02585666436313047,0.09228961222257859,0.09245733486751727,0.008548358770804225,0.08072007596660748,0.07204891507388997,0.0051910461633246086,-0.025070447077816402,0.020622947371976938,-0.008830233688226552,,,,,,,,,
tianyan-287__message_0223,message,1024,1024,1024,True,True,0.10660732169183319,0.1098010488662195,0.012056270332121923,0.1045300423093808,0.1101890799130033,0.012141633332074225,0.1455078125,0.14310653736637938,0.02047948103699494,0.19921875,0.18488708422328287,0.03418323391258729,0.17666091268182588,0.15197195835767024,0.023095476127065463,0.18870131679570423,0.16213145971730725,0.026286610230064823,0.08768872947881723,0.09387526362349338,0.00881256512038038,0.05132738533451018,0.04233066096319584,0.0017918848575810323,-0.0020772793824523905,0.018918592213015964,0.022557837318174123,,,,,,,,,
tianyan-287__message_0224,message,1024,1024,1024,True,True,0.09957457402650552,0.09553443827426372,0.009126828896379105,0.0998344545191778,0.09472313410528437,0.008972472134727686,0.12890625,0.11989074951590244,0.01437379181948486,0.2177734375,0.19437049542605758,0.03777988949217107,0.17537341666692746,0.15093981908043738,0.022782828984035167,0.19260782575693092,0.16286392726793605,0.02652465880513557,0.08571839699083653,0.07754039847599786,0.006012513395816531,0.030635233599193564,0.026143039031387944,0.0006834584897966736,0.00025988049267228197,0.013856177035668993,0.04240002083307254,,,,,,,,,
tianyan-287__message_0225,message,1024,1024,1024,True,True,0.1266472120667122,0.1172220649912924,0.01374101252082278,0.09003047167058754,0.0879768522770299,0.007739926536574339,0.1552734375,0.14609460738509936,0.021343634307006327,0.19140625,0.18374927280418535,0.03376379525606693,0.14792878888899172,0.14617768280827476,0.02136791495119659,0.17114652183556223,0.16665187649463473,0.027772847939182985,0.09427735224365927,0.09049525819332191,0.008189391755475997,0.0757467892203986,0.06551767826026036,0.004292566164614994,-0.036616740396124656,0.03236985982305293,0.04347746111100828,,,,,,,,,
tianyan-287__message_0226,message,1024,1024,1024,True,True,0.11612243715944556,0.10370206091608718,0.010754117438243855,0.09306095891074914,0.08146187254655057,0.006636036678790451,0.1552734375,0.1381758484210017,0.01909256508686364,0.1953125,0.17693970358773847,0.03130765870571675,0.145077958617799,0.1372816590246918,0.018846253904571744,0.16191563008428245,0.15327460059561246,0.023493103187744523,0.08133012851265159,0.07804776384553229,0.006091453441287977,0.06580893022961373,0.05882681920160683,0.003460594657378538,-0.02306147824869642,0.034792308646793974,0.05023454138220099,,,,,,,,,
tianyan-287__message_0227,message,1024,1024,1024,True,True,0.18106593500752197,0.18920924951405851,0.03580014010167325,0.08639108131853607,0.09591363433450321,0.009199425251252794,0.208984375,0.22765206207507432,0.0518254613670335,0.126953125,0.1515823663891005,0.0229772138001195,0.24830755244322344,0.2359040379166944,0.05565071510540119,0.12816311109905829,0.12876448151820158,0.016580291700651277,0.05209020434667717,0.08413991464136189,0.0070795252358556654,0.15357075648525884,0.16336285731702463,0.026687423150782544,-0.0946748536889859,0.1289757306608448,-0.12135442744322344,,,,,,,,,
tianyan-287__message_0228,message,1024,1024,1024,True,True,0.11632125233562779,0.11382635607769748,0.012956439337926777,0.09099976267997666,0.09386982318355698,0.008811543704512252,0.1552734375,0.15161571833030169,0.022987326044813378,0.2021484375,0.18853496173979234,0.03554543179822496,0.14848765936946876,0.14249051148639846,0.020303545863655455,0.1778942385238912,0.16441381128875987,0.027031901342495945,0.11411763084228803,0.11572485225218389,0.013392241428789791,0.09128976764000737,0.08274882149696364,0.006847367459136352,-0.025321489655651133,0.0022036214933397608,0.053660778130531245,,,,,,,,,
tianyan-287__message_0229,message,1024,1024,1024,True,True,0.11609027884476364,0.11342100670267645,0.012864324761448576,0.09533988523131517,0.10122631370868258,0.01024676658704862,0.1455078125,0.14788729551863314,0.021870652175815533,0.1640625,0.15270221865749567,0.023317967582921623,0.18484162524999004,0.16017663216023204,0.02565655349019428,0.14669692850899296,0.12976887553926103,0.01683996105872422,0.08383973600622435,0.09066228997776067,0.008219650824011564,0.08386988171683318,0.07365509295158067,0.005425072717705988,-0.020750393613448465,0.03225054283853929,-0.020779125249990038,,,,,,,,,
tianyan-287__message_0230,message,1024,1024,1024,True,True,0.11250159637762226,0.1096073521963191,0.01201377165548794,0.0826734457690225,0.09882075798282568,0.009765542208300206,0.1416015625,0.14474994026921453,0.020952545207941174,0.1552734375,0.14523704053811728,0.02109379794427072,0.1348821261762554,0.12920618234563577,0.016694237556333678,0.1379554276116588,0.12871101059830475,0.01656652424923692,0.09447601006506304,0.09108911547132448,0.008297226957348285,0.06394582513658477,0.05508971320089995,0.0030348765005574103,-0.029828150608599766,0.018025586312559225,0.02039131132374461,,,,,,,,,
tianyan-287__message_0231,message,1024,1024,1024,True,True,0.12157889556022702,0.10728440591184919,0.011509943751858421,0.09907238293614531,0.09378057607797838,0.008794796449517491,0.1396484375,0.12558582307114324,0.015771798956456494,0.1875,0.18173929799594002,0.03302917243605709,0.1682884990111727,0.15087381062403724,0.02276290673221785,0.17930308218568453,0.1620158258821588,0.026249127836278,0.08263025796551149,0.0735339267891463,0.0054072383890315275,0.059742842323529985,0.05143910961758014,0.0026459819982494253,-0.02250651262408171,0.038948637594715535,0.01921150098882729,,,,,,,,,
tianyan-287__message_0232,message,1024,1024,1024,True,True,0.12498427004006185,0.1093979854182764,0.011967919213577417,0.10594098710018271,0.0981833201583026,0.009639964357307748,0.1640625,0.15127751818323143,0.022884887507677913,0.1796875,0.16063733989212664,0.02580435496761862,0.12987778468931221,0.12522467755251002,0.01568121986813011,0.1491279170556831,0.13907154916946107,0.01934089578839383,0.09987263053338741,0.1004922759241819,0.01009869752042191,0.06131690540323778,0.053197703065702595,0.002829995611466663,-0.01904328293987914,0.025111639506674444,0.049809715310687785,,,,,,,,,
tianyan-287__message_0233,message,1024,1024,1024,True,True,0.14460952487566414,0.12734274532538994,0.016216174787007126,0.08356766953068609,0.08102931504425424,0.006565749896541007,0.17578125,0.16592012118469535,0.02752948661394399,0.1484375,0.14924494093990306,0.022274052396155153,0.1874489246416699,0.16759373084463425,0.02808765861842371,0.1329826735269727,0.1304005303445411,0.017004298314137585,0.08743982073851966,0.09302267421398738,0.008653217917921632,0.10505352483375863,0.09297792990266715,0.008644895448985286,-0.06104185534497805,0.05716970413714448,-0.0390114246416699,,,,,,,,,
tianyan-287__message_0234,message,1024,1024,1024,True,True,0.13068832729774282,0.11772009797897998,0.013858021468180647,0.08528582249011955,0.08173464563564038,0.0066805522971837075,0.1611328125,0.16520674251255105,0.027293267771608343,0.2275390625,0.20555137029931675,0.04225136583192684,0.15151243129708913,0.1422690999842182,0.02024049681031947,0.18158411016169973,0.1720744775486077,0.02960962582362629,0.09592010588354875,0.1145194950862274,0.013114714754804462,0.08668563272366711,0.07554034210590727,0.005706343285477506,-0.04540250480762327,0.03476822141419407,0.07602663120291087,,,,,,,,,
tianyan-287__message_0235,message,1024,1024,1024,True,True,0.20260509367301413,0.21606052478696347,0.046682150371218055,0.10279385314445483,0.1114307369220587,0.012416809130993054,0.2099609375,0.2561624252047341,0.06561918808677097,0.16796875,0.17510314476323055,0.030661111305972877,0.19730284321896502,0.22410301717283446,0.05022216230596774,0.11725598789086601,0.11124474642957294,0.012375393608179982,0.07567430680072074,0.10605806903832887,0.011248314008138933,0.1381217530090706,0.18028140726409175,0.03250138580512131,-0.0998112405285593,0.1269307868722934,-0.02933409321896502,,,,,,,,,
tianyan-287__message_0236,message,1024,1024,1024,True,True,0.11175827037139521,0.10208131322487184,0.010420594509714394,0.1069761235026421,0.09579785966719466,0.009177229916815521,0.1533203125,0.14706890990707516,0.021629264261255388,0.1787109375,0.15624104677249914,0.02441126469656627,0.14269522847853566,0.1289357837335614,0.016624436326987714,0.1460171008749026,0.13377546208494315,0.01789587425604006,0.09043842246381702,0.08858412706217729,0.00784714756736797,0.040084741939619264,0.034630148585689496,0.0011992471910669323,-0.004782146868753112,0.021319847907578196,0.03601570902146434,,,,,,,,,
tianyan-287__message_0237,message,1024,1024,1024,True,True,0.12562927353513123,0.1186278839993376,0.014072574862160297,0.11059978587197483,0.10608764692995266,0.011254588831134296,0.1640625,0.15096287582447784,0.022789789877196716,0.1767578125,0.15852132748817796,0.025129011268614165,0.14955157738490107,0.13652402068701688,0.01863880822454901,0.14491892777826812,0.13157928957087583,0.017313109443976397,0.08968534588124992,0.09278417155096032,0.008608902490398033,0.07056847773665711,0.06072448779280605,0.003687463417698651,-0.015029487663156399,0.03594392765388131,0.027206235115098926,,,,,,,,,
tianyan-287__message_0238,message,1024,1024,1024,True,True,0.12124090615449837,0.1123940643272036,0.01263242569598758,0.0989972666585088,0.09077936137282404,0.008240892451257777,0.1640625,0.16488902556026366,0.02718839075021328,0.1728515625,0.16241860526941485,0.02637980333766199,0.13734727179113926,0.13318019938475134,0.017736965508162124,0.14656506552557147,0.13940865518318835,0.01943477313998511,0.08951926005518965,0.09861457027027391,0.009724833469590792,0.08430212268742165,0.07363574936241082,0.005422223584163785,-0.022243639495989564,0.03172164609930872,0.03550429070886074,,,,,,,,,
tianyan-287__message_0239,message,1024,1024,1024,True,True,0.11051962531246629,0.10917195126844637,0.011918514943760027,0.09229149148302049,0.08953754050695717,0.008016971160034997,0.150390625,0.15228264823639234,0.023190004953888805,0.189453125,0.1910122527875997,0.03648568071499389,0.15088076358524466,0.1495524503162949,0.02236593539560786,0.1667956023925904,0.16638603022531837,0.02768431105414056,0.0947098620179242,0.10038164176598653,0.010076474003634851,0.06788588027317163,0.06294195886060387,0.003961690185209951,-0.018228133829445797,0.01580976329454209,0.03857236141475534,,,,,,,,,
tianyan-287__message_0240,message,1024,1024,1024,True,True,0.10140883003042331,0.09588386542820956,0.009193715649455,0.08855737047136981,0.08971191175389905,0.008048227110539371,0.150390625,0.13425763059759876,0.01802511137368129,0.1884765625,0.17196516073853355,0.029572016507829677,0.15169699090882763,0.15726521994243295,0.024732349403541812,0.14365868939268145,0.14454977094960175,0.020894636281582328,0.08771703461366756,0.0814428712477973,0.006632941277085289,0.05817987341257988,0.051078287219748074,0.0026089914253030794,-0.012851459559053494,0.013691795416755748,0.03677957159117237,,,,,,,,,
tianyan-287__message_0241,message,1024,1024,1024,True,True,0.11562641129227996,0.11398011558123788,0.012991466747912347,0.08307445992897448,0.08976171117373083,0.008057164792836274,0.138671875,0.1278332411036365,0.01634133753106046,0.2109375,0.19664411318749436,0.03866890725129609,0.16934482231813425,0.15668461632078212,0.0245500689915907,0.1846888998698777,0.17798712278942222,0.031679415878856865,0.07256308733362375,0.07787461890985965,0.006064456270355871,0.08894221710981906,0.08151520035112883,0.006644727888284673,-0.03255195136330548,0.04306332395865621,0.04159267768186575,,,,,,,,,
tianyan-287__message_0242,message,1024,1024,1024,True,True,0.10920116995828308,0.1109265362119668,0.01230469643598478,0.09147304737538697,0.10062211680854041,0.010124810391031552,0.134765625,0.14232814326262228,0.020257300364585527,0.1455078125,0.146812015043416,0.021553767761108213,0.1553276151324448,0.14198229600517095,0.02015897237889998,0.13690249166429522,0.12688944536079064,0.016100931343969074,0.09435956329796538,0.09261105485191054,0.008576807480783582,0.05434201158934038,0.0461576775453886,0.0021305311963840715,-0.017728122582896105,0.014841606660317697,-0.009819802632444807,,,,,,,,,
tianyan-287__message_0243,message,1024,1024,1024,True,True,0.09796859585701186,0.08605316189731083,0.007405146672524787,0.07972052277688614,0.07295219459731567,0.0053220226965646125,0.142578125,0.12092702704846404,0.014623345870779954,0.171875,0.16220598286788504,0.026310780878136618,0.159689337158892,0.14294045027841093,0.020431972325794866,0.16647755096828715,0.1504890584833508,0.02264695672320538,0.09087297932231665,0.08472447039230281,0.007178235883256195,0.05480512265246997,0.046926777262253944,0.0022021224242211937,-0.018248073080125715,0.007095616534695204,0.012185662841108003,,,,,,,,,
tianyan-287__message_0244,message,1024,1024,1024,True,True,0.10559363321166795,0.09422102174915994,0.008877600939455672,0.09476968066992039,0.08804844201125193,0.0077525281406087936,0.1357421875,0.1272234204761671,0.016185798717655617,0.18359375,0.1708376706207932,0.02918550970313863,0.14868846878897074,0.13596921218683025,0.01848762666270727,0.16319169322206992,0.15305858281189919,0.023426929772386997,0.09520385642858666,0.08661200040779747,0.007501638614640309,0.061430170286347056,0.05606847894659017,0.0031436743313842256,-0.010823952541747561,0.010389776783081298,0.03490528121102926,,,,,,,,,
tianyan-287__message_0245,message,1024,1024,1024,True,True,0.13605364716849505,0.12564646589919687,0.01578703439295804,0.08366327551808282,0.0890320535763241,0.007926706564017446,0.177734375,0.17161115182453965,0.029450387430545195,0.1591796875,0.16694082896397622,0.027869240375179558,0.16455217730775246,0.16097090693316382,0.025911632878885284,0.14613869354966136,0.15024345402682915,0.022573095477911927,0.08979876337270162,0.09859431451309929,0.009720838854307941,0.10991138457256716,0.09786682632289702,0.00957791569451609,-0.05239037165041223,0.04625488379579343,-0.005372489807752456,,,,,,,,,
tianyan-287__message_0246,message,1024,1024,1024,True,True,0.10410782668676286,0.09404064837484506,0.008843643546761249,0.08667746400050065,0.08571452388433844,0.007346979604718824,0.1474609375,0.1290132702231242,0.016644423893664863,0.1943359375,0.18053611400895286,0.03259328846145362,0.1722940612104653,0.16996669643872844,0.02888867789829486,0.15491845397213863,0.16047574100072118,0.025752463449730548,0.09576192210398243,0.09018739364425905,0.00813376597234454,0.040709992550984765,0.03554875418779943,0.0012637139243045874,-0.017430362686262205,0.008345904582780422,0.02204187628953469,,,,,,,,,
tianyan-287__message_0247,message,1024,1024,1024,True,True,0.10335324783548919,0.10798449803636617,0.011660651816165971,0.09912086058202599,0.10649826078651567,0.0113418795505527,0.1318359375,0.13746060412522404,0.018895417686471558,0.1923828125,0.17285073878256035,0.029877377897676916,0.16169342776697565,0.15142361337582877,0.02292911068779247,0.1812904366167165,0.1600005428329267,0.02560017370683121,0.0918642258318923,0.0874105410704298,0.007640602690225293,0.08218213067337896,0.07595125871621379,0.005768593700577241,-0.004232387253463199,0.011489022003596888,0.03068938473302435,,,,,,,,,
tianyan-287__message_0248,message,1024,1024,1024,True,True,0.12699424154048392,0.14966238323420333,0.022398828955341545,0.08765525566921437,0.1047069571081703,0.010963546866852213,0.154296875,0.18119379914802863,0.03283119284969614,0.1455078125,0.15183406007997582,0.023053581800369705,0.14526993105875838,0.15071084377429883,0.022713758431161107,0.11430507060725242,0.11589827591124864,0.013432410359199919,0.07776652678293927,0.09802852384160145,0.009609591486563422,0.09827571345539671,0.12316428677931006,0.015169441537856132,-0.03933898587126955,0.049227714757544644,0.00023788144124162192,,,,,,,,,
tianyan-287__message_0249,message,1024,1024,1024,True,True,0.10717067163203986,0.09545705593519971,0.009112049527815847,0.0935501191087285,0.0860286501928608,0.007400928654005607,0.1416015625,0.138090771564389,0.019069061191248265,0.171875,0.165740459626228,0.02746989995711331,0.13035269760722007,0.13065611674928326,0.017071020844002336,0.14557174878957474,0.14234228929656847,0.02026132732218799,0.09741401151708659,0.09530679511687831,0.00908338519545062,0.05081997473860657,0.04420822649028899,0.0019543672894166897,-0.01362055252331136,0.00975666011495327,0.04152230239277993,,,,,,,,,
tianyan-287__message_0250,message,1024,1024,1024,True,True,0.09649985783057644,0.0919421626334328,0.008453361269712606,0.07855950873333067,0.079221462298731,0.006276040088749257,0.1337890625,0.14094606082880967,0.019865792063158513,0.1708984375,0.1725783062506023,0.02978327178832668,0.169710969258229,0.15214468105901516,0.02314800397454944,0.17450459685389919,0.16301171847821871,0.026572820361222035,0.0903274695443861,0.10196009852916744,0.010395861692077533,0.05082092884648892,0.04379535581390469,0.0019180331908665153,-0.01794034909724576,0.006172388286190336,0.0011874682417709892,,,,,,,,,
tianyan-287__message_0251,message,1024,1024,1024,True,True,0.1453064643771822,0.1340158810049922,0.017960256361544233,0.08790549280512656,0.08725670392373516,0.007613732379634379,0.1787109375,0.17809083499975262,0.031716345510909114,0.1376953125,0.13921949903683037,0.01938206891206601,0.16052623494327917,0.15536002476877178,0.024136737296153378,0.11989230199228736,0.11489376482864033,0.013200577196498909,0.07956886811860789,0.08694091389972637,0.007558722509719635,0.1193300511173099,0.10591238221479232,0.011217432706412258,-0.057400971572055634,0.06573759625857431,-0.022830922443279167,,,,,,,,,
tianyan-287__message_0252,message,1024,1024,1024,True,True,0.11698462271891584,0.10831744790845205,0.011732669521400223,0.09449505385193832,0.09454511057632936,0.008938777933890345,0.138671875,0.13812009176594317,0.019077159749432564,0.1484375,0.15989743405596382,0.025567189417681296,0.1311999173211075,0.12787054636251208,0.01635087662704735,0.12306873424466458,0.1369879236311248,0.018765691220766878,0.10326507466052323,0.09602752615796972,0.00922128578001956,0.06811129163570218,0.059132175553655686,0.0034966141857083553,-0.02248956886697752,0.013719548058392608,0.0172375826788925,,,,,,,,,
tianyan-287__message_0253,message,1024,1024,1024,True,True,0.113716259038867,0.09853459615360212,0.009709066639153462,0.09432269534740531,0.08542678263360944,0.007297735191129954,0.154296875,0.14142648509355052,0.020001450685916265,0.1630859375,0.15931647126930712,0.025381738017703964,0.1474196035554049,0.1396544457641097,0.01950336422168066,0.11855857819686459,0.12177497404058975,0.014829144302586306,0.07699490890076452,0.09223800783744221,0.008507850089820052,0.055732471025066024,0.047758018300293366,0.002280828311971156,-0.019393563691461696,0.03672135013810249,0.0156663339445951,,,,,,,,,
tianyan-287__message_0254,message,1024,1024,1024,True,True,0.15217118826065984,0.13293963820099866,0.017672947405012424,0.09706537801655103,0.09602829633689194,0.009221433697365933,0.1689453125,0.1739017100152705,0.030241804746235234,0.203125,0.19802004452222266,0.03921193803258305,0.14342839152186682,0.14409510598282177,0.020763399568200634,0.1675199624727477,0.16493354655709794,0.027203074779902393,0.08336068563498387,0.10394475166120992,0.010804511397910603,0.08335037076176785,0.0758405473933847,0.00575178862892823,-0.05510581024410881,0.06881050262567596,0.059696608478133184,,,,,,,,,
tianyan-287__message_0255,message,1024,1024,1024,True,True,0.08703626674417562,0.0951336408509754,0.009050409621562377,0.08729498356074336,0.09261677933162789,0.008577867813763455,0.123046875,0.12847097809043234,0.016504792211512347,0.1875,0.16639054929344962,0.027685814894175886,0.1638826578017159,0.15778235958500386,0.024895272996211464,0.16838022985911702,0.15991169571175495,0.025571750425408907,0.07848359840518668,0.09029029672038767,0.00815233768185565,0.02887055562848386,0.024856150151760036,0.0006178282003668405,0.00025871681656773615,0.008552668338988947,0.023617342198284097,,,,,,,,,
tianyan-287__message_0256,message,1024,1024,1024,True,True,0.11996653481558728,0.10748776754492945,0.011553620171792789,0.11008237706225421,0.09902834222582274,0.009806612563994666,0.115234375,0.1138414082811549,0.012959866239436601,0.1904296875,0.18094715899854744,0.03274187434964561,0.1763531618129035,0.1578627188056233,0.024920637988703295,0.187684719397496,0.16998080872942345,0.028893475336308844,0.0886228552119755,0.0808252891388885,0.006532727364384929,0.05765007231557624,0.04977720272570144,0.0024777699111955794,-0.009884157753333067,0.031343679603611785,0.014076525687096497,,,,,,,,,
tianyan-287__message_0257,message,1024,1024,1024,True,True,0.1104797693722463,0.10679834001724153,0.011405885430438335,0.09746561510754781,0.09712739116057975,0.009433730113660265,0.140625,0.13602023849051398,0.018501505279016298,0.1611328125,0.16551131058216123,0.027393993930624635,0.13402289495616776,0.1290081870475589,0.016643112325297943,0.13072908807736494,0.12917320827417386,0.016685717735843097,0.0915837767716154,0.09360000584529238,0.008760961094238767,0.04940323550036281,0.04322646057989191,0.0018685268942649491,-0.013014154264698485,0.018895992600630893,0.02710991754383224,,,,,,,,,
tianyan-287__message_0258,message,1024,1024,1024,True,True,0.12978499731739326,0.11879201128978376,0.014111541946272113,0.09457572464974377,0.09866176541472978,0.00973414395475117,0.1416015625,0.14778164947468758,0.02183941592145943,0.1669921875,0.17571744063811687,0.030876618944410125,0.13822828678156515,0.13730729413646797,0.018853293023078532,0.13233644502021494,0.14106076629010023,0.019898139786350275,0.0898966970790965,0.09556006973412243,0.009131726927590341,0.08253896073316876,0.07306933347362245,0.005339127494279442,-0.03520927266764949,0.03988830023829676,0.02876390071843485,,,,,,,,,
tianyan-287__message_0259,message,1024,1024,1024,True,True,0.09451427646919844,0.09336267317626808,0.008716588742618648,0.09265964060120815,0.09388500677372914,0.008814394496903166,0.1123046875,0.10702611988805252,0.011454590338291791,0.189453125,0.1695836552171178,0.02875861611679828,0.18015833602808595,0.15701832446290973,0.0246547542171396,0.17886331960724366,0.15579079241823737,0.02427077100230233,0.07972525439908372,0.08300045831559688,0.006889076080599136,0.03313542848762707,0.026389568657928714,0.0006964093339515336,-0.0018546358679902841,0.014789022070114718,0.009294788971914048,,,,,,,,,
tianyan-287__message_0260,message,1024,1024,1024,True,True,0.14693380397483402,0.12741667056694408,0.016235007938365152,0.09455072209106313,0.08893901649007203,0.007910148654221304,0.1728515625,0.15609577421217657,0.024365890726898813,0.193359375,0.17478112552782557,0.03054844184077352,0.14982972475317796,0.12852916734773032,0.01651974685910086,0.17212377270496104,0.1495771519965233,0.02237332439939103,0.07897713457041834,0.08480486971639241,0.007191865927614291,0.0832682322372415,0.07401176751303688,0.005477741730403822,-0.05238308188377089,0.06795666940441568,0.04352965024682204,,,,,,,,,
tianyan-287__message_0261,message,1024,1024,1024,True,True,0.09957722511129885,0.09770901905179939,0.009547052404064896,0.09901958116759371,0.09876749579238177,0.00975501822509815,0.142578125,0.13240410424170632,0.01753084682004863,0.2041015625,0.19904669257112956,0.03961958582350576,0.16119212494557947,0.16571160939674917,0.027460337488860773,0.16632472954743752,0.17377615309273078,0.030198151383708204,0.1031766414663602,0.09499226187051492,0.009023529815276482,0.04147752934359051,0.03554645714927995,0.001263550615865596,-0.0005576439437051384,-0.0035994163550613495,0.04290943755442053,,,,,,,,,
tianyan-287__message_0262,message,1024,1024,1024,True,True,0.11164038662870676,0.1041810739215142,0.010853696163440006,0.09086866943660359,0.09016444642603405,0.008129627399313165,0.1318359375,0.13415532306115477,0.0179976507056428,0.1748046875,0.1615592614893762,0.02610139497299263,0.1200921656500709,0.1107364042547184,0.012262551227264416,0.14178519461275138,0.12715269110976968,0.016167806856456503,0.08407671152448959,0.08735913260077612,0.007631618048759984,0.07070961540016582,0.061463217965618606,0.003777727162689142,-0.020771717192103176,0.027563675104217172,0.0547125218499291,,,,,,,,,
tianyan-287__message_0263,message,1024,1024,1024,True,True,0.11870992923580662,0.10483857532754255,0.010991126876708814,0.09092528727879157,0.08609586170236586,0.0074124974022729065,0.140625,0.13231590576155547,0.017507498917500825,0.2109375,0.19418388462473357,0.03770738104795184,0.1641146323293392,0.15455553191215307,0.023887412444648565,0.18947969925033076,0.17655862455119953,0.031172947903411432,0.08083680714168465,0.07979885198379373,0.0063678567779314205,0.05568513165550475,0.049132296799788186,0.0024139825888224767,-0.02778464195701505,0.03787312209412197,0.046822867670660795,,,,,,,,,
tianyan-287__message_0264,message,1024,1024,1024,True,True,0.15137357163985332,0.1403401867911161,0.019695368028565353,0.08725965559929602,0.09749195122290033,0.009504680553248377,0.1650390625,0.18000002142471525,0.03240000771289795,0.1689453125,0.1491542434068411,0.022246988326267203,0.16232179912782083,0.15716030096998898,0.024699360200977523,0.1370923681341874,0.12827387684553418,0.01645418748098327,0.0806446746162535,0.10489749571472114,0.01100348460721994,0.1316293776115347,0.11761389881379139,0.01383302919418076,-0.0641139160405573,0.07072889702359982,0.006623513372179174,,,,,,,,,
tianyan-287__message_0265,message,1024,1024,1024,True,True,0.18106626968835182,0.16096245007264895,0.025908910333390003,0.08114212936071513,0.09382564268481997,0.00880325122521951,0.193359375,0.19560653579489864,0.03826191684568096,0.1708984375,0.1807339857200735,0.03266477359426373,0.1945030799845868,0.18354673611010763,0.03368940433667349,0.14002584682237923,0.14980633664142193,0.022441938497923038,0.07332721355659454,0.0932033575502293,0.008686865858635885,0.14002758090885026,0.12248506914221097,0.0150025921627722,-0.09992414032763669,0.10773905613175729,-0.023604642484586796,,,,,,,,,
tianyan-287__message_0266,message,1024,1024,1024,True,True,0.12205435388395447,0.11272502179552232,0.012706930538800983,0.09260868753026186,0.09965209628784968,0.009930540294562865,0.14453125,0.14373154017265607,0.02065875564040385,0.173828125,0.16533949696695618,0.027337149257286114,0.1543772159773201,0.1412610756604531,0.019954691496748254,0.13536103223275187,0.1220160132263275,0.01488790748364733,0.10131409636713692,0.10111670546107157,0.0102245881233011,0.0821560631073856,0.06871839795560185,0.004722218217584465,-0.029445666353692612,0.020740257516817545,0.019450909022679902,,,,,,,,,
tianyan-287__message_0267,message,1024,1024,1024,True,True,0.13880673465455684,0.1217673467956132,0.014827286745643133,0.0974751824381414,0.08847970853413269,0.007828658822285072,0.1806640625,0.18046568583051775,0.03256786376227914,0.2158203125,0.1851195976423284,0.034269265431257565,0.14513430235411942,0.14565829445357523,0.02121633874312442,0.175988872195899,0.16533447979251722,0.027335490208262283,0.07939151075751057,0.09916627067601526,0.009833949239788723,0.08606125903502183,0.07884828485008766,0.006217052023800563,-0.041331552216415435,0.059415223897046274,0.07068601014588058,,,,,,,,,
tianyan-287__message_0268,message,1024,1024,1024,True,True,0.09620688181774667,0.09160669012437934,0.00839178567554406,0.08777217254128983,0.08945773019847492,0.008002685492263132,0.125,0.14221485496264033,0.020225064972044828,0.185546875,0.17157854165991035,0.029439195958141595,0.16126339645551913,0.14905705121342755,0.02221800451644236,0.16401747143890416,0.15218780609502913,0.023161128324018187,0.08225827521133015,0.09528719721198793,0.009079649952516282,0.025800723447379482,0.02261100751632323,0.0005112576609032256,-0.008434709276456842,0.013948606606416517,0.024283478544480874,,,,,,,,,
tianyan-287__message_0269,message,1024,1024,1024,True,True,0.1257208300802607,0.10739697701179471,0.01153411067127196,0.09709763509664793,0.0938658872824446,0.008810804795320596,0.158203125,0.15013525025710447,0.022540593369763388,0.1962890625,0.17564225400371639,0.030850201391506023,0.15385786689110792,0.13973275591370046,0.019525243075237793,0.1666160319784452,0.15074306299602236,0.022723471041422763,0.10835136860979766,0.09779916583003764,0.009564676837051204,0.05709669609656537,0.04970071004734807,0.0024701605792105653,-0.028623194983612765,0.017369461470463032,0.04243119560889208,,,,,,,,,
tianyan-287__message_0270,message,1024,1024,1024,True,True,0.12145358525265595,0.11632762982107235,0.01353211745978844,0.08807676742003948,0.08323346941752056,0.006927810431277332,0.1572265625,0.15881223868684888,0.02522132715672866,0.1630859375,0.1592809089543905,0.025370407957336843,0.14087877652228514,0.14702587589808974,0.021616608183600484,0.13861392116300167,0.13763390154101995,0.018943090853403177,0.0786712777858547,0.08946884776344832,0.008004674720119093,0.09945439092078023,0.08624871778546365,0.007438841319636555,-0.03337681783261648,0.042782307466801256,0.022207160977714857,,,,,,,,,
tianyan-287__message_0271,message,1024,1024,1024,True,True,0.12452986592690926,0.1422350913382963,0.02023082120801349,0.07552395654437626,0.09072635052230327,0.008231270679095837,0.1455078125,0.19996460633351598,0.03998584378611802,0.13671875,0.15330274568314717,0.023501731833991697,0.14482234760626037,0.1614087159414108,0.026052773581855038,0.12775889759401224,0.13659877374557197,0.018659224988793962,0.08049217203367663,0.11171989271022542,0.01248133442718428,0.0824904654941229,0.0961383806757107,0.009242588238947866,-0.049005909382533006,0.04403769389323263,-0.008103597606260365,,,,,,,,,
tianyan-287__message_0272,message,1024,1024,1024,True,True,0.15989474319182012,0.1517336193738766,0.023023091248296462,0.0941076110364518,0.11761184895197756,0.013832547013902786,0.1787109375,0.1858553572540427,0.03454221382002784,0.16796875,0.17650070363867762,0.031152498384948303,0.2139388713206538,0.20341527034688622,0.041377772210296815,0.1329704417765042,0.12620375114959634,0.015927386804229237,0.07984087146453323,0.10214415360643697,0.010433428115975392,0.14543112695645255,0.1255467241639096,0.015761979948288804,-0.06578713215536833,0.0800538717272869,-0.04597012132065381,,,,,,,,,
tianyan-287__message_0273,message,1024,1024,1024,True,True,0.1285504242149513,0.11663744476365003,0.01360429352099351,0.09804255949249172,0.09090030528590241,0.00826286550107026,0.1376953125,0.14227716438709428,0.020242791506032254,0.1953125,0.17275385873950394,0.029843895709388477,0.15935350777736335,0.1341081788925346,0.017985003645872064,0.1627074429511653,0.14836538405805416,0.022012287186693916,0.08483585379034346,0.08578622235656864,0.007359275946210639,0.08430200070223201,0.07403107052481789,0.005480599403050559,-0.030507864722459588,0.04371457042460784,0.035958992222636654,,,,,,,,,
tianyan-287__message_0274,message,1024,1024,1024,True,True,0.10292008522409757,0.09006133315302352,0.008111043729299893,0.09578459718900277,0.08599380081403046,0.007394933778443147,0.12109375,0.1136086421636965,0.012906923574278837,0.1865234375,0.16163803981415353,0.02612685591496188,0.15173021370984155,0.12650496108298068,0.016003505178606454,0.1628440292846912,0.134744937593795,0.018156198207155708,0.08626786780377707,0.08033720137451753,0.006454065924689781,0.03125430476222031,0.02691607606219581,0.0007244751505859103,-0.0071354880350947975,0.016652217420320498,0.03479322379015845,,,,,,,,,
tianyan-287__message_0275,message,1024,1024,1024,True,True,0.09859157387587783,0.09121668237670394,0.00832048314381249,0.08356448096439166,0.0785209901423129,0.006165545892929198,0.1259765625,0.122814429479585,0.015083384088395956,0.1904296875,0.18174098717005838,0.03302978641754732,0.1528864004705641,0.14333606315401187,0.020545227000490877,0.1663342213012437,0.15837251139051614,0.025081852364139165,0.08767390943037487,0.08408687321349483,0.007070602246822355,0.05433506631006449,0.04648225109228903,0.002160599666606605,-0.01502709291148617,0.010917664445502961,0.03754328702943591,,,,,,,,,
tianyan-287__message_0276,message,1024,1024,1024,True,True,0.10537888190269423,0.10255764012873894,0.010518069548775925,0.09584544871972371,0.09373465188271451,0.008786184963573676,0.146484375,0.13819631793010592,0.01909822228943892,0.1640625,0.1594911386934555,0.025437423321735056,0.15974402598568893,0.15193580710316343,0.02308448948008969,0.17587420296650863,0.16747632264367085,0.02804831864624694,0.09359457292313632,0.08641378232175545,0.007467341775151734,0.05666220907283416,0.04886658622037786,0.002387943248833623,-0.009533433182970522,0.011784308979557914,0.004318474014311069,,,,,,,,,
tianyan-287__message_0277,message,1024,1024,1024,True,True,0.1858084250835852,0.18124730901310807,0.03285058702449308,0.08890485530563312,0.08598038011154928,0.007392625764126498,0.18359375,0.20833810198490832,0.043404764738674065,0.1630859375,0.17044082305605918,0.02905007416402687,0.18917444310026038,0.18347766016885697,0.03366405178103857,0.13876411527944388,0.13652903527483315,0.018640177473076638,0.06276888172953188,0.09260812583727651,0.008576264971092842,0.15894420401156378,0.15099614678820822,0.022799836344886124,-0.09690356977795207,0.12303954335405332,-0.02608850560026038,,,,,,,,,
tianyan-287__message_0278,message,1024,1024,1024,True,True,0.10084339465456035,0.09056492462899389,0.008202005573055345,0.09417453023055769,0.08889639161940001,0.007902568442949731,0.13671875,0.12274362496120177,0.015065997468616154,0.1953125,0.17426404568886145,0.030367957619849593,0.16407604628942302,0.1505284553406396,0.022658815867238932,0.16722522957407027,0.1552539742997384,0.024103796535863833,0.09718716984803065,0.09008926321277343,0.008116075346220372,0.028806151622639425,0.0248537493629445,0.0006177088573960641,-0.006668864424002663,0.0036562248065297037,0.031236453710576984,,,,,,,,,
tianyan-287__message_0279,message,1024,1024,1024,True,True,0.18889103955962844,0.18457814853154897,0.03406909291533455,0.08548271996104535,0.10486061714393766,0.010995749027807472,0.2216796875,0.22331351391916446,0.049868925498924854,0.166015625,0.1671586873963499,0.027942026772070628,0.2206419932617665,0.1973484508023216,0.038946411034076346,0.1333134253944085,0.13468338158577628,0.018139613275379822,0.08049050372815625,0.10492394563724011,0.011009034368086519,0.16581221134536037,0.14900920367455364,0.022203742779724613,-0.10340831959858308,0.10840053583147219,-0.054626368261766506,,,,,,,,,
tianyan-287__message_0280,message,1024,1024,1024,True,True,0.11422576765831972,0.10648923407676712,0.0113399569742565,0.0874785285687562,0.09664299686022516,0.009339868842125492,0.1259765625,0.12462177241578881,0.015530586160052661,0.1953125,0.17864609678093452,0.03191442789506302,0.14309573745379456,0.134067334218176,0.0179740501043681,0.16384913475414517,0.15224200617015507,0.023177628442713538,0.0880213495825784,0.09014419545847253,0.0081259759748553,0.08060533198840063,0.07341021020915563,0.005389058962952418,-0.02674723908956353,0.026204418075741323,0.05221676254620544,,,,,,,,,
tianyan-287__message_0281,message,1024,1024,1024,True,True,0.09623444232272117,0.09197275909539686,0.008458988415619905,0.08107114874315197,0.08216290497207061,0.006750742953449506,0.134765625,0.13389706593980125,0.017928424267287482,0.1845703125,0.19039207460270008,0.03624914207152011,0.14650166491659117,0.15650367828136713,0.024493401315597664,0.1424590353614125,0.15624726566565542,0.024413208027993898,0.10997883500345877,0.10632761355662045,0.011305561404646017,0.04793505108170282,0.04123286486045641,0.0017001491446006606,-0.015163293579569206,-0.0137443926807376,0.03806864758340883,,,,,,,,,
tianyan-287__message_0282,message,1024,1024,1024,True,True,0.10838673213596217,0.09830557631410552,0.009663986334448425,0.07321175974922452,0.07936894693842653,0.006299429738114766,0.1318359375,0.12779831438708766,0.016332409160180895,0.1953125,0.19660164892335708,0.038652208359382954,0.1546599951169141,0.17075708456218305,0.02915798192817654,0.17446188282147906,0.1911592481766074,0.036541858163445774,0.11119834311896629,0.10371530442112516,0.010756864371166665,0.07154669405914518,0.06163619840181351,0.0037990209534277185,-0.035174972386737655,-0.0028116109830041147,0.04065250488308589,,,,,,,,,
tianyan-287__message_0283,message,1024,1024,1024,True,True,0.10523550503402632,0.09513938561516555,0.00905150269523117,0.08638185068218888,0.07697357556313938,0.005924931334974329,0.14453125,0.13285386356271933,0.017650149063541645,0.19921875,0.18408948977398346,0.03388894024524556,0.16963945810667988,0.16033992855228565,0.025708892688152067,0.14775710513325854,0.14826158652000512,0.02198149803742896,0.08894301393977802,0.08451386642433761,0.007142593617990781,0.07179822052604594,0.05892884590154162,0.0034726088792876387,-0.01885365435183743,0.016292491094248296,0.02957929189332012,,,,,,,,,
tianyan-287__message_0284,message,1024,1024,1024,True,True,0.11225594638011452,0.10127621691911891,0.010256872113448428,0.1013891868434712,0.09305264817530697,0.00865879533243746,0.134765625,0.1219763288902603,0.01487822480954495,0.1806640625,0.17476961716622522,0.030544419084428925,0.13655790904460494,0.13574853875846118,0.018427665775057438,0.14990714414512574,0.13975320022554488,0.019530956973281235,0.09017460762125773,0.07893602624667252,0.006230896239615373,0.04519271474396488,0.038169747079489356,0.0014569295921121864,-0.010866759536643317,0.02208133875885679,0.044106153455395064,,,,,,,,,
tianyan-287__message_0285,message,1024,1024,1024,True,True,0.14296748873951964,0.13299907452754095,0.01768875382518239,0.1044576975690269,0.09739845229934352,0.009486458510307496,0.1728515625,0.16978394913326098,0.02882658938328575,0.2001953125,0.20244703902266464,0.0409848036090443,0.17331078145511164,0.17028925651387206,0.028998430884047317,0.1678321685102045,0.16359370426481284,0.026762900075083047,0.08807711975166688,0.09769368236168106,0.009544055573385035,0.08949440793668234,0.07780689900423118,0.0060539135326546315,-0.038509791170492746,0.05489036898785277,0.02688453104488836,,,,,,,,,
tianyan-287__message_0286,message,1024,1024,1024,True,True,0.12134879163479087,0.11485668984643158,0.01319205920247938,0.09655811741994742,0.09361213411741799,0.008763231654017453,0.1357421875,0.1519920061008621,0.0231015699185645,0.1845703125,0.17160760491294014,0.029449170063955754,0.1344935790734728,0.12597973678748073,0.015870894081042926,0.165856328714431,0.1496675759254054,0.022400383283386983,0.08424486536875392,0.09783557675490076,0.009571800078964078,0.0796722753694291,0.07358611986569243,0.0054149170368880525,-0.024790674214843447,0.03710392626603695,0.05007673342652719,,,,,,,,,
tianyan-287__message_0287,message,1024,1024,1024,True,True,0.09913113978432381,0.08508427266965492,0.007239333455724186,0.0839543087734721,0.07534591709816407,0.005677007223363412,0.1318359375,0.12343881182590843,0.015237140264992032,0.1796875,0.17279619034690108,0.02985852339840247,0.16528804963294236,0.14917264390751467,0.022252477690358173,0.16871427368469671,0.1570107029519584,0.024652360841468116,0.09812067735565502,0.09408076105793672,0.008851189601240584,0.04598832019935366,0.039874445200889425,0.0015899713800787338,-0.01517683101085171,0.0010104624286687847,0.014399450367057642,,,,,,,,,
tianyan-287__message_0288,message,1024,1024,1024,True,True,0.11460818835512127,0.10645143458149743,0.011331907924458828,0.09343818795617109,0.0934204903423939,0.008727388015813312,0.1220703125,0.11940705229912282,0.014258044138765451,0.162109375,0.16773763101637565,0.028135912858985784,0.12532795858386947,0.12426456171156743,0.015441681297367948,0.1427570930808632,0.13948223095429066,0.019455292751986077,0.0917646122985487,0.08498938362515406,0.007223195328983603,0.06596333873151232,0.05813606379523936,0.003379801913604141,-0.021170000398950173,0.02284357605657257,0.03678141641613053,,,,,,,,,
tianyan-287__message_0289,message,1024,1024,1024,True,True,0.12085142902743409,0.10571741813145023,0.011176172496379883,0.08267284079618763,0.08045703885133339,0.006473335100724969,0.1484375,0.14141485319065186,0.019998160702933622,0.1884765625,0.17270615573265735,0.02982741622795289,0.14735792106869625,0.13249954826901697,0.017556130291493558,0.15858844737249167,0.15008514270836348,0.02252555006178983,0.09775386716802226,0.09272994083187427,0.008598841926682903,0.0660777930987605,0.05847776602854182,0.0034196491196888798,-0.038178588231246466,0.023097561859411836,0.041118641431303754,,,,,,,,,
tianyan-287__message_0290,message,1024,1024,1024,True,True,0.1254851602816165,0.1190884878793455,0.014182067945389022,0.09116260984050081,0.09419027222825108,0.008871807382432047,0.15234375,0.15413128666848144,0.023756453530081607,0.1357421875,0.13437994138856243,0.018057968647593476,0.15894533238651043,0.15630586942390184,0.024431524816361856,0.10835969295550878,0.1174829946017438,0.013802254020593362,0.09423369615521379,0.09557776760815526,0.009135109660958533,0.10817534951271882,0.09373508685979981,0.008786266508614214,-0.03432255044111568,0.0312514641264027,-0.02320314488651043,,,,,,,,,
tianyan-287__message_0291,message,1024,1024,1024,True,True,0.11209208941049154,0.10804682689413174,0.011674116801890469,0.07829607783396408,0.07342471666857638,0.0053911890178607175,0.15234375,0.13976819288294254,0.019535147741763428,0.1767578125,0.1577005232150426,0.02486945502229819,0.1906269251994822,0.16360710349275606,0.026767284313289397,0.1639766310213032,0.14061967637757952,0.0197738933845352,0.08704406194122698,0.08578267670077677,0.00735866762194999,0.0945710355422331,0.08355647190523616,0.006981683997250519,-0.03379601157652745,0.025048027469264558,-0.013869112699482211,,,,,,,,,
tianyan-287__message_0292,message,1024,1024,1024,True,True,0.11204369548002727,0.10946330694945353,0.011982215568310282,0.09883422335934991,0.09544752535366276,0.009110230096138094,0.1640625,0.16211779573419538,0.026282179693714297,0.2001953125,0.18540088780034153,0.03437348919715483,0.1605663788745024,0.15300014630050798,0.023409044767976846,0.16189310005800006,0.15450759749575194,0.023872597683909286,0.10831581870909532,0.1018707249600411,0.01037764460388434,0.05939083775392298,0.05100361198653498,0.0026013684356730148,-0.013209472120677357,0.0037278767709319482,0.0396289336254976,,,,,,,,,
tianyan-287__message_0293,message,1024,1024,1024,True,True,0.10189217431053663,0.10093804630786517,0.010188489192448733,0.08851022012707031,0.086803565632928,0.007534859006590039,0.125,0.13113671257164106,0.017196837384097205,0.1611328125,0.15152053824158546,0.022958473509019764,0.11963722108524644,0.1190073699801869,0.014162754109601092,0.15787441840462016,0.1472073982927288,0.021670018112114095,0.06122417539304447,0.08091172052459936,0.006546706518250874,0.0898565460658893,0.08256404998298783,0.006816822349593314,-0.013381954183466313,0.040667998917492156,0.04149559141475356,,,,,,,,,
tianyan-287__message_0294,message,1024,1024,1024,True,True,0.10851488384571124,0.09950219500889426,0.009900686811588021,0.10077514835168272,0.0924052420302667,0.008538728754672167,0.1298828125,0.1370225719022654,0.018775185210711497,0.2001953125,0.189074040599496,0.03574899282861986,0.15646485704877966,0.13582783096586273,0.01844919966489098,0.1782492275514712,0.15496575551436378,0.024014385382137567,0.09179769949184834,0.1000739185253307,0.010014789169014526,0.04489891469355972,0.038904215153438615,0.0015135379567050426,-0.007739735494028524,0.016717184353862907,0.04373045545122034,,,,,,,,,
tianyan-287__message_0295,message,1024,1024,1024,True,True,0.13082299966422084,0.11035019652582308,0.012177165873287776,0.10561304313512176,0.09100344664346859,0.008281627300990635,0.142578125,0.12820550218664772,0.016436650790930533,0.220703125,0.20101549782613,0.04040723036628688,0.15930740747271752,0.14902192522902036,0.022207534198963735,0.165143643167421,0.15163716636108768,0.02299383022202018,0.09827298376514501,0.09556044316960273,0.009131798298770873,0.0631539766203427,0.05443934739727212,0.0029636425450408786,-0.025209956529099076,0.03255001589907583,0.061395717527282484,,,,,,,,,
tianyan-287__message_0296,message,1024,1024,1024,True,True,0.1297077002993784,0.1254541448782173,0.015738742467124735,0.09089795762018847,0.09904406634320594,0.009809727077797379,0.1728515625,0.15746479900891627,0.024795162926918395,0.173828125,0.16688874920903152,0.027851854612555016,0.191960687204777,0.17612080893173304,0.031018539338768022,0.13458442439871013,0.1329443411291391,0.017674197838260908,0.10670217530397799,0.10638425203760854,0.011317609081601416,0.10200819945800418,0.09270270022165553,0.008593790628386132,-0.03880974267918992,0.0230055249954004,-0.018132562204776992,,,,,,,,,
tianyan-287__message_0297,message,1024,1024,1024,True,True,0.1026196083898542,0.08943571218042964,0.00799874661322065,0.10069777172978295,0.08630774230239187,0.0074490263813360835,0.140625,0.12162074034812288,0.014791604482825524,0.1650390625,0.1580144613229176,0.02496856998717182,0.1613279936223,0.14701901796019676,0.021614591641980655,0.15556189552120822,0.14366797504953693,0.02064048705483437,0.09666670714665528,0.08792398471467433,0.0077306270881062865,0.02540401655037555,0.019049058265888867,0.000362866620817229,-0.0019218366600712578,0.00595290124319893,0.003711068877700008,,,,,,,,,
tianyan-287__message_0298,message,1024,1024,1024,True,True,0.19176510001214273,0.18301931975691277,0.03349607140428308,0.08998548363684136,0.10327273492733377,0.010665257779371344,0.2041015625,0.20758388788666157,0.04309107051014208,0.1533203125,0.15233625846591234,0.023206335643393246,0.24994569481511222,0.21543718246884483,0.046413179590114345,0.13035880833434216,0.13210289222798377,0.017451174134998297,0.07139200348469435,0.08282024893354856,0.006859193633414952,0.18020381542720018,0.1640968111678376,0.02692776343545295,-0.10177961637530136,0.12037309652744838,-0.09662538231511222,,,,,,,,,
tianyan-287__message_0299,message,1024,1024,1024,True,True,0.11686772318299742,0.11177059839261783,0.012492666665043863,0.09563626721830343,0.09595261425040776,0.009206904181487554,0.1376953125,0.14331043153415277,0.02053787978650509,0.1689453125,0.16628983283570142,0.027652308504525526,0.13040725232166359,0.12343108711386108,0.015235233266109562,0.14198977102952975,0.1372404188350689,0.018834932562025133,0.08826556656141268,0.09071724404231453,0.008229618366632852,0.0933151544476895,0.08517032897633962,0.007253984937937918,-0.021231455964693988,0.02860215662158473,0.038538060178336414,,,,,,,,,
tianyan-287__message_0300,message,1024,1024,1024,True,True,0.13180742815695207,0.12086378724594565,0.014608055067433214,0.0937336505880347,0.10016555198619632,0.010033137804699398,0.1572265625,0.15873625075099274,0.025197197302482044,0.2177734375,0.1918791186893033,0.03681759618898374,0.1477858613980826,0.14277076346044265,0.020383490899077664,0.16503688582248438,0.16186548224557937,0.02620043434259397,0.08838366060555006,0.09881565978253178,0.009764534618257069,0.060374743023067945,0.05265560411714932,0.002772612644941952,-0.03807377756891736,0.04342376755140201,0.06998757610191739,,,,,,,,,
tianyan-287__message_0301,message,1024,1024,1024,True,True,0.10933296198292528,0.10359226901526927,0.010731358199731918,0.08767310263646591,0.08846632051317531,0.007826289865139863,0.169921875,0.15503795658810374,0.024036767983014743,0.19140625,0.17263493184177486,0.029802819692014256,0.13639319908112604,0.12851842551216475,0.016516985696125835,0.16054606735762092,0.14368916738027143,0.02064657682243566,0.09920165497990607,0.09355816002004684,0.008753129306336692,0.06703722643557883,0.05925187699239131,0.003510784927121471,-0.021659859346459365,0.010131307003019202,0.05501305091887396,,,,,,,,,
tianyan-287__message_0302,message,1024,1024,1024,True,True,0.12248918195359784,0.11273574338424651,0.01270934783639868,0.08179216192143221,0.09026373666523918,0.008147542156771645,0.1455078125,0.15031067016014985,0.022593297563993364,0.201171875,0.1799164998798542,0.032369946929017575,0.18693646075620357,0.16554945362991008,0.02740662159716175,0.15598269814820243,0.1439349162280518,0.020717260109576287,0.08470505458854688,0.09363138666223639,0.008766836568293218,0.08737728751657019,0.07670923219578626,0.005884306304067052,-0.04069702003216563,0.03778412736505096,0.01423541424379643,,,,,,,,,
tianyan-287__message_0303,message,1024,1024,1024,True,True,0.14852406113588,0.1322319146293769,0.017485279246550817,0.06054506308562137,0.07507275841465283,0.005635919055984827,0.134765625,0.1556409573998365,0.024224107620337717,0.154296875,0.1442105381746962,0.02079667932063551,0.19992747367110275,0.18358936992221786,0.03370505674843695,0.13658253727958328,0.12993832460641347,0.016883968201521674,0.06368272653318124,0.09815398193097849,0.00963420416890685,0.13433487460736276,0.11925308801124482,0.014221299000217704,-0.08797899805025862,0.08484133460269874,-0.04563059867110275,,,,,,,,,
tianyan-287__message_0304,message,1024,1024,1024,True,True,0.13162704489373026,0.11505920531780256,0.013238620728364243,0.10280136994823744,0.10116536046998022,0.010234430159021037,0.142578125,0.1572187577107114,0.024717737776099376,0.2060546875,0.19157241816655285,0.03669999140218059,0.18420653473514334,0.1616567252132861,0.026132896806683896,0.19450455470531058,0.17161893585475285,0.02945305914391777,0.06186337755648348,0.08285591652932409,0.00686510290391432,0.07198349903305869,0.061291983585275274,0.0037567072518176533,-0.02882567494549282,0.06976366733724677,0.02184815276485666,,,,,,,,,
tianyan-287__message_0305,message,1024,1024,1024,True,True,0.11538230029098023,0.10498707614558137,0.0110222861575981,0.08032013081728356,0.08282839038039459,0.006860542253007043,0.1533203125,0.14510865395240205,0.021056521451877967,0.18359375,0.16853669170436872,0.028404616450653425,0.1621286297337316,0.14844194237074318,0.022035010254799037,0.1394234951896416,0.12912082311737924,0.016672186962509536,0.07406781795790626,0.07667768339989833,0.005879467131575044,0.0712651219766611,0.06289733560211701,0.003956074825845336,-0.03506216947369667,0.04131448233307397,0.0214651202662684,,,,,,,,,
tianyan-287__message_0306,message,1024,1024,1024,True,True,0.14820140855221547,0.13719452033887247,0.018822336411013295,0.1060346520834185,0.1036155740496262,0.010736187185633569,0.1669921875,0.17481914107242916,0.03056173208530189,0.20703125,0.1833660256367087,0.03362309935780211,0.13694011143167245,0.13162703639671625,0.017325676710582466,0.1620720388587043,0.1568169827115476,0.02459156606675382,0.09646454346000813,0.10744000060490903,0.011543353729982855,0.09386795423605467,0.08453279192053618,0.007145792909880667,-0.04216675646879697,0.051736865092207346,0.07009113856832755,,,,,,,,,
tianyan-287__message_0307,message,1024,1024,1024,True,True,0.12119705119559712,0.11223399956389082,0.012596470658107446,0.08591551299683758,0.09113892419496784,0.008306303503416095,0.1494140625,0.14724068432280996,0.021679819119849376,0.1982421875,0.19078978942756114,0.03640074374981312,0.16014430660558052,0.15201223076548273,0.023107718302298373,0.18116058563116755,0.1706445996035863,0.029119579373868283,0.09257480353781287,0.10583718866472934,0.011201510504453512,0.06201248545653774,0.05413615296267528,0.0029307230575981755,-0.03528153819875954,0.028622247657784247,0.038097880894419484,,,,,,,,,
tianyan-287__message_0308,message,1024,1024,1024,True,True,0.13097102283421497,0.11999546153145535,0.014398910788146979,0.0863133053978038,0.09470391638468734,0.008968831778597851,0.166015625,0.14999031681049854,0.022497095136913725,0.16796875,0.1725710875548294,0.029780780259856587,0.13924391972385355,0.1399435222060489,0.019584189407434897,0.1523512771735952,0.1460591428517993,0.021333273210602313,0.08781217788744307,0.08805646976933669,0.007753941868238108,0.08355291974216929,0.07301462597430104,0.005331135606167077,-0.04465771743641117,0.0431588449467719,0.028724830276146446,,,,,,,,,
tianyan-287__message_0309,message,1024,1024,1024,True,True,0.13300041324898915,0.1326333293683556,0.017591600059334696,0.10997292116798307,0.11082785629454671,0.012282813730844697,0.15625,0.15065482804348515,0.022696877212812078,0.23046875,0.2125152961736646,0.04516275110778038,0.16383709572363142,0.1558298633450647,0.02428294631014154,0.17724403308570721,0.1682311517632773,0.028301720423598842,0.08145308301945142,0.07868739411760951,0.006191705993020009,0.07073934863739909,0.06417260845672451,0.00411812367614007,-0.023027492081006073,0.051547330229537724,0.06663165427636858,,,,,,,,,
tianyan-287__message_0310,message,1024,1024,1024,True,True,0.10570334109913748,0.09655078331303739,0.009322053758361098,0.09664612641545405,0.08740835678399708,0.007640220835678529,0.1357421875,0.1244367875325101,0.015484514091411062,0.2080078125,0.1858498198145359,0.03454015552509546,0.17242680753224426,0.15928601445049376,0.025372034399522906,0.18469499861738636,0.16199421286074406,0.026242125000372055,0.09165331477643728,0.08457478031047386,0.007152893464564916,0.05102808457508341,0.042284529416331554,0.0017879814279606085,-0.009057214683683437,0.014050026322700207,0.035581004967755736,,,,,,,,,
tianyan-287__message_0311,message,1024,1024,1024,True,True,0.09685518008299276,0.08743221568966482,0.00764439234040407,0.07468071234895472,0.07462488199246048,0.005568873012388653,0.14453125,0.1334507566254302,0.01780910444389981,0.1513671875,0.14782240952805745,0.021851464758680727,0.15320037194749136,0.14014837108666747,0.01964156591824625,0.13018071496257325,0.1281224443607085,0.016415360748962847,0.0973769909753229,0.09147498379027723,0.008367672659431481,0.05881389555899562,0.051721384326412274,0.0026751015966404454,-0.022174467734038042,-0.0005218108923301379,-0.001833184447491365,,,,,,,,,
tianyan-287__message_0312,message,1024,1024,1024,True,True,0.12397318776749433,0.11713789253701212,0.013721285868012599,0.08356240900248396,0.09032915594065676,0.008159356412951487,0.1474609375,0.13601551422031932,0.01850022010861789,0.1904296875,0.19558120844539598,0.03825200909696143,0.1484041389113102,0.14897340120588173,0.022193074266848606,0.16896509458995784,0.17072794291611765,0.02914803049236913,0.08733408042100727,0.08344788986599108,0.006963550323086576,0.088534386693972,0.07744035622958252,0.00599700877296464,-0.04041077876501037,0.036639107346487065,0.04202554858868979,,,,,,,,,
tianyan-287__message_0313,message,1024,1024,1024,True,True,0.1257032317399231,0.1216612513855647,0.01480146008870157,0.10788503959001211,0.11290185366859214,0.012746828561804192,0.142578125,0.13859049223957096,0.01920732453920658,0.2236328125,0.2026182067840556,0.04105413772038632,0.18028928395143554,0.15620822213064248,0.024401008661216143,0.201961394174076,0.1819650263564265,0.03311127081689499,0.0913994582240843,0.09456994454479953,0.008943474411206458,0.06509612827493827,0.05543601077518506,0.003073151290666434,-0.017818192149910983,0.0343037735158388,0.043343528548564464,,,,,,,,,
tianyan-287__message_0314,message,1024,1024,1024,True,True,0.10615131037642186,0.09572372047150667,0.009163030660907144,0.09515709859696059,0.08891119092897912,0.007905199872409377,0.1279296875,0.12678627798333533,0.016074760284867585,0.2001953125,0.1966930175010235,0.03868814313365794,0.16085569492035834,0.15348677790783477,0.023558190992528996,0.16846894647544444,0.16067993626590388,0.025818041918414934,0.09031508408181119,0.09285174698452174,0.008621446918077641,0.05717287541579154,0.04965984344519704,0.0024661000510014797,-0.010994211779461277,0.015836226294610678,0.03933961757964166,,,,,,,,,
tianyan-287__message_0315,message,1024,1024,1024,True,True,0.11615599914150804,0.10751434339624585,0.011559334035925874,0.09771490823901467,0.09299355307417817,0.008647800913359992,0.1611328125,0.155155908472151,0.024073355933818492,0.1943359375,0.17483318774775353,0.030566643538041234,0.1514518280133254,0.13629853226800676,0.01857728989841288,0.161833500419251,0.1426186760351348,0.02034008675401474,0.09068844994177341,0.1008908620458731,0.010178966044359396,0.06372451953239258,0.05479747266710664,0.003002763010702299,-0.018441090902493365,0.025467549199734624,0.04288410948667459,,,,,,,,,
tianyan-287__message_0316,message,1024,1024,1024,True,True,0.1169365289291095,0.10577662932273936,0.011188695310880205,0.09884257853470904,0.08754461620361215,0.00766405982623775,0.1591796875,0.14204624037993432,0.020177134406074083,0.171875,0.16289489647626135,0.0265347472980119,0.15634340400314872,0.13551390884865613,0.018364019491441883,0.15806315314965486,0.14247958350612758,0.020300431716079585,0.10669162914622005,0.10072197962470704,0.010144917179519899,0.05925894411580307,0.05106059109472802,0.0026071839629430186,-0.018093950394400454,0.01024489978288945,0.015531595996851277,,,,,,,,,
tianyan-287__message_0317,message,1024,1024,1024,True,True,0.10875348226989597,0.10348232871648408,0.010708592356586465,0.08747426619020393,0.08257952218831345,0.006819377484850154,0.1357421875,0.14067484765181476,0.019789412761861296,0.1923828125,0.18138763012319267,0.03290147236170815,0.1550962793718449,0.14055308257365598,0.019755169020956954,0.17058333440552914,0.15031359015047488,0.022594175383924935,0.10392357532054117,0.10543778859754918,0.011117127264341472,0.05859401114844637,0.051286962934723845,0.0026303525670677372,-0.021279216079692034,0.004829906949354798,0.03728653312815511,,,,,,,,,
tianyan-287__message_0318,message,1024,1024,1024,True,True,0.1043541769685598,0.10489724480842223,0.011003431968398064,0.0905520612357256,0.0929197678610607,0.00863408325935341,0.1533203125,0.15379237928778494,0.0236520959269979,0.166015625,0.1628359715196231,0.026515553620739502,0.16410987133059546,0.14910757319545836,0.022233068384238976,0.14903355873498814,0.14058487761907285,0.019764107815169688,0.08606404895538838,0.08887137112721287,0.007898120606030805,0.0794697996344983,0.06896203502315597,0.00475576227453499,-0.0138021157328342,0.01829012801317141,0.0019057536694045418,,,,,,,,,
tianyan-287__message_0319,message,1024,1024,1024,True,True,0.12488889873781342,0.11917810286271015,0.014203420201954722,0.09998767677142864,0.09906667548006645,0.0098142061906728,0.1474609375,0.16506844165503454,0.02724759043042154,0.2021484375,0.1905025849951768,0.036291234889844565,0.14441725825964402,0.1432885070168145,0.0205315962431077,0.1606366410477975,0.16498382445065637,0.027219662330364998,0.07867572936821,0.09701838511774648,0.009412567050855372,0.08506447998769923,0.07634914819026521,0.005829192429379078,-0.02490122196638478,0.046213169369603416,0.05773117924035598,,,,,,,,,
tianyan-287__message_0320,message,1024,1024,1024,True,True,0.09632642380128617,0.09330647180119546,0.008706097679987285,0.08255209776805639,0.07934143591242016,0.006295063452644675,0.1201171875,0.13400814818618115,0.01795818378028949,0.193359375,0.17377582419395424,0.030198037074288087,0.16020097428391283,0.14922767239106066,0.02226889820725373,0.1738161983086517,0.1677772218600575,0.02814919617507896,0.07630952987113923,0.08857773818928227,0.007846015702729036,0.07795977958904682,0.06840046019689976,0.004678622955147669,-0.013774326033229783,0.02001689393014694,0.033158400716087166,,,,,,,,,
tianyan-287__message_0321,message,1024,1024,1024,True,True,0.10864471166516357,0.09848338379167403,0.009698976883058163,0.07607042883566151,0.07380568528918559,0.0054472791810063065,0.1484375,0.1301547716459784,0.016940264582216785,0.1650390625,0.15237135377939898,0.023217029452566765,0.1554657056270234,0.1377539823630302,0.018976159656874034,0.15414574769568695,0.13997511561211917,0.01959303299062613,0.08943727570109124,0.0948858150636354,0.009003317900290419,0.06375246232308594,0.05519859578530717,0.0030468849766697305,-0.03257428282950206,0.01920743596407233,0.009573356872976613,,,,,,,,,
tianyan-287__message_0322,message,1024,1024,1024,True,True,0.12362683291732904,0.10841079038399755,0.011752899471683054,0.11060177187513798,0.09979284403829732,0.009958611721251932,0.1572265625,0.15375013494870293,0.02363910399674436,0.197265625,0.18042282222365658,0.03255239477914919,0.15071420672752583,0.1433594801762253,0.020551940556397537,0.1530970611826875,0.14490440669813115,0.020997287080537393,0.09119135543264024,0.09352482479311493,0.008746892852582844,0.03553852036152158,0.03049098038053426,0.0009296998845661252,-0.01302506104219106,0.03243547748468879,0.046551418272474165,,,,,,,,,
tianyan-287__message_0323,message,1024,1024,1024,True,True,0.1234476134259874,0.10663169319801535,0.011370317994275674,0.07948190320769247,0.07530494965556381,0.005670835442626999,0.138671875,0.14608057245788816,0.021339533649624313,0.158203125,0.14293923630939073,0.020431625276711843,0.1426381478003642,0.12896810724740423,0.016632772686977958,0.13825746180503246,0.1238978166773257,0.015350668977408208,0.09086310253553495,0.10307962272566354,0.010625408621265132,0.0850181982358445,0.07457019359234114,0.005560713772399235,-0.04396571021829493,0.032584510890452445,0.015564977199635788,,,,,,,,,
tianyan-287__message_0324,message,1024,1024,1024,True,True,0.12099341361323458,0.10558088739228741,0.011147323782542875,0.11527282020232561,0.09572206896264383,0.009162714486489143,0.142578125,0.12724877345682778,0.016192250346267076,0.2080078125,0.18779460829246739,0.035266814903721265,0.18917020389311584,0.16840612186043388,0.028360621880071303,0.17576611618099458,0.16060660875065383,0.025794482774385598,0.09222749560504831,0.08686627367788562,0.007545749502681323,0.04578629521750408,0.037996218120647636,0.001443712591471832,-0.0057205934109089696,0.028765918008186273,0.01883760860688416,,,,,,,,,
tianyan-287__message_0325,message,1024,1024,1024,True,True,0.11261456896331817,0.10495542030991425,0.01101564025243076,0.08623998198064323,0.08633854728002953,0.007454344746425893,0.126953125,0.13097242865715725,0.017153777068354144,0.18359375,0.16940428483406372,0.028697811720140597,0.14635410645350153,0.13516958337978718,0.01827081627106524,0.15757668886228915,0.14972947394101013,0.02241891536665163,0.07929079848449924,0.08899890390833655,0.007920804896885323,0.08620038704442377,0.078076950159754,0.00609601014624871,-0.026374586982674947,0.03332377047881893,0.037239643546498474,,,,,,,,,
tianyan-287__message_0326,message,1024,1024,1024,True,True,0.10574369260727429,0.10305205294152477,0.010619725615462823,0.09960500957306505,0.09684216589838691,0.009378405095890692,0.150390625,0.14852007272081477,0.022058212000996107,0.1943359375,0.1724157454176594,0.029727189267927133,0.1616557064760522,0.14542821136321085,0.021149364660302733,0.16155932436669174,0.142048819276926,0.020177867057968785,0.0921386809172769,0.0944756621974872,0.00892565074765371,0.0528470422873681,0.04539511358380147,0.002060716337286237,-0.0061386830342092386,0.013605011689997393,0.03268023102394779,,,,,,,,,
tianyan-287__message_0327,message,1024,1024,1024,True,True,0.09798409381339283,0.09625463551503698,0.009264954858132618,0.09060828790803069,0.08902846508248978,0.007926067594944103,0.142578125,0.13889482192933497,0.019291771558781673,0.1796875,0.16366375780279935,0.026785825618133367,0.1531537658964261,0.14009664788421186,0.019627070748392844,0.17082665193628038,0.15863636217758517,0.025165495404937975,0.09962812924832407,0.10484252259459707,0.010991954543998598,0.06883684548572952,0.06005249669770418,0.003606302359627772,-0.0073758059053621455,-0.001644035434931232,0.026533734103573903,,,,,,,,,
tianyan-287__message_0328,message,1024,1024,1024,True,True,0.13690018776327628,0.12241684426072554,0.01498588375875473,0.0776540863125416,0.081277251089683,0.006605991544695378,0.1591796875,0.16722407385103055,0.027963890875334924,0.16796875,0.15554029346000545,0.024192782889624613,0.205436527004214,0.17144070736168973,0.029391916140676537,0.14431514413522456,0.1353199874852907,0.018311499013019233,0.08547470019981318,0.09758447285854224,0.009522729343079569,0.1043161280686617,0.09215975144621155,0.008493419786627493,-0.05924610145073468,0.0514254875634631,-0.037467777004214,,,,,,,,,
tianyan-287__message_0329,message,1024,1024,1024,True,True,0.11349080343719331,0.10229567901660784,0.01046440594546886,0.0796189904098542,0.07506340722674401,0.005634515104488006,0.1357421875,0.1381474249460678,0.019084711019229435,0.19140625,0.18503620855714537,0.03423839847720339,0.19183395240202705,0.16199814688540862,0.026243399594306424,0.16867780642748906,0.1487547651370049,0.02212798015096548,0.08951692323277174,0.09765211924565058,0.009535936393166761,0.08322600843781873,0.07343038447589458,0.005392021364277699,-0.033871813027339104,0.023973880204421566,-0.00042770240202705256,,,,,,,,,
tianyan-287__message_0330,message,1024,1024,1024,True,True,0.10279792484385669,0.09738291099764351,0.009483431354374957,0.09749988154617312,0.09180078783624593,0.00842738464735544,0.130859375,0.12763321871783573,0.01629023852027489,0.1806640625,0.16391535878915708,0.026868244846978095,0.15850368777325594,0.14864992370927765,0.022096799818774066,0.14232615485025504,0.13960567658561493,0.01948974493492731,0.08669708799985171,0.08616263482870819,0.007423999640625318,0.04135146738280292,0.031741037102315246,0.001007493436330553,-0.0052980432976835745,0.016100836844004984,0.022160374726744064,,,,,,,,,
tianyan-287__message_0331,message,1024,1024,1024,True,True,0.11499520307534004,0.11733012294795483,0.013766357750982196,0.09021728551789227,0.10825051622858718,0.011718174263755618,0.162109375,0.15966309813711987,0.02549230490674357,0.1884765625,0.18457085547162402,0.034066400689527127,0.16295472865667698,0.15583523473167143,0.024284620383875133,0.16347885382629088,0.16478493623428161,0.027154075209736256,0.09242744727437846,0.08893434747527766,0.007909318160853426,0.08484505325749558,0.07765193942469319,0.00602982369641622,-0.02477791755744778,0.022567755800961584,0.025521833843323016,,,,,,,,,
tianyan-287__message_0332,message,1024,1024,1024,True,True,0.13747822671587498,0.11871779508098408,0.014093914868890528,0.08446138297824513,0.07946677864585037,0.006314968908348581,0.1611328125,0.16011279679444626,0.025636107697339643,0.19140625,0.16814510465016722,0.02827277621781568,0.14174865581476867,0.12530916344744833,0.01570238644389932,0.16456741291123328,0.1471626512046454,0.021656845909580114,0.09068400848659855,0.09597244302488246,0.00921070982016431,0.09205329842914717,0.08393400964622588,0.007044917975292738,-0.053016843737629854,0.04679421822927643,0.04965759418523133,,,,,,,,,
tianyan-287__message_0333,message,1024,1024,1024,True,True,0.1037481385490756,0.09404757964519708,0.008844947237119687,0.0898069035413056,0.08227283729661834,0.006768819756835833,0.12890625,0.1134890736756707,0.012879769843761811,0.203125,0.17731858608958767,0.03144188097281052,0.17780693611399753,0.15882234198632336,0.025224536314020655,0.178677509253387,0.15656455435253278,0.024512459679607194,0.09180074545666106,0.08387908804851571,0.00703570141185065,0.029709417294510286,0.025276039690532166,0.0006388781824373574,-0.01394123500776999,0.011947393092414535,0.025318063886002468,,,,,,,,,
tianyan-287__message_0334,message,1024,1024,1024,True,True,0.13054751366498568,0.12050749224286375,0.014522055686663867,0.1002427255331581,0.09863122133931884,0.009728117822885705,0.1494140625,0.15198814206600622,0.02310039532867649,0.2080078125,0.18612609104010472,0.034642921765869354,0.1894941624823257,0.1574665550380724,0.024795715955558278,0.17624857136407146,0.15642366083508338,0.0244683616690492,0.07323904845727866,0.09010586141498315,0.00811906626133615,0.09278396153963059,0.07772493089820057,0.006041164883130054,-0.030304788131827576,0.05730846520770702,0.0185136500176743,,,,,,,,,
tianyan-287__message_0335,message,1024,1024,1024,True,True,0.15423108041404127,0.14049355029463978,0.01973843767439248,0.06951631400488448,0.0859869080563894,0.007393748357097964,0.15234375,0.16131228231551983,0.026021652425841972,0.166015625,0.17952050526992114,0.03222761181236779,0.22339741052225567,0.19130944962259727,0.03659930551490108,0.1669922683360739,0.1780040026076428,0.031685424944341706,0.07406252496430885,0.09188447764405791,0.008442757231921378,0.14401029939800233,0.12778728745796972,0.016329590835865784,-0.08471476640915679,0.08016855544973242,-0.057381785522255674,,,,,,,,,
tianyan-287__message_0336,message,1024,1024,1024,True,True,0.13315546367944403,0.12949887893872244,0.01676995964638589,0.09411706753522334,0.10871441269482894,0.011818823527581583,0.1572265625,0.15799022040376168,0.024960909743229197,0.1708984375,0.17828806951738604,0.03178663573223628,0.16488769137855455,0.1425973880125242,0.020334015067994378,0.13476539897983753,0.12317530017294517,0.015172154572695148,0.10338284514022109,0.09409307252827834,0.008853506297811847,0.07282092199938925,0.06394286008872645,0.004088689356326445,-0.039038396144220694,0.029772618539222945,0.006010746121445448,,,,,,,,,
tianyan-287__message_0337,message,1024,1024,1024,True,True,0.23337188061123557,0.25611287838269114,0.06559380647346713,0.06422210196639717,0.09118435570334654,0.008314586725034427,0.2314453125,0.2898259231913846,0.08399906575373836,0.1279296875,0.16902599399447707,0.028569786645820994,0.2229370548434068,0.24886419018836728,0.06193338515811184,0.10330377621892135,0.1387856823129002,0.01926146561505726,0.05735427701988217,0.0812159596085244,0.006596032095133467,0.20701532913984283,0.24377723071510557,0.059427338215125816,-0.16914977864483838,0.1760176035913534,-0.09500736734340681,,,,,,,,,
tianyan-287__message_0338,message,1024,1024,1024,True,True,0.09460308433215295,0.09417651194078892,0.00886921540133356,0.0909667095397688,0.0838564503451397,0.007031904264486879,0.140625,0.13574247409946455,0.018426019274643803,0.193359375,0.17049175795014465,0.02906743952893071,0.16249020310439044,0.14287869070308468,0.020414320257027732,0.17299220178456484,0.15295563793908323,0.02339542717735192,0.10475605507506898,0.09396179131553292,0.00882881822722376,0.0764601910778735,0.06471314007705438,0.004187790498632461,-0.003636374792384142,-0.010152970742916032,0.03086917189560956,,,,,,,,,
tianyan-287__message_0339,message,1024,1024,1024,True,True,0.10226856006766302,0.09439419893398861,0.008910264792389416,0.09480503867391793,0.08977136511406572,0.008058897994442897,0.1513671875,0.14358215626181045,0.020615835596790956,0.1904296875,0.17657895192345607,0.031180126262386212,0.13837401540121308,0.1361098266281851,0.018525884904754607,0.15310718541674717,0.14861862546320867,0.022087495834573496,0.11090608961338339,0.10168929358972367,0.010340712430777015,0.04597633702693292,0.03915929344452482,0.0015334502630744043,-0.007463521393745093,-0.008637529545720363,0.05205567209878692,,,,,,,,,
tianyan-287__message_0340,message,1024,1024,1024,True,True,0.10457757332553277,0.09423348825238835,0.008879950308213013,0.09553397111095496,0.08839531112388739,0.007813731028688849,0.1357421875,0.1354944226122557,0.018358738559028545,0.1728515625,0.16048282903285918,0.02575473841438991,0.1518938312565252,0.1392261347350998,0.01938391659327616,0.15867603304749067,0.15034990076432125,0.02260509265984125,0.10023956991433779,0.10034928309540968,0.010069978617762675,0.04073043296581726,0.03549779898171823,0.0012600937325464758,-0.009043602214577812,0.004338003411194988,0.020957731243474803,,,,,,,,,
tianyan-287__message_0341,message,1024,1024,1024,True,True,0.09797422192534036,0.0884255590862915,0.00781907949972323,0.08473621421064961,0.08025334353216868,0.00644059914809228,0.1201171875,0.1093456131507989,0.011956463115324164,0.16015625,0.16602377360485326,0.027563893401995575,0.1682012869854293,0.153735374425386,0.02363456534971363,0.14779473412992986,0.14828187896545564,0.02198751562952603,0.0641723579047771,0.0674172506302301,0.00454508568253926,0.08466201421928554,0.07299126847082726,0.005327725272980383,-0.013238007714690747,0.03380186402056326,-0.008045036985429299,,,,,,,,,
tianyan-287__message_0342,message,1024,1024,1024,True,True,0.11334388585044741,0.10572631475448278,0.011178053631563965,0.0962363153960558,0.09516533973395488,0.009056441886679052,0.142578125,0.13404207129943993,0.017967276878244134,0.1796875,0.16635814541570304,0.027675032546152202,0.16192848889156242,0.14742992736630156,0.021735583483232956,0.15398682268792152,0.13949932166770754,0.01946006074575054,0.09225618630388721,0.08622484067172796,0.0074347231488648725,0.06777519828880027,0.05902574849674194,0.0034840389856006333,-0.01710757045439161,0.0210876995465602,0.017759011108437583,,,,,,,,,
tianyan-287__message_0343,message,1024,1024,1024,True,True,0.1069417479091743,0.09879538413808388,0.009760527926991554,0.09419506441742312,0.091239890636868,0.008324717643427633,0.1376953125,0.1288870204365941,0.01661186403702303,0.16796875,0.15403229152024028,0.023725946830976286,0.14653458667396338,0.131815277796744,0.017375267460632792,0.14409497369678695,0.1323764914157621,0.01752353547954734,0.09797440761176698,0.09035544013785364,0.008164105562505252,0.04769229321047977,0.038866776808675216,0.0015106263394953734,-0.012746683491751176,0.008967340297407311,0.02143416332603662,,,,,,,,,
tianyan-287__message_0344,message,1024,1024,1024,True,True,0.16533657740241997,0.16189945645131615,0.02621143399923161,0.0834227075932583,0.1127392851531615,0.012710146416845862,0.1845703125,0.18375719135583132,0.03376670537498361,0.1728515625,0.17303163963006715,0.029939948313069426,0.2059557325500676,0.17951085392338822,0.03222414667630402,0.13005021603618466,0.13479513616128233,0.018169728732738644,0.06233971269459239,0.085828849055948,0.007366591330268704,0.16192805277814923,0.14637788626009837,0.021426485585974292,-0.08191386980916167,0.10299686470782758,-0.033104170050067605,,,,,,,,,
tianyan-287__message_0345,message,1024,1024,1024,True,True,0.10482859006337969,0.09376171861522076,0.008791259877679834,0.08530329433849139,0.07898239395288545,0.006238218554528796,0.16015625,0.15847856397438603,0.02511545523938357,0.1826171875,0.17100704615612608,0.029243409835043435,0.15007123549603602,0.14295761276594446,0.02043687904773773,0.15847705438094592,0.1642497418386466,0.026977977694062058,0.10699312739923389,0.10642353576513972,0.011325968964753973,0.07470935063110859,0.06882595322869171,0.004737011837838059,-0.0195252957248883,-0.0021645373358541997,0.032545952003963985,,,,,,,,,
tianyan-287__message_0346,message,1024,1024,1024,True,True,0.08977797395168945,0.07948247994249016,0.006317464617808351,0.08020825874524021,0.07508112402960142,0.005637175185548392,0.1455078125,0.12960336354448498,0.01679703184204394,0.2138671875,0.1918610523395821,0.03681066340485186,0.1796145159967688,0.1633660231160192,0.02668845750874372,0.1920090726970187,0.17494005624196327,0.030604023277941268,0.09658695466085722,0.09815231729077992,0.009633877389549933,0.03607549653598361,0.0315105518492781,0.0009929148778460432,-0.009569715206449239,-0.006808980709167772,0.03425267150323119,,,,,,,,,
tianyan-287__message_0347,message,1024,1024,1024,True,True,0.09239623725540838,0.09702962335439148,0.009414747808295074,0.08487511800074402,0.0847023143452937,0.007174482055448947,0.1318359375,0.13175269164388162,0.017358771755407752,0.1494140625,0.1556982333773949,0.024241939876841728,0.13175077714890016,0.131068095340812,0.01717884561626819,0.13237143005180443,0.136107689342402,0.018525303098127808,0.07994363153764295,0.078475201744932,0.006158357288907778,0.06420981840015405,0.0547891393989433,0.0030018497960768416,-0.007521119254664366,0.012452605717765436,0.017663285351099844,,,,,,,,,
tianyan-287__message_0348,message,1024,1024,1024,True,True,0.11471283549495631,0.10328317248133802,0.010667413717809819,0.1114047002826301,0.10124495347598562,0.010250540604354494,0.1328125,0.12358361980499706,0.015272911084106063,0.1767578125,0.16831321388614162,0.028329337968682054,0.1686788518991713,0.1562027677833605,0.02439930466318245,0.1704538965675868,0.1580686975512825,0.02498571314555882,0.07948915841648993,0.07625482488609353,0.005814798318408788,0.0264922008198085,0.023181867106088824,0.0005373989625243631,-0.003308135212326216,0.03522367707846638,0.008078960600828688,,,,,,,,,
tianyan-287__message_0349,message,1024,1024,1024,True,True,0.09984480690705627,0.08785462791573523,0.0077184356462122825,0.09314172780057611,0.08423578460730105,0.007095667408407617,0.1162109375,0.10943607557232846,0.011976254636672384,0.1611328125,0.15366817539748198,0.023613908129991285,0.14539708681961883,0.13063433684154557,0.017065329962030393,0.1569335722219991,0.14249399371731863,0.020304538245511244,0.09658877006757406,0.09185843909589127,0.008437972833133566,0.045188283527609736,0.036601814509280156,0.0013396928253717514,-0.006703079106480159,0.00325603683948221,0.015735725680381174,,,,,,,,,
tianyan-287__message_0350,message,1024,1024,1024,True,True,0.16026122193205825,0.14112112193836943,0.019915171057144132,0.08190868234732732,0.09282130850668036,0.00861579531289233,0.193359375,0.18741376822289896,0.03512392051950649,0.1796875,0.17613749061387796,0.03102441559975394,0.22795925543828188,0.203853001101293,0.04155604605800377,0.16274550495429346,0.15151838941104329,0.022957822329716552,0.08721989255890172,0.09915554187977928,0.009831821485472663,0.12820481104596604,0.1147093130808269,0.013158226507475165,-0.07835253958473093,0.07304132937315652,-0.04827175543828188,,,,,,,,,
tianyan-287__message_0351,message,1024,1024,1024,True,True,0.13107102984105345,0.12056132742116182,0.014535033669552585,0.10911429608085574,0.09873305533215099,0.009748216215221588,0.1962890625,0.19207401169231744,0.0368924259675805,0.2109375,0.20152516106905755,0.04061239054390959,0.1514691502042417,0.14932436657602524,0.022297766453331168,0.18250720299965925,0.17218885848435597,0.02964900298614557,0.11114191627410568,0.1210373305191547,0.014650035379203098,0.0768631456773999,0.0717004738134748,0.005140957945076785,-0.021956733760197716,0.01992911356694778,0.059468349795758296,,,,,,,,,
tianyan-287__message_0352,message,1024,1024,1024,True,True,0.1064966429663661,0.0987751853198387,0.009756537234968478,0.09774582253123763,0.09639188214088375,0.009291394942662023,0.1494140625,0.13550461168306316,0.01836149978737774,0.1796875,0.15778938950717353,0.02489749144104652,0.16345831562744306,0.1416919102804996,0.02007659743893715,0.1545430341378463,0.1417635644292404,0.0200969081996834,0.10696938509340133,0.09557125525571997,0.009133864831153981,0.03740464204488002,0.0334748027845006,0.0011205624214612091,-0.008750820435128467,-0.0004727421270352278,0.016229184372556937,,,,,,,,,
tianyan-287__message_0353,message,1024,1024,1024,True,True,0.11379084538762277,0.09734490166140934,0.009476029879469456,0.09494718826888787,0.08093668509928502,0.006550746994860825,0.1474609375,0.13135047718039944,0.017252947855518633,0.1904296875,0.17365543716921192,0.030156210858430104,0.17808709123185693,0.15789050549884123,0.02492941172667961,0.16040052859950013,0.14917700865951894,0.02225377991260219,0.10397608535280128,0.08853864986273506,0.007839092519515995,0.06308304924030889,0.05403882854925966,0.002920194990976281,-0.018843657118734897,0.009814760034821485,0.012342596268143075,,,,,,,,,
tianyan-287__message_0354,message,1024,1024,1024,True,True,0.10777292590169874,0.09299002909440898,0.008647145510979028,0.0961892752609945,0.08393112277640176,0.007044433370507426,0.15234375,0.13763978651405842,0.018944710831635576,0.1494140625,0.13689821052609896,0.01874112004524811,0.1407932920065489,0.13346745306534555,0.017813561027750214,0.13086288267258586,0.1260847968915282,0.01589737600717792,0.08892607919421232,0.08678812318847587,0.007532178326578063,0.043744292114471714,0.037530653116884805,0.0014085499233799348,-0.01158365064070424,0.018846846707486417,0.008620770493451113,,,,,,,,,
tianyan-287__message_0355,message,1024,1024,1024,True,True,0.09976659183052466,0.09093431631949205,0.008269049884493437,0.09284985289370268,0.08450836216746055,0.007141663276226678,0.130859375,0.12482250797905335,0.015580658498180838,0.177734375,0.1686419438091848,0.028440105211740244,0.15518642753974551,0.14985579515640116,0.022456759341957264,0.1441896436799086,0.13945912732158844,0.019448848193299013,0.09549793735256831,0.08856055504822799,0.007842971910450221,0.04312589844654456,0.036620061990702134,0.0013410289402028671,-0.006916738936821987,0.004268654477956352,0.022547947460254486,,,,,,,,,
tianyan-287__message_0356,message,1024,1024,1024,True,True,0.09688902351280729,0.09088391091714558,0.008259885263595654,0.08984408687893813,0.08716507070421581,0.00759774955087094,0.1396484375,0.13324907814316056,0.017755316826002107,0.1845703125,0.17144265700246686,0.029392584640065497,0.15795222169618162,0.14030436145630307,0.01968531384366094,0.1629304246865086,0.14842608611905528,0.022030303040621216,0.11431769645068016,0.10999359512684267,0.012098590968927788,0.054102464392042596,0.04509886231614464,0.002033907382210571,-0.007044936633869153,-0.01742867293787287,0.026618090803818384,,,,,,,,,
tianyan-287__message_0357,message,1024,1024,1024,True,True,0.19235796561264973,0.18476669272282864,0.03413873073973218,0.07548903172815437,0.09169537791995833,0.008408042331883981,0.2080078125,0.2265256070754893,0.051313850660918967,0.142578125,0.16846487519420672,0.028380414174199647,0.1816614778026462,0.17923196093833368,0.03212409582180037,0.11550437290865558,0.15145845992401996,0.022939665082555964,0.06208159107045301,0.10122704290244927,0.010246914214774305,0.1715325775482956,0.1618082231176609,0.026181901068494738,-0.11686893388449536,0.1302763745421967,-0.03908335280264619,,,,,,,,,
tianyan-287__message_0358,message,1024,1024,1024,True,True,0.14010048205043835,0.1341078505046702,0.01798491556698297,0.11392131243509196,0.11241302211976896,0.012636687542099666,0.1572265625,0.1540876702341946,0.023743010118201895,0.212890625,0.19414319544395267,0.03769158033718881,0.15296862577538897,0.13142116755518446,0.017271523281567867,0.16516504958133724,0.14936978342453464,0.022311332200292383,0.07650843190930764,0.07859522944022639,0.0061772100907618276,0.08877630868135919,0.08069782574088016,0.006512139079305462,-0.026179169615346387,0.0635920501411307,0.05992199922461103,,,,,,,,,
tianyan-287__message_0359,message,1024,1024,1024,True,True,0.10695027499914674,0.09628323965455035,0.009270462238375576,0.08854294182267103,0.08705177625436707,0.007578011749040386,0.12109375,0.11258968970103583,0.012676438226975534,0.2138671875,0.2016867274567915,0.040677536032230094,0.15136466739875754,0.14615142173257603,0.021360238074453294,0.1679775333098697,0.16333433865143165,0.026678106182700563,0.07901701932408874,0.07456472018184278,0.005559897495796511,0.05362231652176065,0.04647996416299129,0.002160387068592955,-0.018407333176475707,0.027933255675058,0.06250252010124246,,,,,,,,,
tianyan-287__message_0360,message,1024,1024,1024,True,True,0.11342583254090038,0.09589619296372359,0.00919607982493571,0.10552372573194063,0.09187316403532789,0.008440678269862265,0.166015625,0.14475543274499705,0.020954135309191366,0.2021484375,0.17568062027808132,0.030863680341291395,0.15586325130702866,0.13538858927355707,0.018330070105483934,0.1701827892150754,0.14759860137230005,0.02178534712705913,0.09329952853894707,0.08769931582842153,0.007691169996773227,0.050146540452379706,0.04192156763512665,0.0017574178329864986,-0.007902106808959752,0.02012630400195331,0.04628518619297134,,,,,,,,,
tianyan-287__message_0361,message,1024,1024,1024,True,True,0.13546274125096577,0.11820226518646886,0.013971775495212307,0.10126916630397198,0.09388691233061411,0.00881475230697642,0.1611328125,0.15334513178575776,0.023514729442391413,0.1787109375,0.16902941830981322,0.028570944254153824,0.13097556503160573,0.12679881289648548,0.01607793895195793,0.1425463805365802,0.13581913677067434,0.01844683791313114,0.08655676415347482,0.09619577644582877,0.009253627406015867,0.09067140048309778,0.07788672744892401,0.006066342312702973,-0.03419357494699379,0.04890597709749095,0.047735372468394266,,,,,,,,,
tianyan-287__message_0362,message,1024,1024,1024,True,True,0.14028057224498777,0.1257137641710515,0.015803950502054756,0.1036563985197945,0.09460332954268875,0.008949789960562567,0.1953125,0.17896957294033025,0.032030108038444194,0.177734375,0.16457686724945456,0.027085545233644585,0.13005722670774786,0.13190814347323382,0.017399758314555237,0.13919979045827927,0.130380407155229,0.01699905056996329,0.09416393073440638,0.09761654524401335,0.009528989905376505,0.09022087684202247,0.0803935016775208,0.006463115111973538,-0.036624173725193276,0.046116641510581396,0.04767714829225214,,,,,,,,,
tianyan-287__message_0363,message,1024,1024,1024,True,True,0.1459468196238872,0.12610336510354458,0.015902058690437863,0.08864354209648836,0.09165228085176498,0.008400140585330807,0.17578125,0.1738456579968227,0.030222312804348242,0.1708984375,0.17173842715878346,0.02949408736297277,0.19837308659037714,0.18549909263915826,0.03440991336995102,0.16113203737751064,0.15413539433053888,0.023757719785430717,0.08628819884963743,0.10545368883639145,0.01112048048920247,0.11674356282394087,0.10317269400327211,0.010644604787892822,-0.05730327752739883,0.05965862077424977,-0.02747464909037714,,,,,,,,,
tianyan-287__message_0364,message,1024,1024,1024,True,True,0.11469545801491716,0.10771465353989783,0.011602446587220224,0.08675919973658161,0.08579148711777049,0.007360179261878579,0.1494140625,0.1473700022324821,0.021717917558001773,0.16796875,0.161367353452415,0.026039422760236634,0.15836114144115568,0.14043263409814902,0.01972132471974461,0.15445309924570833,0.14123689325620642,0.019947860016665046,0.08665526409073822,0.08958018462775968,0.008024609477943513,0.08491757226811966,0.07387894553660203,0.005458098593600209,-0.027936258278335555,0.028040193924178947,0.009607608558844322,,,,,,,,,
tianyan-287__message_0365,message,1024,1024,1024,True,True,0.21378078121102984,0.3107869045419845,0.09658850003478858,0.08259485581791308,0.1169509341825411,0.01367752100616906,0.22265625,0.3322867378492178,0.11041447615047481,0.134765625,0.15678202489713958,0.02458060333084729,0.23255276757232407,0.30759681179643455,0.09461579862733119,0.11006540782966537,0.13114931920509887,0.017200143927960914,0.050951019135296344,0.06927685105446318,0.004799282092022277,0.20595151085006552,0.3060386240064751,0.09365963938377661,-0.13118592539311674,0.1628297620757335,-0.09778714257232407,,,,,,,,,
tianyan-287__message_0366,message,1024,1024,1024,True,True,0.11713817799823557,0.11643227872031127,0.01355647552800425,0.08451150269353608,0.08877242060971544,0.00788054266090823,0.1640625,0.16017061735347138,0.025654626663392147,0.17578125,0.1568716805811536,0.024608724168355484,0.14323944361385,0.13917663962886065,0.019370137018381747,0.1474484005542238,0.14025185837029464,0.019670583776321183,0.09572587919036751,0.09444556841037931,0.008919965392359638,0.0955026978040514,0.08435009486234656,0.007114938503286862,-0.032626675304699496,0.02141229880786806,0.03254180638615001,,,,,,,,,
tianyan-287__message_0367,message,1024,1024,1024,True,True,0.09552627453412389,0.0869147898192255,0.007554180689320145,0.08794146203759101,0.0818511273433076,0.006699607047370357,0.142578125,0.12864554241025342,0.016549675582028307,0.1572265625,0.15240065749418052,0.023225960404658526,0.14569799212792184,0.13462671377567273,0.018124352062036907,0.13761798592070767,0.12808155864445678,0.01640488566479342,0.10389749466532827,0.09269290872129786,0.008591975327214856,0.03264505825209328,0.02776454264945275,0.0007708698285332808,-0.007584812496532881,-0.00837122013120438,0.011528570372078162,,,,,,,,,
tianyan-287__message_0368,message,1024,1024,1024,True,True,0.08591570099603763,0.07567294033341009,0.005726393898703844,0.08064424045559926,0.0776046657328862,0.006022484143513002,0.1142578125,0.10555874357412778,0.011142648344948464,0.1611328125,0.1540665650311381,0.02373650646049391,0.12578656101319452,0.12374524792359914,0.015312886383673018,0.11408121144521088,0.11673589290084921,0.013627268691358536,0.0840800153774433,0.0769249935380102,0.005917454630822911,0.03887738901596405,0.0327709960905018,0.0010739381847636841,-0.005271460540438366,0.0018356856185943182,0.03534625148680548,,,,,,,,,
tianyan-287__message_0369,message,1024,1024,1024,True,True,0.10757467534595753,0.09815370327616899,0.009634149466826227,0.09682775284503015,0.0943247181482447,0.008897152453745802,0.1396484375,0.12848257254627957,0.016507771448109994,0.1796875,0.17341554383978042,0.030072950845246808,0.16092861737657616,0.1424395035864833,0.020289012181963786,0.160255107676315,0.14897690508873318,0.022194118249817416,0.09971457384639965,0.08796560284140788,0.0077379472832523055,0.051151921417760204,0.04345875081995404,0.0018886630228308562,-0.010746922500927389,0.00786010149955789,0.018758882623423845,,,,,,,,,
tianyan-287__message_0370,message,1024,1024,1024,True,True,0.18719242404644737,0.2728796217196857,0.07446328794987876,0.07577994758500425,0.0908925452472107,0.008261454781516245,0.2001953125,0.29404338814639014,0.08646151411260863,0.1435546875,0.14784298009890803,0.021857546764526115,0.23007561271845559,0.2972879948753052,0.0883801518969795,0.12617182000179963,0.12428695686732562,0.015447247647340458,0.066102973410505,0.08371166884280155,0.007007643500446872,0.17282514292264667,0.2608720841737262,0.06805424430114368,-0.11141247646144312,0.12108945063594237,-0.08652092521845559,,,,,,,,,
tianyan-287__message_0371,message,1024,1024,1024,True,True,0.1363796942856963,0.13142929971738543,0.017273660824202328,0.08524054528148142,0.09732592915940318,0.009472336486741166,0.171875,0.1750379129719083,0.03063827097756134,0.1884765625,0.19304905885594414,0.03726793912516579,0.15012974725291073,0.14452244467787612,0.020886737015669767,0.15896917174687603,0.15962000567262827,0.025478546210929882,0.09922181939449573,0.09700057198354939,0.009409110965135746,0.0792192085661497,0.07159203099139787,0.005125418901473272,-0.05113914900421487,0.037157874891200565,0.03834681524708927,,,,,,,,,
tianyan-287__message_0372,message,1024,1024,1024,True,True,0.28613499691899913,0.3437455948943729,0.11816103400928633,0.072148323656402,0.09121494124818258,0.008320165506909399,0.2841796875,0.34725183037540536,0.12058383369906928,0.15234375,0.18063460214485294,0.03262885949202931,0.3063236716223741,0.35293485113187306,0.1245630091434774,0.1338344324787305,0.16185263968654076,0.026196276973501187,0.03180417045189339,0.0315142414520784,0.0009931474142998967,0.24300317762462326,0.31658610321602304,0.10022676074950639,-0.21398667326259713,0.25433082646710575,-0.15397992162237412,,,,,,,,,
tianyan-287__message_0373,message,1024,1024,1024,True,True,0.09699497436992831,0.08862818144548756,0.007854954546334267,0.08872753406381415,0.08373679838503881,0.0070118514037766375,0.1376953125,0.13584407770865964,0.01845361344851636,0.177734375,0.16539812079175578,0.02735653836144424,0.16218203938765338,0.143862640076043,0.02069645920964909,0.16834214529378555,0.14924295092558745,0.022273458400977306,0.104835996035775,0.10151489819739595,0.010305274556027665,0.029589784976304302,0.025737334185386547,0.000662410370970267,-0.008267440306114163,-0.007841021665846687,0.015552335612346618,,,,,,,,,
tianyan-287__message_0374,message,1024,1024,1024,True,True,0.0921458817985386,0.08702840475974222,0.007573943235025522,0.0943360851482779,0.08806806854745053,0.007755984697678444,0.13671875,0.12119005278550755,0.014687028894154106,0.1650390625,0.17211433803822151,0.02962334535833519,0.14511168457557536,0.1383278467325847,0.01913459318167344,0.14638538954777086,0.13765861415437042,0.01894989405090183,0.09003034667478048,0.08317013248040298,0.006917270936807782,0.034383384581098075,0.028486425106121628,0.0008114764153266767,0.0021902033497393086,0.0021155351237581166,0.019927377924424644,,,,,,,,,
tianyan-287__message_0375,message,1024,1024,1024,True,True,0.12919968469683474,0.1261198984605464,0.015906228787698533,0.10898705958315091,0.10314628935402718,0.010639157007504702,0.150390625,0.15591950057662649,0.02431089066006463,0.14453125,0.14472069880189675,0.020944080661709316,0.13609628846793836,0.1295455573351074,0.016782051425263594,0.12995613049144916,0.1247050374365467,0.015551346362050515,0.10001098925020405,0.10577066305165196,0.011187433162386094,0.11525510613401002,0.10096634808695552,0.010194203446016268,-0.020212625113683824,0.02918869544663069,0.008434961532061636,,,,,,,,,
tianyan-287__message_0376,message,1024,1024,1024,True,True,0.1222934727711244,0.11728944187345935,0.0137568131749876,0.07662927153360738,0.09005136949216248,0.008109249147413972,0.1474609375,0.1551702201691651,0.024077797227347167,0.16796875,0.17098657586973723,0.029236409127657403,0.18836411149989252,0.15872146177975055,0.025192502429500815,0.12976287662257438,0.12192785268773301,0.014866401261041521,0.08635692394625344,0.09669648891448968,0.009350210968390026,0.10601631234922147,0.09310600040192979,0.00866872731084415,-0.04566420123751702,0.03593654882487096,-0.020395361499892517,,,,,,,,,
tianyan-287__message_0377,message,1024,1024,1024,True,True,0.11214473920677587,0.12541302972617277,0.01572842802509789,0.10410773758230027,0.12108038228242805,0.014660458973658919,0.1435546875,0.17578022460131826,0.030898687360889895,0.189453125,0.19532553719543788,0.038152065480686385,0.17587036103996834,0.1592087100839535,0.02534741336659635,0.19080428307085845,0.17187973789614816,0.029542644299248588,0.09030833595078383,0.11704150984823698,0.013698715027554955,0.07200749056087022,0.06456597900819393,0.004168765645286539,-0.008037001624475598,0.021836403255992037,0.013582763960031663,,,,,,,,,
tianyan-287__message_0378,message,1024,1024,1024,True,True,0.22472535438980526,0.3037479577409004,0.09226282183176782,0.06727334603203432,0.08473853183238476,0.007180618777108086,0.2255859375,0.3063547611393487,0.09385323967274739,0.1787109375,0.19507552434775374,0.03805446019955107,0.32238160438980523,0.36918708363032293,0.13629910271946308,0.15261418627060552,0.1643634100059329,0.027015330548778402,0.05889298943599056,0.04830900243213041,0.002333759715987582,0.22872430003389893,0.3071412644876427,0.09433575635106806,-0.15745200835777096,0.1658323649538147,-0.14367066688980523,,,,,,,,,
tianyan-287__message_0379,message,1024,1024,1024,True,True,0.1182439494229719,0.11178448320269593,0.012495770684893808,0.09792494809028798,0.09678880616851544,0.009368072999526453,0.1533203125,0.1505030632440277,0.022651172045835805,0.1689453125,0.17359208679813282,0.03013421259893048,0.1442967559100164,0.13018353243013137,0.016947752115987064,0.13316974886788416,0.12610620094085523,0.015902773915735358,0.08926059741939969,0.09427295612731722,0.008887390256983077,0.07095605461917315,0.06119803316549276,0.003745199263324751,-0.02031900133268391,0.028983352003572202,0.024648556589983606,,,,,,,,,
tianyan-287__message_0380,message,1024,1024,1024,True,True,0.10933453060151929,0.09384357748252124,0.008806617034717967,0.11615173078541187,0.10002051532923352,0.010004103486725436,0.1552734375,0.13579198665289213,0.018439463639139238,0.173828125,0.1646366210649968,0.027105216995699347,0.15435263830422685,0.13592543288245715,0.018475723304283362,0.15765680829896067,0.14079804800473156,0.019824090321942694,0.10353296803194788,0.09373918720053227,0.008787035217016433,0.024518066523125756,0.020974961137932353,0.0004399489947377724,0.006817200183892577,0.005801562569571414,0.019475486695773148,,,,,,,,,
tianyan-287__message_0381,message,1024,1024,1024,True,True,0.0995032426884963,0.08887227303335249,0.007898280914114753,0.09715120328953049,0.08661508275281571,0.007502172560277114,0.1376953125,0.12352596915480615,0.01525866505563412,0.1962890625,0.1700771286373212,0.0289262296855159,0.1447734685093164,0.13078288442967867,0.01710416285974669,0.15712951830092386,0.1418129016627833,0.020110899078018246,0.08920286517755843,0.08065401370414566,0.006505069926588515,0.023176994536826406,0.019360185857908396,0.0003748167964527562,-0.002352039398965805,0.010300377510937861,0.05151559399068359,,,,,,,,,
tianyan-287__message_0382,message,1024,1024,1024,True,True,0.12828092951820988,0.11521485623040192,0.013274463096192186,0.10251205523746665,0.09892120698958393,0.009785405192276107,0.1455078125,0.13908804041444772,0.019345482986331042,0.181640625,0.16882370925218243,0.028501444805665428,0.13362928267890165,0.12218227609257086,0.014928508591161214,0.13839671429588435,0.1307019190075376,0.01708299163225292,0.08740406457304176,0.08532725525616872,0.007280740489551371,0.0707632832510809,0.061327477912997044,0.0037610595471691405,-0.02576887428074323,0.04087686494516812,0.048011342321098355,,,,,,,,,
tianyan-287__message_0383,message,1024,1024,1024,True,True,0.14196532515690835,0.1314071788341024,0.017267846649137775,0.08425158003773214,0.08936739287291164,0.007986530908901338,0.1455078125,0.16987120361242813,0.02885622581673502,0.181640625,0.1851004205376008,0.03426216568319668,0.23760261358718002,0.20927878694721966,0.04379761066609976,0.15932117904266307,0.15444069597210547,0.023851928572348316,0.0952483166923768,0.11300087350160354,0.012769197412125406,0.1297429394281469,0.11354468733027817,0.012892396020930631,-0.05771374511917621,0.046717008464531556,-0.05596198858718002,,,,,,,,,
tianyan-287__message_0384,message,1024,1024,1024,True,True,0.13883131142362484,0.13364639182710078,0.01786135804840295,0.07872069767656095,0.09474360108519024,0.00897634994658966,0.146484375,0.1509533727857973,0.022786920755407888,0.1962890625,0.18047680396958354,0.03257187677107549,0.1610961017312132,0.1484080415472949,0.022024946795903604,0.17164603523842897,0.15669154244438263,0.024552239473599767,0.10189963295690646,0.09115714978351008,0.008309625956653292,0.08947156165512282,0.08139006935213228,0.006624343389144902,-0.06011061374706389,0.03693167846671838,0.03519296076878681,,,,,,,,,
tianyan-287__message_0385,message,1024,1024,1024,True,True,0.11645809289727552,0.11329758452154715,0.01283634265841712,0.08883990854628421,0.09181403149194924,0.008429816378804647,0.1455078125,0.1558723697110141,0.024296195639327063,0.1474609375,0.15209088324165332,0.023131636765226223,0.15680092712843102,0.1556172006461035,0.024216713136929628,0.13258603908846975,0.1289005859373562,0.016615361054993755,0.09192129949560644,0.09673676816096738,0.009358002314228751,0.08484573853017614,0.07514931445842066,0.0056474194635705915,-0.02761818435099131,0.024536793401669074,-0.009339989628431022,,,,,,,,,
tianyan-287__message_0386,message,1024,1024,1024,True,True,0.10651665803901707,0.09776793354633592,0.009558568829920757,0.09722233747690343,0.09167720695655594,0.00840471027535519,0.134765625,0.12013122259543395,0.014431510642273701,0.1650390625,0.1528802127718571,0.0233723594571683,0.14829480649779642,0.13418860960561438,0.018006582947887984,0.1645379336853806,0.1467014441452311,0.021521313714296355,0.08650558998511598,0.0819632684680996,0.006717977377973771,0.039774664710244434,0.03406687988442223,0.001160552305059652,-0.009294320562113642,0.020011068053901085,0.016744256002203584,,,,,,,,,
tianyan-287__message_0387,message,1024,1024,1024,True,True,0.08005469783220097,0.07474219246635092,0.005586395334677044,0.08450478167532641,0.07696336881675621,0.005923360139624042,0.123046875,0.10839747543832219,0.011750012681401661,0.1982421875,0.1688478682650998,0.028509602617668495,0.16343150404870055,0.1436750638631469,0.02064252397607934,0.16922613218734855,0.15205591098578508,0.023121000065716997,0.08948995342532272,0.07661799989918464,0.005870317908551456,0.02888856128335085,0.024981886198082125,0.0006240946380139261,0.004450083843125438,-0.00943525559312175,0.03481068345129945,,,,,,,,,
tianyan-287__message_0388,message,1024,1024,1024,True,True,0.12177499435096002,0.1048607835227342,0.010995783921001725,0.10668228449147837,0.09633447648883064,0.009280331360377064,0.1376953125,0.11861187857013865,0.014068777737937316,0.1708984375,0.15799043312206382,0.024960976958097323,0.1392025344503341,0.13998937306852488,0.01959702457211864,0.1414081462974781,0.14206187382356036,0.020181575994261184,0.10317849224892622,0.09505407176137032,0.009035276558415739,0.04227150067006121,0.03638949637271051,0.0013241954462595113,-0.015092709859481648,0.0185965021020338,0.03169590304966591,,,,,,,,,
tianyan-287__message_0389,message,1024,1024,1024,True,True,0.12675006499859356,0.10717661775296072,0.011486827392964256,0.10403637360088305,0.09391266491292238,0.008819588631046843,0.1513671875,0.14618355756346404,0.021369632501910603,0.1875,0.1593625581106942,0.02539642492758438,0.20584103886623842,0.1759845708253003,0.030970569168565144,0.16842537859523748,0.1404187344971915,0.019717420997792758,0.10210666097361062,0.10933040527797204,0.011953137518245616,0.08634792229976113,0.0744390855612184,0.005541177459190394,-0.02271369139771051,0.02464340402498294,-0.01834103886623842,,,,,,,,,
tianyan-287__message_0390,message,1024,1024,1024,True,True,0.1280078836330073,0.1223324566141538,0.014965229941253821,0.09376750332601827,0.09168813452188301,0.008406714012102915,0.171875,0.17769961253786742,0.031577152296108205,0.2080078125,0.19982177365092044,0.03992874122499968,0.16003627923568212,0.1504357091680585,0.022630902592896688,0.17989786932922913,0.16606182299780337,0.027576529057353777,0.10650542144367194,0.12182408086230659,0.014841106677945816,0.08859845117534451,0.0812333913262404,0.006598863866362109,-0.03424038030698903,0.021502462189335367,0.047971533264317884,,,,,,,,,
tianyan-287__message_0391,message,1024,1024,1024,True,True,0.13877209488219827,0.1239199893759256,0.015356163766929514,0.12489694772546359,0.11343883583337679,0.01286836947523181,0.1474609375,0.1392549072777709,0.019391929200940572,0.189453125,0.17533189985879905,0.03074127510809594,0.15338148927133277,0.13679470933245474,0.018712792501350783,0.14858487754567806,0.12844982967818705,0.01649935874435526,0.09516696919357721,0.08606241433899851,0.007406739161857456,0.05389130857414491,0.04580262786641909,0.0020978807194696704,-0.013875147156734685,0.04360512568862106,0.03607163572866723,,,,,,,,,
tianyan-287__message_0392,message,1024,1024,1024,True,True,0.12109810097883676,0.10535621717504938,0.01109993249743617,0.10297766072151213,0.09221651292884982,0.008503885256756726,0.1455078125,0.13879502043141087,0.01926405769655576,0.1953125,0.17704476503993574,0.03134484882804605,0.1451073718313634,0.14028709186139685,0.019680468142927995,0.1620362394531551,0.15226183553706504,0.023183666561116242,0.07549028493296488,0.08092958036980215,0.006549596978832265,0.04909332600246361,0.042834660934448175,0.0018348081773691405,-0.018120440257324635,0.045607816045871885,0.05020512816863659,,,,,,,,,
tianyan-287__message_0393,message,1024,1024,1024,True,True,0.09052783728087434,0.08294861081126782,0.0068804720355191765,0.08102135755875205,0.07703802800187608,0.005934857758417842,0.1240234375,0.11327235668300911,0.012830626788522839,0.193359375,0.17770065360018764,0.03157752228993388,0.1828764095526031,0.15868099328048196,0.02517965762848036,0.18480134263590187,0.16468389738634684,0.027120786058356813,0.09673514085502061,0.08843644064800203,0.007821004034487586,0.04388102474786515,0.03786834514505255,0.0014340115640248253,-0.00950647972212229,-0.0062073035741462695,0.010482965447396908,,,,,,,,,
tianyan-287__message_0394,message,1024,1024,1024,True,True,0.1085553943343929,0.09916951440494297,0.00983459258731219,0.10601732594535017,0.09996985622307795,0.009993972153262878,0.1259765625,0.11734296744210627,0.013769372008119212,0.2001953125,0.18940949337153556,0.03587595617926177,0.150881532141176,0.1485419462823394,0.022064709805345407,0.15491584665169894,0.1532796245574389,0.02349464330446943,0.0877727248271141,0.08415949763391725,0.007082821041993323,0.026905047953055962,0.02214883741836797,0.0004905709989852971,-0.002538068389042733,0.020782669507278806,0.049313780358824,,,,,,,,,
tianyan-287__message_0395,message,1024,1024,1024,True,True,0.14379800600421694,0.1324882897898161,0.01755314693143029,0.09184972416709483,0.08863177310043172,0.007855591202926412,0.185546875,0.1731183519403924,0.029969963778557568,0.18359375,0.15703416635535256,0.024659729402920542,0.15406765096919023,0.14207737695912628,0.02018598104358567,0.13552281113519182,0.12122516668338658,0.01469554103741486,0.09870611166731601,0.09782782787784895,0.00957028390729804,0.09984691238928403,0.08775243433368564,0.007700489731487809,-0.05194828183712211,0.04509189433690093,0.02952609903080977,,,,,,,,,
tianyan-287__message_0396,message,1024,1024,1024,True,True,0.1344494185971608,0.13093588630888725,0.017144206323493845,0.08675747605331786,0.08809323851348509,0.007760418671793773,0.16015625,0.1619271655397173,0.026220406939727013,0.1767578125,0.16544934549759482,0.0273734859255825,0.20060741974110424,0.18454124876598332,0.034055472496108546,0.1574856639533724,0.1434493605736173,0.020577719048979665,0.08466490759408796,0.08562009407684656,0.007330800509728056,0.09682555968796756,0.08738956781216914,0.007636936562397708,-0.047691942543842944,0.04978451100307285,-0.023849607241104243,,,,,,,,,
tianyan-287__message_0397,message,1024,1024,1024,True,True,0.11683702288124388,0.10461856411877375,0.010945043958273974,0.07176693052471846,0.06982346089131437,0.004875315690840909,0.1435546875,0.14160359712939702,0.02005157871998458,0.177734375,0.1618918390377247,0.026208967547016564,0.1431429126187368,0.13064167055254358,0.017067246084759333,0.15313294524487278,0.13497880926417394,0.01821927895037425,0.09893554107987003,0.09175076915879334,0.008418203641230183,0.09143036026582559,0.08329602043126892,0.006938227019686369,-0.045070092356525426,0.017901481801373853,0.034591462381263205,,,,,,,,,
tianyan-287__message_0398,message,1024,1024,1024,True,True,0.1382125381840748,0.1265127638897939,0.016005479427034744,0.0987934175459261,0.09243715223233269,0.008544627112823448,0.142578125,0.13994206635056197,0.01958378193446509,0.1943359375,0.17420892268773472,0.03034874874402113,0.19449872227914475,0.1728990996721686,0.029894098667446495,0.1609628446591987,0.15091966255913478,0.02277674454696311,0.0718458536314413,0.07735460070488862,0.005983734250212754,0.08242089010931611,0.07118069085806591,0.005066690751031549,-0.0394191206381487,0.0663666845526335,-0.00016278477914474787,,,,,,,,,
tianyan-287__message_0399,message,1024,1024,1024,True,True,0.1124330828680108,0.10341794050220379,0.010695270417717362,0.10100437916265463,0.08963270854546705,0.008034022441196643,0.1552734375,0.14165347985363713,0.02006570835464478,0.216796875,0.18602659754104456,0.03460589499269776,0.1603241008107386,0.13843432960595659,0.019164063613450626,0.1771321128970632,0.15240852353849907,0.023228358047185226,0.08829620461539758,0.08094542517753553,0.0065521618571720034,0.04980263315463374,0.044611530015123954,0.0019901886102903056,-0.011428703705356175,0.024136878252613223,0.05647277418926139,,,,,,,,,
tianyan-287__message_0400,message,1024,1024,1024,True,True,0.09749683667487045,0.086397484918642,0.007464525400266972,0.08617465928184853,0.07659795309499313,0.005867246418342768,0.1171875,0.11125885207805944,0.012378532165727513,0.1796875,0.16608444433420697,0.027584042649802295,0.1452469368064359,0.13667096517695135,0.018678952722399444,0.15926298061038374,0.1483678096958518,0.0220130069539445,0.08438087469622971,0.07448978969273189,0.005548728768467426,0.03743314357115302,0.0323086262093827,0.0010438473275376108,-0.011322177393021923,0.013115961978640747,0.03444056319356409,,,,,,,,,
tianyan-287__message_0401,message,1024,1024,1024,True,True,0.1071118598876265,0.10293335317189113,0.01059527519520927,0.10586025859427592,0.10136523997455708,0.010274911875099544,0.1513671875,0.1424669228998018,0.02029682412053807,0.205078125,0.17812295407163845,0.031727786767207014,0.16481620862240468,0.1476400365045101,0.021797580379053078,0.1646329759715392,0.14725878731164746,0.02168515044049702,0.10385205099656762,0.09788892567473265,0.009582241769753332,0.03068807393686732,0.02646853192568009,0.0007005831823007462,-0.001251601293350585,0.0032598088910588824,0.040261916377595325,,,,,,,,,
tianyan-287__message_0402,message,1024,1024,1024,True,True,0.09765929044561285,0.08369399058195276,0.007004684059531997,0.09334222559879518,0.08274845086217357,0.006847306120089553,0.158203125,0.14033381711313925,0.019693580225544013,0.1552734375,0.14176993333669735,0.020098713998291613,0.13281313128889366,0.11543530615212415,0.013325309906434631,0.13651863165931896,0.12081337710864405,0.014595872088395438,0.10421355670773325,0.09464522449728259,0.00895771852014102,0.034377376048167894,0.026289020476384695,0.0006911125976077738,-0.004317064846817667,-0.006554266262120398,0.02246030621110634,,,,,,,,,
tianyan-287__message_0403,message,1024,1024,1024,True,True,0.1232276559236952,0.11250115083452686,0.012656508939092963,0.10428702804156151,0.09072416304509391,0.008230873760232783,0.119140625,0.12882096043496738,0.01659483984738743,0.16015625,0.15063723348057512,0.0226915761106813,0.13239329814080886,0.12580719292124723,0.015827449790723917,0.13397166980927283,0.12039704378390322,0.01449544815190311,0.0892241492904595,0.09191415703828601,0.0084482122640587,0.0883615685633521,0.0796041798623157,0.0063368254515519095,-0.018940627882133687,0.03400350663323569,0.027762951859191143,,,,,,,,,
tianyan-287__message_0404,message,1024,1024,1024,True,True,0.13139244784772347,0.1214196998004075,0.014742743499621076,0.11070939760807672,0.10400304222149463,0.010816632791325994,0.154296875,0.14263853014170338,0.020345750280985626,0.2158203125,0.2013439666561292,0.04053939290882446,0.16510632684060905,0.15742723924121005,0.024783335655109186,0.1706596089653933,0.16092123627905594,0.02589564428557975,0.10209094873527497,0.09127316644309567,0.008330790912549046,0.048748535290267375,0.042218255870618025,0.0017823811287569732,-0.020683050239646755,0.029301499112448504,0.05071398565939095,,,,,,,,,
tianyan-287__message_0405,message,1024,1024,1024,True,True,0.10691527046975877,0.10010046155820458,0.010020102404165595,0.08312241296099475,0.08045480839822808,0.006472976194395591,0.1484375,0.13657479480254245,0.018652674575356576,0.17578125,0.15850745526646923,0.025124613375051747,0.1394703644864668,0.12807931012129686,0.01640430968114734,0.14868765689752111,0.135577389581133,0.01838122856563431,0.09954642960216328,0.09110674350643734,0.008300438712347763,0.06545615273773525,0.05673842099668022,0.003219248417196523,-0.023792857508764018,0.007368840867595483,0.0363108855135332,,,,,,,,,
tianyan-287__message_0406,message,1024,1024,1024,True,True,0.113834390800904,0.10545566230187892,0.011120896711527925,0.09874666609824545,0.08894443973332238,0.007911113359474616,0.1220703125,0.11835020963862788,0.01400677212150717,0.162109375,0.14515053515234352,0.02106867785501171,0.1117230920636746,0.10126781210092979,0.010255169767709222,0.12479425637231067,0.11210879207215536,0.012568381259877765,0.08977440530661923,0.0792742003775128,0.006284398845494051,0.05197707105131587,0.04499377125783598,0.002024439452002467,-0.015087724702658553,0.024059985494284772,0.0503862829363254,,,,,,,,,
tianyan-287__message_0407,message,1024,1024,1024,True,True,0.1133659503902199,0.11229886913256351,0.012611036008452625,0.09503039234373037,0.10276873673274325,0.010561413249643893,0.1572265625,0.15729890591067291,0.024742945800694728,0.17578125,0.16855737641751964,0.02841158914475741,0.1488671839610935,0.13595285432206108,0.01848317859831556,0.14890985383341604,0.14179994220003198,0.020107223607932406,0.1005867491130314,0.09626265869757153,0.009266499459525143,0.049751811156638556,0.04304294389992103,0.0018526950195717489,-0.018335558046489536,0.012779201277188498,0.026914066038906503,,,,,,,,,
tianyan-287__message_0408,message,1024,1024,1024,True,True,0.11165568397617756,0.1026804031893437,0.010543265199126184,0.07738638842737786,0.07549988045290064,0.005700231948402288,0.150390625,0.1458483163439608,0.021271731380368065,0.1474609375,0.14034969317285775,0.019698036373715318,0.16891188027897253,0.14802810709837405,0.0219123204911277,0.14454489426122252,0.13481688843706555,0.01817559340785218,0.0975934628209859,0.09906297600804125,0.009813473215569754,0.06961887168058603,0.060578530826435745,0.0036697583970894255,-0.034269295548799705,0.014062221155191665,-0.021450942778972526,,,,,,,,,
tianyan-287__message_0409,message,1024,1024,1024,True,True,0.11775761124609221,0.11219030268511013,0.01258666401657663,0.08265342290849476,0.08127289079315526,0.0066052827778761425,0.1513671875,0.14825488308879312,0.021979510359671717,0.1533203125,0.14831083595663533,0.021996104062155998,0.1643618632754078,0.15508813590521728,0.02405232989855514,0.1313178509424131,0.1283601770770053,0.016476335059240163,0.10033177139747947,0.09841171568546672,0.009684865784157138,0.09595701984495987,0.08638842017520523,0.007462959140367806,-0.03510418833759746,0.017425839848612748,-0.011041550775407805,,,,,,,,,
tianyan-287__message_0410,message,1024,1024,1024,True,True,0.12114100709764988,0.1143377082719675,0.013073111532885547,0.08891315500148647,0.08455951360942279,0.00715031134186216,0.16015625,0.1510225608727529,0.022807813892564352,0.158203125,0.14688877732718894,0.021576312904676494,0.12159848052910739,0.12941739726792006,0.016748862715602643,0.14289441210112674,0.14085076448657285,0.019838937856452014,0.09976220071530029,0.09608940951809679,0.00923317462153651,0.08828096292006951,0.08025733468341394,0.006441239770485517,-0.03222785209616341,0.021378806382349597,0.03660464447089261,,,,,,,,,
tianyan-287__message_0411,message,1024,1024,1024,True,True,0.13052375010188355,0.1195383457115012,0.014289416095442377,0.11123609657391637,0.10020166577310345,0.010040373823704731,0.1474609375,0.14829842026510226,0.021992421453124893,0.177734375,0.1711671740011094,0.029298201455526057,0.17617176715118793,0.15521026754966646,0.02409022715283905,0.14735313323921723,0.13787199773069497,0.019008687758252762,0.08098897866942473,0.08161685687420998,0.006661311326025278,0.055324808678581194,0.048098384067261246,0.0023134545498817703,-0.019287653527967186,0.049534771432458824,0.0015626078488120698,,,,,,,,,
tianyan-287__message_0412,message,1024,1024,1024,True,True,0.1040142080291012,0.09625004619669794,0.009264071392866488,0.08558980068543673,0.07983879424375936,0.006374233066297343,0.1611328125,0.16659656512639837,0.027754415511914293,0.1630859375,0.15585131744168812,0.02428963314830984,0.15304669061309062,0.1392943364105613,0.019402912156058626,0.16695460374178692,0.1520714005207868,0.023125710856353555,0.088094592802237,0.09865562540496278,0.009732932424044338,0.062533399696763,0.05256265416261069,0.0027628326126182146,-0.018424407343664476,0.015919615226864206,0.010039246886909381,,,,,,,,,
tianyan-287__message_0413,message,1024,1024,1024,True,True,0.10649870275357301,0.0963927654876588,0.009291565238358784,0.09810974823325061,0.08406481225921206,0.00706689266017657,0.134765625,0.13228188515476386,0.017498497140098136,0.18359375,0.16368990639095127,0.02679438545427839,0.15786382587455852,0.14318591201684733,0.020502205400096347,0.16935107028964314,0.1531691548764998,0.023460790005581184,0.0823113256902499,0.07739003849268691,0.005989218057899563,0.05940850488608934,0.05126458350691377,0.0026280575221373356,-0.0083889545203224,0.024187377063323107,0.025729924125441478,,,,,,,,,
tianyan-287__message_0414,message,1024,1024,1024,True,True,0.09206827370479742,0.0831729420338011,0.006917738286558038,0.09410697210892793,0.08309087816846047,0.006904094034805942,0.1298828125,0.12367568322315994,0.015295674620715407,0.205078125,0.1824971454136763,0.03330520808414051,0.175251878061022,0.15878679772600549,0.025213247132079376,0.1822193570517574,0.1678888125379873,0.028186653375415437,0.0725404382603832,0.07558629778650953,0.005713288413070896,0.03348730701115789,0.028870780923381096,0.0008335219911258659,0.0020386984041305123,0.01952783544441422,0.029826246938978007,,,,,,,,,
tianyan-287__message_0415,message,1024,1024,1024,True,True,0.08869944943580055,0.07885799410409752,0.00621858323412188,0.09122276219438706,0.08213961832932071,0.006746916899286478,0.130859375,0.1237284484556722,0.01530872895724793,0.2060546875,0.1878374017301833,0.035282889488746264,0.1710232050697963,0.15825290855367188,0.025043983065696836,0.1694040906695787,0.15826563489822448,0.025048011189738092,0.09613653929802296,0.0860626189011127,0.0074067743721181615,0.032147153528997816,0.027000587043720735,0.00072903170070554,0.002523312758586513,-0.007437089862222412,0.03503148243020371,,,,,,,,,
tianyan-287__message_0416,message,1024,1024,1024,True,True,0.13565003233378486,0.12652502282158726,0.016008581400003177,0.09295724312503909,0.10712593279117391,0.01147596547637911,0.1689453125,0.15619861148965175,0.02439800623129517,0.1904296875,0.185749503167799,0.034502877927084175,0.1355523556516966,0.13446195379602902,0.018080017018645443,0.14538696353846986,0.14989405714589923,0.022468228367658105,0.07448002345511268,0.0885038463160081,0.007832930812727582,0.08511184640247386,0.07734023814299971,0.005981512436015907,-0.04269278920874578,0.06117000887867219,0.0548773318483034,,,,,,,,,
tianyan-287__message_0417,message,1024,1024,1024,True,True,0.11584966624826892,0.10753657033771853,0.011564113959999085,0.08533121712709194,0.09038326242109096,0.008169134125879794,0.1640625,0.15067941948768498,0.022704287457145745,0.17578125,0.1819838151400165,0.0331181089729157,0.15015908873105416,0.14448140033594928,0.020874875043036846,0.1466532541882552,0.1549934631366394,0.024022973615088792,0.10147954615395183,0.09498516848021783,0.009022182231215368,0.05865486542804584,0.049584483943678176,0.0024586210479608786,-0.030518449121176988,0.014370120094317096,0.025622161268945842,,,,,,,,,
tianyan-287__message_0418,message,1024,1024,1024,True,True,0.09420542714476833,0.09151022827248621,0.008374121878482535,0.0791630142354173,0.07830004958015038,0.006130897764254009,0.130859375,0.1250085192953678,0.01562712989642034,0.150390625,0.1468379760175479,0.021561391200929966,0.14018934063934368,0.13944664682283603,0.019445367310132765,0.14299064030602393,0.14029296997791943,0.019682117425225406,0.09832132195838902,0.09446942907205746,0.008924473029200497,0.07232874530229465,0.06255903751790154,0.003913633175166212,-0.01504241290935103,-0.0041158948136206935,0.010201284360656315,,,,,,,,,
tianyan-287__message_0419,message,1024,1024,1024,True,True,0.09836397060590622,0.09096922407566495,0.008275399728928538,0.09448304288798585,0.0864311637363577,0.007470346064821076,0.1259765625,0.1193717939343782,0.014249625187111654,0.18359375,0.17458250532044786,0.030479051163964207,0.1523007300263522,0.14496755131896844,0.02101559093541775,0.17316928557814154,0.16730206978088455,0.02798998255296796,0.08521897557382019,0.07817612218530429,0.006111506079931626,0.05774200654839082,0.050635868237135534,0.0025639911521285513,-0.0038809277179203683,0.013144995032086035,0.031293019973647807,,,,,,,,,
tianyan-287__message_0420,message,1024,1024,1024,True,True,0.12396418223421118,0.11378930786996737,0.012948006585526218,0.10469082826086848,0.10212567768262425,0.010429654042135257,0.1318359375,0.13855962704925287,0.019198770248028046,0.1806640625,0.17349693656877427,0.030101186998749283,0.14302529589525015,0.1342904576265084,0.01803392700953705,0.1583253135659483,0.14950313987213706,0.02235118883162778,0.08744934551114336,0.09055356680851094,0.008199948461743455,0.0542342434238012,0.04814444605064768,0.0023178876855237253,-0.019273353973342705,0.03651483672306782,0.03763876660474985,,,,,,,,,
tianyan-287__message_0421,message,1024,1024,1024,True,True,0.10545674725024971,0.09761794009912514,0.009529262229196383,0.09303650821131187,0.08726372181411725,0.007614957144851643,0.1650390625,0.1725697989187286,0.02978033549885042,0.1591796875,0.15207999556437515,0.023128325050860363,0.13266281711701772,0.12800761726663604,0.01638595007828158,0.1475081138610065,0.14043798854791478,0.019722828627384247,0.10645845959839277,0.1169756521214794,0.013683303189245367,0.059657452718021836,0.051812572938325856,0.002684542714489337,-0.012420239038937839,-0.0010017123481430579,0.026516870382982283,,,,,,,,,
tianyan-287__message_0422,message,1024,1024,1024,True,True,0.19688984320812067,0.17715518492446106,0.03138395954562,0.0860961097998659,0.09554362077308722,0.009128583470431504,0.2177734375,0.22030396314707043,0.04853383617830576,0.15625,0.16791866183324203,0.028196676991866697,0.17151838486619506,0.18265081981791106,0.03336132198015501,0.12644220011404406,0.12862403819113227,0.01654414320059385,0.07580016567139966,0.09596743305350909,0.00920974820687975,0.15491052359365598,0.14643812327628444,0.021444123948680276,-0.11079373340825477,0.12108967753672101,-0.015268384866195056,,,,,,,,,
tianyan-287__message_0423,message,1024,1024,1024,True,True,0.12173332521758072,0.11426670605689931,0.01305688011309383,0.10081325774580477,0.0963819155717434,0.009289473649278672,0.140625,0.1591722519420409,0.025335805788300542,0.158203125,0.142236003789288,0.02023108077394635,0.11353787899437218,0.11072081494307566,0.012259098861658806,0.14178465743971158,0.13556771832001657,0.01837860625049536,0.08192767570968928,0.10600894188236791,0.011237895759019258,0.08765126787072178,0.07965470804065546,0.006344872513042062,-0.020920067471775952,0.039805649507891436,0.04466524600562782,,,,,,,,,
tianyan-287__message_0424,message,1024,1024,1024,True,True,0.105153197740147,0.1065183508921586,0.011346159076785024,0.09746835348340843,0.10226790203109651,0.010458723785841954,0.130859375,0.13714458940357174,0.018808638402674285,0.185546875,0.20352015900405726,0.041420455121036745,0.1639432169922252,0.16705570862732058,0.027907609784976237,0.1668664474147442,0.17412756580893624,0.03032040917454542,0.10201129689712225,0.10105676506871077,0.0102124697661526,0.052444408905441255,0.04629697353460949,0.0021434097584643315,-0.007684844256738571,0.0031419008430247503,0.021603658007774806,,,,,,,,,
tianyan-287__message_0425,message,1024,1024,1024,True,True,0.1387472084955802,0.12488063768155153,0.015595173667750947,0.09559799971762896,0.09373888654231222,0.008786978850192483,0.1572265625,0.15213981125720824,0.02314652216937895,0.19921875,0.1837005541645466,0.033745893600361516,0.15154904949064807,0.1370654584569937,0.018786939902025866,0.16941590700254416,0.15184213680001854,0.023056034507995548,0.08402044489842068,0.08726465461269153,0.007615119944672346,0.06981125739918415,0.06214272301158655,0.003861718023294768,-0.04314920877795124,0.054726763597159514,0.04766970050935193,,,,,,,,,
tianyan-287__message_0426,message,1024,1024,1024,True,True,0.11864018457257086,0.10742289983384809,0.01153967940871296,0.09101960811821524,0.09784395610144511,0.009573439745581518,0.1357421875,0.13517907469130105,0.018273382234396347,0.1630859375,0.15704241568982544,0.02466232032569593,0.11036251563055041,0.12652345319332914,0.01600818420796455,0.1320434974659033,0.1318709236442711,0.017389940502793178,0.07714997203017526,0.08047727197735302,0.006476591304916851,0.08615968280570979,0.07614744115186943,0.005798432793977418,-0.027620576454355616,0.0414902125423956,0.05272342186944959,,,,,,,,,
tianyan-287__message_0427,message,1024,1024,1024,True,True,0.10498841329729967,0.09746071075383703,0.009498590140643085,0.0886336935922938,0.09047608411284323,0.008185921796394283,0.1484375,0.1515030779314363,0.02295318262269886,0.1708984375,0.15608337904596725,0.024362021214407087,0.14375634474296103,0.13396951775864596,0.017947831688484153,0.14509576951296246,0.13781533949121097,0.018993067799077737,0.10077105220345414,0.11306001714383102,0.012782567476563363,0.058553086750248964,0.05053782298655298,0.0025540715522201626,-0.016354719705005877,0.004217361093845531,0.027142092757038966,,,,,,,,,
tianyan-287__message_0428,message,1024,1024,1024,True,True,0.19791293470150528,0.2719807496224535,0.07397352816519175,0.09453391991688503,0.10698192859491533,0.01144513304588756,0.22265625,0.30796337090349696,0.09484143781824483,0.15234375,0.1673126589987063,0.02799352586121737,0.22019913889259107,0.27813619537101597,0.07735974317546397,0.10521757760312453,0.12110668669761868,0.01466682956287517,0.0546195568992217,0.08319306046406325,0.006921085309377283,0.1970283448620087,0.268056111513871,0.07185407891993684,-0.10337901478462025,0.14329337780228357,-0.06785538889259107,,,,,,,,,
tianyan-287__message_0429,message,1024,1024,1024,True,True,0.1262095442952196,0.11498763719765075,0.013222156708298552,0.09262847078262257,0.08805727390541321,0.007754083487652967,0.1650390625,0.15680797696793872,0.0245887416407776,0.1708984375,0.16804245015388244,0.02823826505372006,0.1481876718854272,0.1426854636453669,0.020359141535693324,0.16422406883460666,0.15954336363012325,0.025454084878413732,0.08236547464722807,0.09599594277564885,0.00921522102938565,0.08264206206719413,0.0739564669433171,0.005469559002737956,-0.03358107351259704,0.043844069647991535,0.022710765614572803,,,,,,,,,
tianyan-287__message_0430,message,1024,1024,1024,True,True,0.12495002018733838,0.11915546265769993,0.014198024281170523,0.08968220410099556,0.09122305925465105,0.008321646539777575,0.1337890625,0.1415996950576607,0.0200504736404225,0.1953125,0.19479154778267535,0.0379437470875703,0.17704317867658267,0.17432263774184284,0.030388382029273766,0.17366752115366557,0.17037937596684677,0.029029131754852125,0.07012236715297893,0.07556726680428848,0.00571041181227052,0.07154996277882886,0.06136417597684528,0.003765562093317235,-0.035267816086342815,0.05482765303435945,0.018269321323417326,,,,,,,,,
tianyan-287__message_0431,message,1024,1024,1024,True,True,0.13663296305045675,0.12802478128925093,0.016390344624160537,0.10632222065176672,0.10927886493298082,0.011941870321040665,0.1845703125,0.17231350211327892,0.02969194301054298,0.1923828125,0.17863902962207648,0.03191190290431711,0.16084795931824925,0.14561867646287713,0.02120479893480008,0.15905416989862697,0.15634506953655855,0.02444378076839133,0.10343758212760085,0.09589743562467541,0.009196318159388765,0.07759596187344463,0.068402360424554,0.0046788829116505915,-0.030310742398690027,0.0331953809228559,0.031534853181750755,,,,,,,,,
tianyan-287__message_0432,message,1024,1024,1024,True,True,0.09166552914799567,0.08422111501276433,0.0070931962139932775,0.08789104923089253,0.07972559102594812,0.006356169864436739,0.1279296875,0.11914173707335467,0.014194753512856375,0.171875,0.15574059243288244,0.024255132131345194,0.14128728039540925,0.12334467764537134,0.015213909503440568,0.13921098449101993,0.12473340314717092,0.01555842186067467,0.1074224243448001,0.0902612496443923,0.00814709318736731,0.03779924935563009,0.031711828255230404,0.0010056400512892293,-0.0037744799171031407,-0.015756895196804427,0.030587719604590752,,,,,,,,,
tianyan-287__message_0433,message,1024,1024,1024,True,True,0.11441107767829319,0.10708023890936026,0.01146617756488567,0.09633923836157658,0.09523658899862336,0.009070007884092708,0.1201171875,0.13494800863312917,0.018210965034047108,0.171875,0.15353542348119262,0.023573126263549155,0.11933535505994296,0.1085539878597178,0.011783968280247761,0.13551704104191215,0.12384162272253235,0.015336747518550043,0.08314237383152365,0.09056507971218894,0.008202033663275137,0.07873629928290873,0.06896643138761374,0.004756368658342433,-0.018071839316716604,0.03126870384676954,0.05253964494005704,,,,,,,,,
tianyan-287__message_0434,message,1024,1024,1024,True,True,0.12671767675648316,0.11138312721505814,0.012406201028205823,0.09733951965960842,0.09193934552754482,0.008452843256033276,0.1572265625,0.14367797362615128,0.020643360105317022,0.1943359375,0.16986466151155563,0.02885400323043537,0.14651871078906642,0.13368584410597953,0.01787190491432826,0.15398673944809652,0.14050953294547838,0.019742928848556475,0.10236069811005288,0.10379879365207838,0.010774189563626746,0.08035728041424883,0.07028281346102189,0.0049396738679968,-0.029378157096874732,0.024356978646430272,0.04781722671093358,,,,,,,,,
tianyan-287__message_0435,message,1024,1024,1024,True,True,0.1344061657203454,0.13552126962657923,0.01836601452119999,0.08261139607188114,0.09671935817691107,0.009354634246153615,0.1689453125,0.1840047370480702,0.033857743256129454,0.15625,0.16377677908187932,0.026822833366434706,0.16100305158882638,0.1582365116501079,0.025038793619194734,0.1241097844112927,0.1210717229095249,0.01465836208828078,0.07035610491196154,0.09053626007205515,0.008196814387834806,0.11520999712913056,0.1108035012972353,0.012277415899726425,-0.051794769648464245,0.06405006080838385,-0.004753051588826385,,,,,,,,,
tianyan-287__message_0436,message,1024,1024,1024,True,True,0.13888347923232194,0.12918503318614102,0.016688772799304356,0.10258346905590174,0.10098618321482074,0.010198209200297341,0.158203125,0.1536282996911154,0.02360165446598317,0.181640625,0.16207716239562678,0.026269006570218377,0.1350475291579985,0.12900430044854622,0.016642109534218782,0.1748150503702302,0.1595991692475453,0.025471894824506614,0.06039475504481301,0.06421044634187789,0.00412298141942318,0.08854976670542695,0.08090249872792393,0.006545214300421734,-0.036300010176420205,0.07848872418750893,0.0465930958420015,,,,,,,,,
tianyan-287__message_0437,message,1024,1024,1024,True,True,0.10256637984475614,0.09615994784758017,0.009246735570049337,0.09405155434847949,0.0870458333036572,0.007576977095528077,0.12109375,0.12293703508094708,0.015113514594494013,0.1533203125,0.15229187569801914,0.02319281540362091,0.14765256839042795,0.13549635943516108,0.01835926342018237,0.13975356314235,0.1325391263730589,0.017566620019733678,0.09791625404221134,0.09235199136587989,0.008528890309243553,0.060050103127480596,0.049884498002445606,0.0024884631409559997,-0.008514825496276648,0.0046501258025447995,0.005667744109572048,,,,,,,,,
tianyan-287__message_0438,message,1024,1024,1024,True,True,0.10527380982765257,0.10157280091511711,0.010317033885742014,0.08303842754171109,0.0841929634853978,0.007088455100453527,0.119140625,0.13170506844001054,0.01734622505278786,0.1708984375,0.16172476392272514,0.026154899265861183,0.13716654969574352,0.132605565938901,0.017584236117976222,0.1498307346975753,0.14364301520711129,0.020633315817790408,0.08988541388189039,0.09567257611327344,0.0091532418201501,0.07026706204160849,0.06108780107237086,0.003731719439857555,-0.022235382285941477,0.015388395945762176,0.03373188780425648,,,,,,,,,
tianyan-287__message_0439,message,1024,1024,1024,True,True,0.10427896068586627,0.09617612469135546,0.009249846960647153,0.08969035122172048,0.08609877607804572,0.007412999242137459,0.1376953125,0.13411712807321183,0.017987404042606306,0.16015625,0.1548512788891862,0.023978918573616528,0.12469602586114455,0.11929301969979651,0.014230824549096039,0.12013735834040982,0.11677379313890042,0.013636118764046707,0.0855559869455226,0.08794560425149087,0.007734429307159847,0.06928198305623397,0.059924985505581736,0.0035910038878441816,-0.014588609464145794,0.018722973740343665,0.03546022413885545,,,,,,,,,
tianyan-287__message_0440,message,1024,1024,1024,True,True,0.1133956056791375,0.11424219198183584,0.013051278428814636,0.09157610993715093,0.09565084895681279,0.009149084906159016,0.1318359375,0.14394948797801896,0.02072145508913382,0.146484375,0.15887830824751217,0.02524231683159149,0.13615817493996035,0.12962325834473562,0.01680218910390607,0.11388386678806481,0.12167479239777984,0.014804755105042824,0.07234075893747793,0.08561029551508786,0.007329122698180673,0.08173185597733827,0.07403590493164613,0.005481315219047744,-0.021819495741986578,0.04105484674165957,0.010326200060039648,,,,,,,,,
tianyan-287__message_0441,message,1024,1024,1024,True,True,0.15913831859582817,0.15352098229605124,0.023568692005144474,0.08435703774716541,0.09841946199574576,0.009686390499532044,0.166015625,0.18397813370968466,0.033847953683298605,0.1533203125,0.1842723617053714,0.03395630328847522,0.20985754291929898,0.2070350485788045,0.04286351134002794,0.12217343541824871,0.14353653278268988,0.020602736243276205,0.07128876523644795,0.09381101806408239,0.008800507110219593,0.13384400688213466,0.12668844269091029,0.01604996151144806,-0.07478128084866276,0.08784955335938022,-0.05653723041929898,,,,,,,,,
tianyan-287__message_0442,message,1024,1024,1024,True,True,0.14065910203916526,0.12437354347942177,0.015468778317627616,0.08219468091801788,0.08415181067386712,0.007081527239690376,0.16796875,0.16009101041364074,0.02562913161526043,0.21875,0.19395813616837634,0.03761975858591042,0.1545964258526533,0.13745667336475664,0.018894337052505396,0.1788026311849486,0.15412234402312922,0.023753696927183793,0.0753085748443893,0.08893963656056673,0.0079102589515257,0.0855151782118452,0.07558222319657636,0.005712672463337086,-0.058464421121147386,0.06535052719477596,0.06415357414734671,,,,,,,,,
tianyan-287__message_0443,message,1024,1024,1024,True,True,0.09737886857091144,0.08819421093592338,0.007778218842610146,0.0840311425043069,0.0788023222907245,0.006209805998411215,0.12109375,0.13329443577374078,0.017767406608239906,0.1552734375,0.15603344377007214,0.024346435574748266,0.14735643417884087,0.1353065514097417,0.01830786285439708,0.14713083944517594,0.13820932756075519,0.019101818224796126,0.08788325304847257,0.09550771952278679,0.009121724488443308,0.05448713537922521,0.04768374327046955,0.0022737393722840503,-0.013347726066604532,0.009495615522438869,0.007917003321159133,,,,,,,,,
tianyan-287__message_0444,message,1024,1024,1024,True,True,0.10670923959664882,0.10649411562834714,0.011340996663463769,0.10331937595577223,0.10039738163775627,0.01007963423971728,0.134765625,0.12960561295725567,0.01679761491002596,0.1845703125,0.17441455642446532,0.030420437492743,0.148072248019124,0.14385009333582582,0.0206928493527258,0.1622663908268736,0.15879713415066046,0.02521652981446286,0.08235224319125647,0.08918227060557173,0.007953477390365423,0.06250748873543227,0.05462334454954153,0.002983709769777928,-0.0033898636408765948,0.02435699640539235,0.036498064480876,,,,,,,,,
tianyan-287__message_0445,message,1024,1024,1024,True,True,0.11024431959097941,0.10174293569930765,0.01035162496471345,0.1037741135361222,0.09917055619323044,0.009834799215674676,0.1435546875,0.13165938484661688,0.017334193618189574,0.18359375,0.16628541699032262,0.027650839903645474,0.17039462011844825,0.15451560707195675,0.023875072828815326,0.17283314326368154,0.15851735872482386,0.025127753017094495,0.10389165821547673,0.09378333604016667,0.008795314118822825,0.029742376248702674,0.025855832740873587,0.0006685240867240305,-0.006470206054857208,0.00635266137550268,0.013199129881551752,,,,,,,,,
tianyan-287__message_0446,message,1024,1024,1024,True,True,0.10698412338093916,0.09711401713278926,0.009431132323667686,0.08775319381688829,0.08761675897622209,0.007676696453497394,0.150390625,0.13325543238499482,0.01775701026011193,0.1552734375,0.14361258490067183,0.020624574541852677,0.12914289386283823,0.12786581064099392,0.016349665530878518,0.11834837255991697,0.11548282471588188,0.0133362828043591,0.095017979747928,0.0897851078213513,0.008061365586491677,0.05410964476794661,0.0479046578087349,0.0022948562397719858,-0.01923092956405087,0.011966143633011156,0.026130543637161774,,,,,,,,,
tianyan-287__message_0447,message,1024,1024,1024,True,True,0.10832676907608796,0.09969110428001567,0.009938316272568958,0.08614698719823698,0.08240500605091318,0.006790585022251037,0.140625,0.1256482374278426,0.015787479568723506,0.17578125,0.1640388982835217,0.026908760150071577,0.13518875177823314,0.1264902933491913,0.015999794311564466,0.13125915081056203,0.12362750633092189,0.01528376032160213,0.07971687269036766,0.07367593391438257,0.005428143238156468,0.06076088187167858,0.053541415195511574,0.0028666831411381577,-0.022179781877850982,0.0286098963857203,0.04059249822176686,,,,,,,,,
tianyan-287__message_0448,message,1024,1024,1024,True,True,0.13463446022234843,0.1192528000409943,0.01422123031761737,0.08565148690156799,0.08193751392275013,0.006713756187840871,0.13671875,0.14542570829451992,0.0211486366329628,0.1494140625,0.15066514775635007,0.0226999867484428,0.20226896106693398,0.17162924408942518,0.029456597426707483,0.15432691864991666,0.14276054112280018,0.020380572101674717,0.07148296497302739,0.08478798239373236,0.007189001958399869,0.08767779319697275,0.07755731150143502,0.006015136567330626,-0.04898297332078044,0.06315149524932104,-0.05285489856693398,,,,,,,,,
tianyan-287__message_0449,message,1024,1024,1024,True,True,0.14013352115514274,0.12144766913286431,0.014749536337805683,0.09853131462501719,0.09621790039612516,0.00925788435663866,0.1552734375,0.15294131596697644,0.023391046129710526,0.205078125,0.18364159284932813,0.0337242346242384,0.15507745301174672,0.13634656926535893,0.018590386950433323,0.1740967626093361,0.1564693316811454,0.024482651756744297,0.07889037496360947,0.09763026818015723,0.00953166926492942,0.08214281271872606,0.07246552088511678,0.005251251717151295,-0.04160220653012556,0.061243146191533274,0.05000067198825328,,,,,,,,,
tianyan-287__message_0450,message,1024,1024,1024,True,True,0.12860766574594573,0.11732789214977925,0.013765834276310231,0.10966655487511297,0.10415066659013128,0.01084736135116869,0.1494140625,0.14340907061059607,0.020566161533394932,0.173828125,0.1764618462783105,0.031138783191950084,0.12305874390965535,0.13342615995300153,0.01780254015980395,0.12566097213918914,0.1335183349953529,0.017827145779931282,0.10038263107724042,0.09174858353114769,0.008417802579971986,0.05178729097622392,0.044370779511485506,0.001968766074456862,-0.018941110870832764,0.02822503466870531,0.05076938109034465,,,,,,,,,
tianyan-287__message_0451,message,1024,1024,1024,True,True,0.11012714187823175,0.10170458657212454,0.010343822929806776,0.09760594540870354,0.09585048680440028,0.009187315820640512,0.115234375,0.12159323754685451,0.014784915417125791,0.1884765625,0.19019592159390628,0.036174488590955345,0.15149715536990127,0.1577014437386832,0.024869745357265063,0.15943768167452557,0.16969782175211928,0.028797350707414047,0.08523183862359401,0.09070127624659295,0.008226721512760767,0.059939864148071315,0.05230088649201292,0.00273538272785042,-0.012521196469528206,0.024895303254637735,0.03697940713009873,,,,,,,,,
tianyan-287__message_0452,message,1024,1024,1024,True,True,0.10536209497425653,0.09545165529381823,0.009111018498329897,0.09871173658782895,0.08768883604904752,0.007689331967636737,0.126953125,0.1263838017242902,0.0159728653382847,0.2119140625,0.19817503921630186,0.03927334616838278,0.15747840037475336,0.15340510516881048,0.023533126291853806,0.17874347883291108,0.174929069351243,0.030600179304091982,0.07713553231916467,0.08779240730319372,0.007707506780089864,0.05401466603220182,0.04762229018434162,0.0022678825224016408,-0.0066503583864275795,0.028226562655091852,0.05443566212524664,,,,,,,,,
tianyan-287__message_0453,message,1024,1024,1024,True,True,0.09495085021175065,0.0837910729465707,0.007020943905537532,0.08479420196515158,0.0787762282893957,0.0062056941435029885,0.1337890625,0.11719682102234728,0.013735094857744101,0.1904296875,0.16726420080284746,0.02797731287021528,0.1619930023040712,0.139493638933979,0.0194584753030433,0.17947646577678156,0.15174061618474932,0.02302521460012741,0.08477174677171856,0.08114895230638935,0.006585152460424654,0.03456596296649013,0.02997175342047376,0.0008983060030976805,-0.010156648246599065,0.010179103440032089,0.02843668519592879,,,,,,,,,
tianyan-287__message_0454,message,1024,1024,1024,True,True,0.1748705864507017,0.1727723270905412,0.029850277008280954,0.09318231186311221,0.1047939931658079,0.010981781003635392,0.189453125,0.22194072411434135,0.04925768502039818,0.1884765625,0.195755991231677,0.03832040810309641,0.2291087648391385,0.20002648696264863,0.040010595486618644,0.1250989654766856,0.1363999443352829,0.018604944814668276,0.0619410349030021,0.10848360889980052,0.01176869339992488,0.16597504583547212,0.15513852385693608,0.024067961584509127,-0.08168827458758948,0.1129295515476996,-0.0406322023391385,,,,,,,,,
tianyan-287__message_0455,message,1024,1024,1024,True,True,0.1278869119030676,0.10327748337154785,0.010666238571560342,0.09082455057539074,0.08611013733080182,0.007414955751129548,0.1630859375,0.15141004112580642,0.02292500055371839,0.1884765625,0.1738309803215474,0.030217209719550196,0.16294369439012912,0.1434535300092295,0.020578915272108908,0.17739589753258594,0.1628771342007435,0.02652896084544701,0.08023943453797568,0.09276097833461282,0.008604599101594508,0.0759359872265837,0.06576628632470355,0.004325204416942888,-0.037062361327676874,0.047647477365091936,0.025532868109870877,,,,,,,,,
tianyan-287__message_0456,message,1024,1024,1024,True,True,0.08449380027887182,0.07705366613023289,0.0059372674641094,0.0803274153409835,0.07786463819930757,0.006062901881909067,0.12109375,0.11184942178693179,0.01251029315407097,0.16796875,0.1620294404024815,0.026253539557141298,0.13838198140698088,0.13294906081025215,0.017675452770328122,0.14114185974559249,0.13738655880043857,0.018875066539026368,0.08244220688753406,0.08122613739549385,0.006597685396191644,0.04092442707315797,0.03545029398802606,0.0012567233438374762,-0.004166384937888318,0.002051593391337758,0.02958676859301912,,,,,,,,,
tianyan-287__message_0457,message,1024,1024,1024,True,True,0.10352914567661073,0.0941366310248815,0.008861705300714682,0.08326348436865055,0.08494625020570994,0.007215865424011076,0.1337890625,0.12981203204664452,0.016851163664079065,0.18359375,0.1734242020222678,0.030075953847060355,0.13527849432157085,0.1352753873519119,0.01829943042320981,0.1589368011144498,0.1547085781431938,0.023934744151088705,0.09518801966103323,0.10031694109860442,0.01006348867138087,0.05769357255717608,0.04948399392809145,0.002448665655075391,-0.020265661307960176,0.008341126015577502,0.04831525567842915,,,,,,,,,
tianyan-287__message_0458,message,1024,1024,1024,True,True,0.12760778876249362,0.11481817699971034,0.013183213769536812,0.10119591995894921,0.09503978962300315,0.009032561611584698,0.1591796875,0.1520790671626242,0.02312804266905396,0.1689453125,0.1777222356198627,0.031585193033721995,0.13401260211350247,0.13907182581751745,0.01934097273621791,0.14777599595431606,0.15548316290659417,0.024175013947438498,0.08763631759978076,0.08738068836242287,0.007635384698690864,0.06060224304812922,0.05311259753452759,0.002820948016864707,-0.026411868803544417,0.039971471162712865,0.034932710386497534,,,,,,,,,
tianyan-287__message_0459,message,1024,1024,1024,True,True,0.12410127397904969,0.11127827388185679,0.01238285423812553,0.10647112549788237,0.09899827713923713,0.0098006588765372,0.1611328125,0.15304367260563176,0.023422365724619802,0.1796875,0.16342247800832507,0.02670690631838149,0.14079295565568625,0.12696531637904457,0.01612019156323088,0.1446048736344519,0.12892857070827943,0.016622576344879805,0.07791239601734055,0.0775992701939935,0.006021646734640408,0.05868949164894701,0.050950573943782516,0.0025959609852008497,-0.017630148481167313,0.04618887796170913,0.03889454434431375,,,,,,,,,
tianyan-287__message_0460,message,1024,1024,1024,True,True,0.11188600955373619,0.10555955799535172,0.011142820284174022,0.09139472887059663,0.09125517872111985,0.008327507643423526,0.1337890625,0.14203166415817406,0.020172993623540348,0.189453125,0.16525547908060112,0.02730937336615899,0.15264284426817257,0.13861703750129348,0.019214683085635002,0.15457119853426593,0.1384250021400241,0.01916148121746567,0.08976702489064445,0.09673717974545398,0.009358081945104272,0.06642777592440016,0.057665468846440665,0.003325306297279819,-0.02049128068313956,0.022118984663091742,0.03681028073182743,,,,,,,,,
tianyan-287__message_0461,message,1024,1024,1024,True,True,0.1446663548304927,0.12896785754499507,0.01663270827974614,0.10349213325769115,0.10444295105744571,0.010908330025588,0.1630859375,0.15549304905254777,0.024178088303658023,0.220703125,0.20219043357196168,0.040880971428017845,0.17538623709578624,0.1593933591091641,0.025406242928102944,0.1692681896917883,0.16418460780718855,0.02695658544080032,0.06975816726669826,0.08588134500219516,0.007375605419386071,0.0866768633812011,0.07527870929929514,0.005666884073767785,-0.04117422157280155,0.07490818756379444,0.04531688790421376,,,,,,,,,
tianyan-287__message_0462,message,1024,1024,1024,True,True,0.13054787405886475,0.11688328107391259,0.013661701394603255,0.1090149738127286,0.09888814488576358,0.009778865198947771,0.1298828125,0.1405693296426654,0.019759736436188335,0.1630859375,0.15079755433241424,0.022739902392637422,0.12527128571944032,0.11773845266345355,0.013862343235584293,0.1411623161548104,0.13472116707648216,0.018149792858449417,0.09341675022100812,0.10422562271542667,0.010862980430418463,0.07047105180077813,0.06286724489072766,0.003952290480150724,-0.02153290024613616,0.03713112383785663,0.03781465178055968,,,,,,,,,
tianyan-287__message_0463,message,1024,1024,1024,True,True,0.11946032489588464,0.10899948777659788,0.01188088833556071,0.0999707017468628,0.10136935004955631,0.010275745129469483,0.134765625,0.14424673284691564,0.02080711993700945,0.173828125,0.16259282773109363,0.02643642762959309,0.164474206950457,0.14294527889155315,0.02043335275738391,0.14860784083350612,0.1336466027119154,0.01786141441643655,0.0829449498849793,0.09416302610641486,0.008866675485517367,0.054253932770393073,0.04437526921301584,0.001969164517727632,-0.019489623149021834,0.036515375010905335,0.009353918049542997,,,,,,,,,
tianyan-287__message_0464,message,1024,1024,1024,True,True,0.09752518222483075,0.08598756784474401,0.007393861823854455,0.0992559389556767,0.08647652277195597,0.00747818899072862,0.162109375,0.14187610696815706,0.02012882972843994,0.181640625,0.1670349181767604,0.02790066389031704,0.15356458365494413,0.13810325071417776,0.01907250785782304,0.17349472257632675,0.15459440003264474,0.023899428521453384,0.11283729893775535,0.1041087075219345,0.010838622981887702,0.04452503171758138,0.0385681262804321,0.0014875003647833573,0.0017307567308459532,-0.015312116712924595,0.02807604134505587,,,,,,,,,
tianyan-287__message_0465,message,1024,1024,1024,True,True,0.10290464345336833,0.10003695789957982,0.010007392945802305,0.07540141362576826,0.07690134134966127,0.005913816301377122,0.1513671875,0.1477614408101868,0.02183344339030234,0.162109375,0.16576672520191624,0.027478607184167614,0.14797381906144608,0.15082141734410792,0.02274709992968558,0.14655394967280563,0.1479326668049842,0.021884073908034474,0.09339238813985433,0.09313665374400681,0.008674436270631018,0.0672016612123025,0.060383229323461206,0.003646134383529705,-0.027503229827600076,0.009512255313514004,0.014135555938553923,,,,,,,,,
tianyan-287__message_0466,message,1024,1024,1024,True,True,0.10281595322762505,0.09766926317279817,0.00953928496871731,0.09773053227711717,0.08711648690301538,0.007589282290323251,0.1396484375,0.13251098327551838,0.017559160688644715,0.15234375,0.1483867645150191,0.02201863188323573,0.14100561162379452,0.13506867187435204,0.018243546121901374,0.14946832436170263,0.13682095132083694,0.018719972720338828,0.08768367522681905,0.08407622821754131,0.0070688121512880895,0.06451049667036456,0.05661758829066545,0.0032055513038512975,-0.005085420950507874,0.015132278000805993,0.011338138376205481,,,,,,,,,
tianyan-287__message_0467,message,1024,1024,1024,True,True,0.13399016426776422,0.12081266262165277,0.014595699449733296,0.10143367627642608,0.09247820265547517,0.008552217966387134,0.1513671875,0.15129597566650668,0.022890472252880184,0.1640625,0.1580683596888064,0.02498560633470987,0.20605666183277277,0.1766726686878123,0.0312132318612735,0.17768489988691838,0.16324997321913284,0.02665055375604759,0.0872880627815247,0.09248242854608825,0.008552999589782319,0.07041037899072597,0.06121327428250769,0.0037470649483855173,-0.032556487991338146,0.04670210148623952,-0.04199416183277277,,,,,,,,,
tianyan-287__message_0468,message,1024,1024,1024,True,True,0.13116287772381463,0.12100886527552851,0.014643145475271008,0.09144931626398035,0.0953788944915257,0.009097133514425593,0.134765625,0.13436507312761262,0.01805397287658869,0.1806640625,0.16971992560985663,0.02880485314901527,0.12446157869626688,0.11594462548217638,0.013443156178202144,0.14331198746876583,0.13765769637530423,0.018949641371355446,0.08104210695441609,0.07843764146219032,0.006152463598151118,0.07556882976602264,0.07028261859823591,0.004939646477025096,-0.039713561459834276,0.05012077076939854,0.05620248380373312,,,,,,,,,
tianyan-287__message_0469,message,1024,1024,1024,True,True,0.0936120513859973,0.0851981163817298,0.007258719034994776,0.07938579559765449,0.07123999628656212,0.0050751370709093855,0.1416015625,0.12479491360862441,0.015573770462584029,0.1787109375,0.17823795327928157,0.03176876798918736,0.13228435259935684,0.1326531575197927,0.017596860199970935,0.14581399230563719,0.14445636429012662,0.020867641183921766,0.10208718647275386,0.09573189097103765,0.00916459494889064,0.038771214603861626,0.03327109964684655,0.0011069660717103924,-0.014226255788342815,-0.008475135086756555,0.046426584900643164,,,,,,,,,
tianyan-287__message_0470,message,1024,1024,1024,True,True,0.09566499894527852,0.09071224658549469,0.008228711680587593,0.08541089341625159,0.07867054996549572,0.0061890554318735575,0.1396484375,0.13101392487189295,0.01716464851033801,0.1806640625,0.16378206773244708,0.026824565710715884,0.16097968241603625,0.14747394403720393,0.02174856416988836,0.17436331279056466,0.1619185145958324,0.02621760536892079,0.08597910946405513,0.10091179265535911,0.01018318989691819,0.05483357303060803,0.049116382759232864,0.002412419055351467,-0.010254105529026933,0.009685889481223398,0.019684380083963754,,,,,,,,,
tianyan-287__message_0471,message,1024,1024,1024,True,True,0.12001459311939179,0.10629598627545979,0.011298836698272734,0.08648098180563212,0.08068291504362492,0.0065097327799367955,0.1259765625,0.12178304500220749,0.014831110050009696,0.1552734375,0.1401514435620665,0.019642427132531108,0.15639570660494848,0.1417031296383452,0.020079776949301666,0.14252321744267685,0.13186769635571557,0.017389089342163204,0.08479830032333918,0.08829388882998293,0.007795810804721385,0.073606388798726,0.06329718079222338,0.004006533096243412,-0.033533611313759676,0.03521629279605261,-0.0011222691049484756,,,,,,,,,
tianyan-287__message_0472,message,1024,1024,1024,True,True,0.11752410768879959,0.11202423101791652,0.01254942833515553,0.09308138030475852,0.09927357490873308,0.009855242675159838,0.130859375,0.14429383884441938,0.02082071192845927,0.1689453125,0.17226389516700336,0.029674849578108325,0.17589574025723798,0.16202868952660768,0.026253296229709826,0.1410420991547085,0.1427023638802539,0.020363964657012394,0.08259483337041823,0.08852574622695067,0.00783680774503847,0.064593161883153,0.053855781067585734,0.0029004451543997263,-0.024442727384041074,0.03492927431838136,-0.006950427757237976,,,,,,,,,
tianyan-287__message_0473,message,1024,1024,1024,True,True,0.11813431247306207,0.11670426137399612,0.013619884622850001,0.08707603868610256,0.10577017065249797,0.011187328999858543,0.142578125,0.1584765032457198,0.02511480208099064,0.18359375,0.1935256671766231,0.03745218385615709,0.16792468717816933,0.15897302423714219,0.025272422435102998,0.13750548795621526,0.13744514504583208,0.018891167896669815,0.09165532936717516,0.10600336718900813,0.011236713855407685,0.06809055739697717,0.05865350226123252,0.0034402333275084084,-0.03105827378695951,0.026478983105886908,0.01566906282183067,,,,,,,,,
tianyan-287__message_0474,message,1024,1024,1024,True,True,0.2932664697040391,0.3734249945682393,0.13944622656828953,0.061649999499064044,0.09597534911883134,0.009211267638481558,0.2939453125,0.3819773213169256,0.14590667400045382,0.134765625,0.2021030501973513,0.0408456428990731,0.34566093516600754,0.3972535324074225,0.1578103690101751,0.13404201003918675,0.17897509384480942,0.032032084216758336,0.021824000802563318,0.0570959720261033,0.003259950021605571,0.31349802676243255,0.3853551276329802,0.14849857439303044,-0.23161647020497503,0.2714424689014758,-0.21089531016600754,,,,,,,,,
tianyan-287__message_0475,message,1024,1024,1024,True,True,0.1143793246275662,0.12091254553175444,0.014619843666968592,0.07377214977658228,0.10657707451307354,0.01135867281176523,0.1298828125,0.15913840286893716,0.02532503126767615,0.23046875,0.24668188302305966,0.06085195141180249,0.1855268925475143,0.19806074718670633,0.039228059576156396,0.20188224252230086,0.19455059369898992,0.03784993350862945,0.05916199707813848,0.09574080214881064,0.009166301196097706,0.08432912895771857,0.0777303492244275,0.006042007190551456,-0.04060717485098392,0.055217327549427715,0.04494185745248569,,,,,,,,,
tianyan-287__message_0476,message,1024,1024,1024,True,True,0.2616818807918322,0.28220680212495786,0.07964067916559511,0.06395756820301572,0.08800352878731559,0.007744621079019883,0.25390625,0.3021507634805793,0.09129508387189696,0.138671875,0.1610718592976063,0.02594414385758789,0.3323448028135916,0.3302245397628145,0.10904824666156265,0.13638746667131513,0.13813069992515967,0.0190800902618145,0.060673824526208536,0.08271539542354,0.006841836640072582,0.24420116190198057,0.26735107319967694,0.07147659634101901,-0.19772431258881645,0.20100805626562365,-0.19367292781359158,,,,,,,,,
tianyan-287__message_0477,message,1024,1024,1024,True,True,0.08881981653606479,0.10061247173604311,0.010122869468836074,0.07889411113672931,0.09827554035630011,0.00965808183232277,0.0986328125,0.1390776403182556,0.019342590036494075,0.212890625,0.22074257212059245,0.04872728314641496,0.1795003395989726,0.19441870799254718,0.03779863401749133,0.19397078105867205,0.1937668880949821,0.037545606922013315,0.08167901632017699,0.10271033067202935,0.010549412026757615,0.06441537770347466,0.05809969930950983,0.003375575059855457,-0.009925705399335474,0.0071408002158877965,0.0333902854010274,,,,,,,,,
tianyan-287__message_0478,message,1024,1024,1024,True,True,0.1814680679697167,0.16201996881599462,0.026250470295135865,0.08192275283082143,0.10220953736909037,0.010446789529203481,0.1865234375,0.19488570785119802,0.03798043912466251,0.1943359375,0.20475007809243145,0.04192259447885678,0.2141116501005942,0.21093515272572358,0.04449363865542433,0.1625129578162361,0.17154919538592572,0.029429126437558517,0.0574966545276659,0.09520787019163983,0.00906453854642814,0.15403598680837902,0.13303688028749974,0.01769881151663054,-0.09954531513889528,0.12397141344205082,-0.019775712600594186,,,,,,,,,
tianyan-287__message_0479,message,1024,1024,1024,True,True,0.18407304817596276,0.18263692861669348,0.03335624769453919,0.0776005547456666,0.10180807340081219,0.010364883809585163,0.1962890625,0.2087178060966304,0.04356312258179061,0.1416015625,0.1742359502350954,0.03035816635432664,0.22440149933522957,0.21297247415790715,0.04535727474894043,0.13163631504317508,0.14323359412060796,0.02051586248470706,0.05539109930617722,0.09072101529632641,0.00823030261639629,0.1606856318640818,0.15351970264499387,0.023568299100207336,-0.10647249343029616,0.12868194886978554,-0.08279993683522957,,,,,,,,,
tianyan-287__message_0480,message,1024,1024,1024,True,True,0.23938172283024642,0.2385827973415604,0.05692175118732408,0.0658131620371746,0.0904282492311515,0.008177268259011251,0.2333984375,0.258291479873478,0.0667144885752313,0.1259765625,0.1559289734852549,0.024313844772165326,0.2983250517572156,0.28378301439682757,0.08053279926015004,0.13315479861564966,0.13774252131844672,0.01897300217916275,0.06899923990422291,0.08359339784545823,0.006987856163349061,0.20953847515904112,0.2182097405349992,0.04761549086435168,-0.1735685607930718,0.1703824829260235,-0.17234848925721558,,,,,,,,,
tianyan-287__message_0481,message,1024,1024,1024,True,True,0.11281235595833078,0.11479853397112572,0.013178703401919706,0.06289888202949259,0.09270528504229378,0.00859426987477294,0.1259765625,0.14788358075260188,0.021869553456211326,0.1865234375,0.201268501677058,0.0405090097673279,0.159553066834012,0.1807575326034928,0.032673285592902765,0.1767570489342436,0.17379213933600618,0.030203707694985787,0.0722257723200713,0.1046254777687903,0.010946490598347635,0.08801188104939406,0.0803215132658584,0.006451545493317467,-0.04991347392883819,0.04058658363825948,0.026970370665988008,,,,,,,,,
tianyan-287__message_0482,message,1024,1024,1024,True,True,0.19262958990910478,0.20592677142495452,0.04240583518950547,0.08880538843990839,0.10861635263425759,0.011797512059569396,0.2001953125,0.25214879025352904,0.0635790124263182,0.1474609375,0.14984561236197466,0.022453707544135174,0.21575569367193387,0.23510625608035188,0.05527495164812,0.13510562640405974,0.1360307005335359,0.018504351487644524,0.05215712367090726,0.08653257477826706,0.00748788649775638,0.16964736270473169,0.19097631721628963,0.036471953737496884,-0.1038242014691964,0.14047246623819754,-0.06829475617193387,,,,,,,,,
tianyan-287__message_0483,message,1024,1024,1024,True,True,0.1193885343296465,0.12157381080324975,0.014780191473224366,0.08032011022610135,0.10265104132682076,0.010537236285480665,0.1318359375,0.14606427519921797,0.02133477248947288,0.20703125,0.22526730563587294,0.05074535898844579,0.1793865390201635,0.20206486651890615,0.04083021028130336,0.1787845592204093,0.18246160941639664,0.033292238910821684,0.05903687541116734,0.0888842922922608,0.007900417416296053,0.07063677852463124,0.06644829132063834,0.00441537541943242,-0.03906842410354515,0.060351658918479156,0.027644710979836506,,,,,,,,,
tianyan-287__message_0484,message,1024,1024,1024,True,True,0.13398764006993652,0.13165191653054945,0.017332227126166756,0.08502496549802399,0.10197263363983544,0.010398418011444099,0.150390625,0.16434694575412012,0.0270099185787077,0.203125,0.22360153793403917,0.049997647766467555,0.21505323284008387,0.2243358571066011,0.05032657678375334,0.18075271784481917,0.18821560215895405,0.03542511289605767,0.06660132674197151,0.09383300497879807,0.008804632823351142,0.11906532193205967,0.10732087997991513,0.01151777127966335,-0.04896267457191253,0.067386313327965,-0.011928232840083874,,,,,,,,,
tianyan-287__message_0485,message,1024,1024,1024,True,True,0.19809018461973968,0.2257938561965043,0.05098286549608766,0.06551102503683333,0.1036763740520152,0.01074879053657337,0.203125,0.2557299496618703,0.06539780715406271,0.1318359375,0.15138971395359874,0.022918845490952446,0.2510457904462081,0.2437042853260263,0.05939177868626924,0.12453866038022118,0.12898759987816383,0.016637800922329287,0.04016393419402489,0.07480525736965968,0.005595826530141023,0.1841861867707782,0.21382190190277112,0.04571980573331827,-0.13257915958290634,0.1579262504257148,-0.11920985294620812,,,,,,,,,
tianyan-287__message_0486,message,1024,1024,1024,True,True,0.21554452816273745,0.23570452322315175,0.05555662226785328,0.05428267493313729,0.08395403468652851,0.007048279940146833,0.2119140625,0.24939733539042222,0.062199030899842744,0.13671875,0.16711658843285598,0.027927954129436577,0.27459717119999444,0.2710585158772662,0.07347271902958619,0.12478056085076485,0.14033395439529547,0.01969361875622087,0.06548727788095704,0.09399527282139124,0.00883511131276777,0.21636829436205732,0.23149194006797053,0.053588518316432854,-0.16126185322960016,0.1500572502817804,-0.13787842119999444,,,,,,,,,
tianyan-287__message_0487,message,1024,1024,1024,True,True,0.3066312937044542,0.3259689690274228,0.10625576876880093,0.053203477155434775,0.08703107597425577,0.0075744081852366805,0.314453125,0.34833664278702253,0.12133841670813374,0.1171875,0.19000747847978383,0.036102841878245515,0.2972684786538522,0.3225532485025313,0.10404059811953571,0.11715211623053529,0.17610940574396225,0.03101452279149152,0.027288158922564622,0.06343146643068685,0.004023550933547353,0.29545759119005754,0.3150260669823772,0.0992414228783852,-0.2534278165490194,0.27934313478188955,-0.1800809786538522,,,,,,,,,
tianyan-287__message_0488,message,1024,1024,1024,True,True,0.1254200658075761,0.1264971096011358,0.016001518737441767,0.07708602630699422,0.1010558262804301,0.010212280025220465,0.142578125,0.16327618121440535,0.026659111351959336,0.201171875,0.21840902731078196,0.04770250321084191,0.17052462401906016,0.19519932355688938,0.03810277591706719,0.17541025703821023,0.17995369118183419,0.03238333096996694,0.08386189702106141,0.09403850710163027,0.008843240817903365,0.08803367139922713,0.0853623815177123,0.007286736178375471,-0.04833403950058186,0.04155816878651468,0.030647250980939844,,,,,,,,,
tianyan-287__message_0489,message,1024,1024,1024,True,True,0.1494389665948544,0.13556440095870567,0.01837770680729272,0.08285746087186965,0.08317375036337316,0.006917872749508717,0.1806640625,0.18368485142496838,0.03374012464301271,0.166015625,0.16042481439421247,0.025736121073417516,0.1616077709598093,0.1509208345925285,0.022777098314105352,0.12471453225322857,0.12240015632718476,0.014981798268919268,0.07399340707243988,0.09588153790630215,0.009193269311277655,0.11565520545983363,0.10883560551721533,0.011845189028298913,-0.06658150572298474,0.07544555952241451,0.004407854040190701,,,,,,,,,
tianyan-287__message_0490,message,1024,1024,1024,True,True,0.12421910066704564,0.11526278176791069,0.013285508860877005,0.10154875884233633,0.0951275874592328,0.009049257895813987,0.1552734375,0.15596349375121202,0.02432461138308435,0.19140625,0.17351011500303054,0.030105760008364884,0.1382251107644093,0.13037284935989663,0.016997079850218297,0.16032591335413135,0.14724052955965408,0.02167977354500737,0.0922073630829974,0.09331409637757852,0.008707520582764014,0.060291783225659576,0.052852162044702666,0.002793351032799509,-0.02267034182470931,0.03201173758404824,0.0531811392355907,,,,,,,,,
tianyan-287__message_0491,message,1024,1024,1024,True,True,0.1109449886291339,0.09827900376111692,0.009658762580277635,0.09205999754753502,0.08732648109302772,0.007625914300090927,0.1513671875,0.1431338700194595,0.02048730474674753,0.1630859375,0.14768412990400398,0.02181060222550272,0.12528840452398665,0.12904664104217045,0.016653035564266793,0.12450388865696574,0.11996707768855695,0.01439209972913226,0.0767113314935167,0.08348491443905348,0.006969730938896081,0.07894022406992027,0.07067287310722713,0.004994654993230227,-0.018884991081598884,0.03423365713561721,0.03779753297601335,,,,,,,,,
tianyan-287__message_0492,message,1024,1024,1024,True,True,0.1639586236017792,0.1456530557478483,0.0212148126486858,0.1010805408508218,0.10183559500935203,0.010370488410908766,0.1787109375,0.18865614536547987,0.03559114118416107,0.1533203125,0.15360796041997468,0.023595405504384506,0.20061248813198973,0.17033610029078325,0.029014387062271774,0.14563037413260832,0.13663570954685494,0.018669317123372504,0.07214673734471544,0.09830744863377155,0.009664354456881633,0.1187972058362246,0.10463381678486991,0.010948235614969725,-0.06287808275095741,0.09181188625706377,-0.04729217563198973,,,,,,,,,
tianyan-287__message_0493,message,1024,1024,1024,True,True,0.1104868466359442,0.1105443896589406,0.012220062085067693,0.07538120879367086,0.07557961904678012,0.005712278815256408,0.1640625,0.16784258565025048,0.028171133557761664,0.1591796875,0.15164550187589035,0.022996358239190665,0.1902163492228962,0.1733546158499858,0.03005182283649615,0.12772127534372152,0.11777000823991318,0.013869774840829218,0.09097936558036568,0.10011492068060415,0.010022997342883661,0.10329237954003963,0.09077074903125575,0.008239328879695217,-0.03510563784227334,0.01950748105557852,-0.03103666172289621,,,,,,,,,
tianyan-287__message_0494,message,1024,1024,1024,True,True,0.10077428693205316,0.10414527682051661,0.010846238684022035,0.08760902088616622,0.09885390124129893,0.009772093790624482,0.125,0.13531745747589888,0.018310814297741698,0.1904296875,0.1882057506774496,0.035421404588062325,0.16813613599559907,0.15108945159151105,0.02282802238222356,0.16070478189161957,0.16651467001097933,0.027727135328865338,0.08275544531143456,0.09315254763800988,0.0086773971314517,0.08033421372697322,0.06940170572995928,0.0048165967582278636,-0.013165266045886942,0.018018841620618606,0.022293551504400932,,,,,,,,,
tianyan-287__message_0495,message,1024,1024,1024,True,True,0.1082144882931812,0.09841209212058209,0.009684939875549935,0.08526611184547125,0.08355829573762666,0.006981988786576677,0.1455078125,0.1395524393335718,0.01947488332395024,0.1630859375,0.16522046295272053,0.0272978013783113,0.12785337032056843,0.12146687661283191,0.014754202114076933,0.13779347542199588,0.1332084443725269,0.017744489652148598,0.09651963349733478,0.0932404486705291,0.008693781268281572,0.058953480712434544,0.050962455189877603,0.0025971718389802825,-0.022948376447709945,0.011694854795846421,0.03523256717943157,,,,,,,,,
tianyan-287__message_0496,message,1024,1024,1024,True,True,0.08881933869021574,0.0832997498534391,0.006938848325645527,0.08484171901204263,0.08128406931163626,0.006607099923858887,0.1484375,0.13593695837573289,0.018478856652445738,0.197265625,0.1724972310967955,0.02975529473606127,0.17459117677861444,0.1506774643808313,0.022703698272236686,0.18044744617436745,0.15723144279174395,0.024721726602373446,0.10385851071744093,0.09399214458622623,0.008834523243918056,0.05067168953287357,0.043523480389739834,0.0018942933452360676,-0.003977619678173117,-0.015039172027225184,0.022674448221385562,,,,,,,,,
tianyan-287__message_0497,message,1024,1024,1024,True,True,0.10410171229425857,0.09155717210572425,0.008382715763997212,0.0978027495002154,0.08918860186398055,0.007954606702451635,0.1259765625,0.12073386887973646,0.014576667094669395,0.1865234375,0.16283084948377854,0.026513885543608944,0.1560077945697708,0.13793497396556406,0.019026057042880833,0.14551892295851027,0.13239236432568802,0.017527738131745713,0.09621127515814815,0.08557306146625553,0.007322748848707546,0.04354759062615574,0.03736178158538999,0.0013959027232343865,-0.00629896279404317,0.007890437136110429,0.03051564293022921,,,,,,,,,
tianyan-287__message_0498,message,1024,1024,1024,True,True,0.18516161052217872,0.17565874169699042,0.030855993534569998,0.08641938419952999,0.09818455690309703,0.009640207214257498,0.197265625,0.20769023586518628,0.043135234073736706,0.1845703125,0.18436282219568473,0.03398965020795766,0.22591649386620616,0.21343907674855966,0.04555623948327754,0.1491030666026956,0.14821499560708523,0.021967684922808296,0.06349913261203483,0.09363540093291103,0.008767588307866996,0.1613038707235932,0.1452221442237819,0.021089471172952914,-0.09874222632264873,0.1216624779101439,-0.04134618136620616,,,,,,,,,
tianyan-287__message_0499,message,1024,1024,1024,True,True,0.16074686052276235,0.15686232834752292,0.024605790054606093,0.07860399254402937,0.08881466672171492,0.007888045024889295,0.1650390625,0.17170955103775898,0.029484169917588753,0.162109375,0.16455489830526682,0.027078314556256707,0.2144517558226376,0.19005584034170547,0.036121222447991846,0.12187873724282319,0.13334554625296183,0.017781034705500784,0.060125285648582605,0.07373728868371972,0.005437187742426221,0.14833318555481587,0.14561148357505396,0.02120270414892821,-0.08214286797873298,0.10062157487417975,-0.05234238082263759,,,,,,,,,
tianyan-287__qaoa_0000,qaoa,1024,1024,1024,True,True,0.7255859375,0.6926574191008429,0.47977430023544076,0.0954385532614408,0.09990719486074069,0.009981447584942012,0.7255859375,0.6932389666809021,0.48058026492480493,0.27734375,0.25117981898307296,0.06309130146436931,0.85546875,0.7959637516759811,0.633558293982103,0.2623744688019758,0.2204415529316505,0.04859447825891766,0.010605183509064572,0.01341590889112251,0.00017998661137490001,0.7257635195665659,0.6918564277597142,0.4786653166324327,-0.6301473842385592,0.7149807539909354,-0.578125,0.3212890625,1.0,1.0,0.38612570674854707,0.37890625,-0.62109375,-0.007219456748547071,-0.62109375,0.0576171875
tianyan-287__qaoa_0001,qaoa,1024,1024,1024,True,True,0.728515625,0.6927489114807304,0.4799010543577368,0.10190500232121538,0.10310128355990002,0.01062987467169891,0.728515625,0.6926304327678685,0.47973691639620475,0.328125,0.28137059134069337,0.07916940967141148,0.83984375,0.7843186501911116,0.6151557450376072,0.28055034360158776,0.2381959406797871,0.05673730615632866,0.01702755360927738,0.01440552024078107,0.0002075190134075531,0.7257635194714716,0.6918564277308601,0.4786653165925069,-0.6266106226787846,0.7114880713907226,-0.51171875,0.3359375,1.0,1.0,0.3861257067572016,0.3818359375,-0.6181640625,-0.004289769257201592,-0.6181640625,0.0458984375
tianyan-287__qaoa_0002,qaoa,1024,1024,1024,True,True,0.7216796875,0.687897169836495,0.4732025162690595,0.07695299214206143,0.07515846635989153,0.005648795065570946,0.7216796875,0.6887564109417358,0.47438539361334114,0.26953125,0.23435009554307,0.054919967281046034,0.857421875,0.7966739151501067,0.6346893270805993,0.24515889632646512,0.21319255197883996,0.04545106421925038,0.041732625051318584,0.03324532983279392,0.0011052519556912573,0.7257635202007291,0.6918564279521354,0.4786653168986883,-0.6447266953579386,0.6799470624486814,-0.587890625,0.33203125,1.0,1.0,0.38612570669083474,0.3955078125,-0.6044921875,0.009382105809165264,-0.6044921875,0.0634765625
tianyan-287__qaoa_0003,qaoa,1024,1024,1024,True,True,0.7275390625,0.6945481330061587,0.4823971090623407,0.10158921322623926,0.09902598410435226,0.009806145527835427,0.7275390625,0.6952838984160283,0.48341969939659,0.2978515625,0.26348569894836926,0.06942471355031067,0.849609375,0.7919280587391497,0.6271500502183582,0.2833813480145763,0.23751434573828173,0.05641306443148403,0.04792475529801789,0.03631634847655117,0.0013188771666703004,0.7257635197616363,0.6918564278189036,0.4786653167143337,-0.6259498492737607,0.6796143072019821,-0.5517578125,0.3310546875,1.0,0.9999999999999999,0.3861257067307947,0.376953125,-0.6230468749999999,-0.009172581730794716,-0.623046875,0.0458984375
tianyan-287__qaoa_0004,qaoa,1024,1024,1024,True,True,0.712890625,0.6852665467234503,0.46959024005828276,0.10183959368272218,0.09677626306838537,0.00936564509348133,0.712890625,0.6850612852491836,0.4693089645472633,0.279296875,0.25002012727320866,0.06251006404171144,0.8447265625,0.7861912155708661,0.6180966274407961,0.2529787258798056,0.21476556023615298,0.04612424586354866,0.016935273807465068,0.01643603951764711,0.00027014339502565735,0.7257635205261537,0.6918564280508775,0.47866531703531906,-0.6110510313172778,0.6959553511925349,-0.5654296875,0.330078125,1.0,1.0,0.386125706661219,0.392578125,-0.607421875,0.0064524183387810186,-0.607421875,0.0625
tianyan-287__qaoa_0005,qaoa,1024,1024,1024,True,True,0.8307969567795973,0.7700424992849025,0.5929654507049391,0.08577319406519908,0.08241531950336511,0.0067922848888417545,0.8310546875,0.773598227396051,0.5984542174303122,0.20703125,0.19173413186874527,0.0367619773234614,0.9011094567795973,0.8374180980838623,0.7012690709983931,0.20523056723060898,0.17892440461799483,0.03201394256790393,0.025996081604754355,0.02662900480381687,0.0007091038968417019,0.8297758695800099,0.7692018038315027,0.5916714150176376,-0.7450237627143982,0.804800875174843,-0.6940782067795973,0.3125,1.0,1.0,0.3263334434541206,0.328125,-0.671875,0.0017915565458794247,-0.671875,0.015625
tianyan-287__qaoa_0006,qaoa,1024,1024,1024,True,True,0.8329971445460794,0.7670054103055699,0.5882972994380156,0.09697060850904435,0.08892689165168853,0.00790799205883115,0.83203125,0.7704390834349714,0.5935763812841188,0.2021484375,0.18793796815650263,0.03532067987479459,0.8964737070460794,0.827815332268527,0.6852782243388518,0.18241366141421583,0.1591787328889921,0.025337869004145093,0.02005132848920414,0.033212814337729823,0.0011030910362325116,0.8302316897111919,0.7661911588532817,0.5870488919049348,-0.736026536037035,0.8129458160568753,-0.6943252695460794,0.3134765625,1.0,1.0,0.32426922791043805,0.3310546875,-0.6689453125,0.0067854595895619485,-0.6689453125,0.017578125
tianyan-287__qaoa_0007,qaoa,1024,1024,1024,True,True,0.8413773836782719,0.7718452413226238,0.5957450765523793,0.09422033904563365,0.0920183919732369,0.008467384461340268,0.8408203125,0.7781009018397389,0.6054410134438151,0.2099609375,0.19311328047064713,0.03729273909413482,0.8941117586782719,0.827502553426366,0.6847604759271557,0.18661864443176904,0.16631808599613265,0.027661705729416973,0.04694371293724479,0.04826379692508106,0.0023293940936254635,0.8294466091388764,0.7636124969889876,0.5831040455577566,-0.7471570446326382,0.7944336707410271,-0.6841508211782719,0.337890625,1.0,0.9999999999999998,0.32430115266775955,0.322265625,-0.6777343749999998,-0.0020355276677595513,-0.677734375,-0.015625
tianyan-287__qaoa_0008,qaoa,1024,1024,1024,True,True,0.8131725385486268,0.75004046405417,0.5625606977185946,0.0991560943994276,0.0873864732209771,0.0076363957020005495,0.8076171875,0.7473211048693602,0.5584888337831613,0.21484375,0.19369094660018102,0.037516182794874176,0.8981334760486268,0.8263115008854419,0.6827906964955517,0.19281770872298062,0.17119064838788212,0.02930623809546349,0.03973968708616969,0.05251762572690281,0.002758101011991044,0.8245164411845063,0.755911757770443,0.5714025855356009,-0.7140164441491992,0.7734328514624571,-0.6832897260486268,0.267578125,1.0,1.0000000000000002,0.32638841092754006,0.3388671875,-0.6611328125000002,0.012478776572459938,-0.6611328125,0.0712890625
tianyan-287__qaoa_0009,qaoa,1024,1024,1024,True,True,0.8192625723861015,0.7576098179161433,0.5739726362029318,0.09666764697302953,0.10021905722952511,0.01004385943197483,0.8193359375,0.7627585263446631,0.5818005695114821,0.203125,0.1840499320178604,0.03387437747577904,0.8622313223861015,0.7949970391802782,0.6320202923054088,0.14372394757953239,0.1258080922873499,0.01582767608498235,0.02316778428947386,0.031526887703956494,0.0009939446482978831,0.8301622953738226,0.7659977039296636,0.5867524824255166,-0.7225949254130719,0.7960947880966276,-0.6591063223861015,0.3408203125,1.0,0.9999999999999999,0.324269590129919,0.3203125,-0.6796874999999999,-0.003957090129919016,-0.6796875,-0.0205078125
tianyan-287__qaoa_0010,qaoa,1024,1024,1024,True,True,0.8652894220679288,0.7995856004086116,0.6393371323807998,0.09723832672197298,0.08205865212995844,0.006733622389385534,0.8603515625,0.7990143344693801,0.6384239066875463,0.1552734375,0.13949426747296353,0.01945865065781869,0.8828675470679288,0.8214453211334584,0.6747724156120505,0.12857694509569667,0.11516271947516092,0.013262451956914608,0.02927198710115514,0.04918554036258224,0.0024192173807592067,0.8725840654989829,0.8044827605896757,0.6471925120859855,-0.7680510953459558,0.8360174349667737,-0.7275941095679288,0.2998046875,1.0,1.0,0.31524943841278225,0.3232421875,-0.6767578125,0.007992749087217754,-0.6767578125,0.0234375
tianyan-287__qaoa_0011,qaoa,1024,1024,1024,True,True,0.8775589047521274,0.8118597433628317,0.659116242893163,0.11541001489382414,0.10845678565630112,0.011762874354896844,0.8779296875,0.8162901011960985,0.6663295293107367,0.173828125,0.1700469973778625,0.028915981317226773,0.8873245297521273,0.8296874121002106,0.6883812017975446,0.1190608473762803,0.1142705915306784,0.013057768088771148,0.02145676537207103,0.026434867755138747,0.0006988022332316743,0.865856002242859,0.7999247642222646,0.6398796284160455,-0.7621488898583032,0.8561021393800563,-0.7134964047521273,0.3212890625,1.0,0.9999999999999998,0.31474413091696263,0.28515625,-0.7148437499999998,-0.029587880916962628,-0.71484375,-0.0361328125
tianyan-287__qaoa_0012,qaoa,1024,1024,1024,True,True,0.8969198646542308,0.83069217002238,0.6900494813364908,0.08595270868831839,0.07503450166609812,0.005630176440279683,0.9013671875,0.8369262141958689,0.7004454880082294,0.1494140625,0.1351700541732998,0.018270943545212807,0.9262167396542308,0.8703687763305864,0.7575418068112023,0.12486283404533419,0.10921622163830537,0.011928183068947442,0.01170352232544922,0.03318549075289438,0.0011012767965104383,0.8964285016338757,0.8347103257545984,0.6967413279213477,-0.8109671559659124,0.8852163423287815,-0.7768026771542308,0.291015625,1.0,0.9999999999999999,0.3156184650468653,0.30859375,-0.6914062499999999,-0.007024715046865304,-0.69140625,0.017578125
tianyan-287__qaoa_0013,qaoa,1024,1024,1024,True,True,0.8763702063981462,0.8010132225347343,0.6416221826754798,0.10884457437114264,0.10650559094838465,0.011343440903264633,0.876953125,0.807745875269767,0.6524533990153221,0.1943359375,0.1744737009673968,0.0304410723292606,0.8744170813981462,0.8020316067519897,0.6432546982291782,0.14619042368214058,0.12473356096088119,0.015558461229981863,0.025887351488791815,0.037303483016734036,0.0013915498451797645,0.8632629879258276,0.7883130316477988,0.6214374358657433,-0.7675256320270036,0.8504828549093544,-0.6800811438981462,0.3115234375,1.0,0.9999999999999999,0.31474572591560174,0.2978515625,-0.7021484374999999,-0.016894163415601737,-0.7021484375,-0.013671875
tianyan-287__qaoa_0014,qaoa,1024,1024,1024,True,True,0.8427113244511759,0.7698664752444652,0.5926943897053367,0.10623281106119845,0.09866416544174494,0.009734617542316016,0.84765625,0.7791621710559272,0.6070936888045859,0.16015625,0.14085501539176454,0.019840135361014224,0.8505238244511759,0.786653835719795,0.6188242572526661,0.10886106231454974,0.10406156452495204,0.010828809211380755,0.029697308310199618,0.046325284703885694,0.002146032002896066,0.854075064294385,0.7798481842589786,0.6081631904920259,-0.7364785133899775,0.8130140161409763,-0.6903675744511759,0.31640625,1.0,0.9999999999999998,0.3157012777561335,0.33203125,-0.6679687499999998,0.01632997224386651,-0.66796875,0.015625
tianyan-287__qaoa_0015,qaoa,1024,1024,1024,True,True,0.72265625,0.6915999694083504,0.47831051768563126,0.08818430167103128,0.08118026394788586,0.006590235254648417,0.72265625,0.69137754616836,0.47800291134578277,0.2646484375,0.23843348135017559,0.05685052502876453,0.8583984375,0.7987986230503838,0.6380792401871893,0.2528992630722776,0.22013813238563018,0.04846079733023324,0.021135053636615685,0.02257865859165999,0.0005097958237987415,0.7257963685991765,0.6918664417769649,0.4786791732571184,-0.6344719483289687,0.7015211963633843,-0.59375,0.328125,1.0,1.0,0.3861227155193193,0.3857421875,-0.6142578125,-0.000380528019319315,-0.6142578125,0.0576171875
tianyan-287__qaoa_0016,qaoa,1024,1024,1024,True,True,0.7294921875,0.6945671137298893,0.48242347547506903,0.09287759279595996,0.0895428047929843,0.008017913890194493,0.7294921875,0.6942721605399184,0.4820138329007662,0.2802734375,0.25914858258097223,0.06715798785372698,0.8525390625,0.7972597717966282,0.6356231437252118,0.2610043458048441,0.22841928128239378,0.05217536806156532,0.01643295045374018,0.01385192320266382,0.0001918757764124963,0.7257963681002677,0.6918664416241628,0.478679173045681,-0.63661459470404,0.7130592370462598,-0.572265625,0.3388671875,1.0,1.0,0.38612271556477673,0.3955078125,-0.6044921875,0.00938509693522327,-0.6044921875,0.056640625
tianyan-287__qaoa_0017,qaoa,1024,1024,1024,True,True,0.732421875,0.6986350757819904,0.48809096911290734,0.09347750686184256,0.08579962175943887,0.007361575094062775,0.732421875,0.6983210828902049,0.4876523348089485,0.2587890625,0.22589405138796967,0.05102812245247068,0.87109375,0.8059066088115804,0.6494854621261816,0.26394870976112755,0.22144191633368993,0.04903652230953693,0.02875056206976375,0.02466593490034272,0.000608408344507945,0.7257963683404188,0.6918664416977145,0.478679173147457,-0.6389443681381575,0.7036713129302362,-0.6123046875,0.30859375,1.0,1.0,0.38612271554289573,0.375,-0.625,-0.011122715542895734,-0.625,0.06640625
tianyan-287__qaoa_0018,qaoa,1024,1024,1024,True,True,0.748046875,0.7083443346747267,0.5017516964657812,0.08381980340238662,0.07479211221727562,0.005593860049921549,0.748046875,0.7099342158299179,0.5040065908060404,0.27734375,0.2396786642370752,0.05744586209046863,0.853515625,0.7967601976242948,0.6348268125183053,0.27341913697967857,0.22988519284722517,0.052847201890405905,0.03162176504675204,0.02529316954456442,0.000639744425610081,0.7257963686616982,0.6918664417961137,0.4786791732836152,-0.6642270715976134,0.7164251099532479,-0.576171875,0.3076171875,1.0,1.0,0.3861227155136227,0.353515625,-0.646484375,-0.032607090513622705,-0.646484375,0.0458984375
tianyan-287__qaoa_0019,qaoa,1024,1024,1024,True,True,0.7158203125,0.6854915067796185,0.4698986058669917,0.09207967224884811,0.08450007759701587,0.007140263113901703,0.7158203125,0.6860946066240119,0.47072580923855756,0.2861328125,0.24952729859217904,0.062263872742710474,0.857421875,0.7962181277027549,0.6339633068824805,0.2759904687604976,0.2276622830846854,0.05183011513933143,0.02819718405052814,0.02670997419405989,0.0007134227214473452,0.7257963686205403,0.6918664417835082,0.4786791732661725,-0.6237406402511518,0.6876231284494718,-0.5712890625,0.3046875,1.0,1.0,0.38612271551737287,0.3837890625,-0.6162109375,-0.002333653017372872,-0.6162109375,0.0791015625
tianyan-287__qaoa_0020,qaoa,1024,1024,1024,True,True,0.8300624873807582,0.773627495290983,0.5984995014701999,0.09335834355003314,0.09121525783640552,0.008320223262161938,0.830078125,0.7749288843269376,0.6005147757641922,0.189453125,0.1678682559330672,0.02817975135000975,0.8837734248807582,0.8222644558355635,0.6761188353305554,0.17708057325637708,0.15998752605382466,0.02559600849282322,0.03840713241854704,0.030803345814213654,0.0009488461133500339,0.8299819299918123,0.771772351324451,0.5956325622688718,-0.736704143830725,0.7916553549622112,-0.6943202998807582,0.3125,1.0,1.0,0.3263319065170678,0.330078125,-0.669921875,0.0037462184829322176,-0.669921875,0.017578125
tianyan-287__qaoa_0021,qaoa,1024,1024,1024,True,True,0.8401058635773974,0.7746175819996713,0.6000323983430176,0.10474651015345852,0.09303792681535333,0.008656055826099043,0.8408203125,0.780478269993833,0.6091463299325663,0.1962890625,0.1717150393645661,0.029486054743974487,0.8723324260773974,0.8071099677383834,0.6514265000226543,0.15683754747102166,0.13569232630028039,0.01841240741678176,0.03228578564333141,0.034813359819044515,0.0012119700218902632,0.8303227295803166,0.7671410843206481,0.5885054432526597,-0.7353593534239389,0.807820077934066,-0.6760433635773974,0.33203125,1.0,0.9999999999999999,0.32426414364236517,0.3203125,-0.6796874999999999,-0.003951643642365166,-0.6796875,-0.01171875
tianyan-287__qaoa_0022,qaoa,1024,1024,1024,True,True,0.8288551665050985,0.761466685387448,0.5798315129549467,0.09949041672354844,0.09312575108274465,0.008672405514725316,0.8291015625,0.7658428096215789,0.586515209049074,0.2158203125,0.1917551336692314,0.0367700312885048,0.8806129790050985,0.8145863567034058,0.6635509325273283,0.21112802411035975,0.17767439659352535,0.03156819120487333,0.029720744951419888,0.029541859554733815,0.0008727214659516175,0.829451366821297,0.7643151592200428,0.5841776626135594,-0.7293647497815501,0.7991344215536786,-0.6647926665050985,0.3349609375,1.0,0.9999999999999999,0.32429325443943113,0.3349609375,-0.6650390624999999,0.010667683060568867,-0.6650390625,0.0
tianyan-287__qaoa_0023,qaoa,1024,1024,1024,True,True,0.8253968481294667,0.7589107086465877,0.5759454636984659,0.09298554059346666,0.08777734212559488,0.007704861790633732,0.828125,0.7665604837625004,0.5876149752661987,0.216796875,0.1887186181812624,0.035614716848245104,0.8888734106294667,0.8142617413413233,0.6630221834122041,0.2078139760784808,0.18052560838008683,0.032589495281000476,0.0330063902574419,0.04980338948404074,0.0024803776040990596,0.8241884168430029,0.757652921281117,0.5740379491258105,-0.732411307536,0.7923904578720248,-0.6720765356294667,0.341796875,1.0,0.9999999999999997,0.32636136551792005,0.3291015625,-0.6708984374999997,0.0027401969820799454,-0.6708984375,-0.0126953125
tianyan-287__qaoa_0024,qaoa,1024,1024,1024,True,True,0.8381281185180806,0.7702974580472477,0.5933581738740513,0.08932956801985237,0.08388445840258921,0.00703660236149572,0.8388671875,0.7760185480644449,0.6022047869400492,0.2138671875,0.1912173580658928,0.03656407802569986,0.8898859310180806,0.830457248054467,0.6896592408461986,0.17698956700439392,0.15841659648824205,0.025095818042918508,0.031729787311846475,0.034647203712085003,0.0012004287250667169,0.8303449948954748,0.7670136797871251,0.5883099849805864,-0.7487985504982282,0.806398331206234,-0.6760187435180806,0.302734375,1.0,1.0,0.3242657208042531,0.3125,-0.6875,-0.011765720804253088,-0.6875,0.009765625
tianyan-287__qaoa_0025,qaoa,1024,1024,1024,True,True,0.8312448828963556,0.7699721746586116,0.5928571497485114,0.11112196338830496,0.10592639425546359,0.011220400999963909,0.83203125,0.7698275025789811,0.5926343837269912,0.142578125,0.14226990884327795,0.020240726962274615,0.8488230078963556,0.7819429008575068,0.6114347002014529,0.10230015543511602,0.09335876857640987,0.008715859670103654,0.02925633357848512,0.05191640219615299,0.002695312816992719,0.8439980079679683,0.7805559333425469,0.6092675650762545,-0.7201229195080506,0.8019885493178704,-0.7062448828963556,0.322265625,1.0,0.9999999999999999,0.3151302059043095,0.3251953125,-0.6748046874999999,0.010065106595690487,-0.6748046875,0.0029296875
tianyan-287__qaoa_0026,qaoa,1024,1024,1024,True,True,0.8407216258979349,0.7833692113229489,0.6136673212487389,0.10568053455681238,0.09354049923281214,0.00874982499672373,0.8408203125,0.7865015275155873,0.6185846527843522,0.189453125,0.168386681533012,0.028354074517700008,0.8797841258979351,0.8201251606631506,0.6726052791527586,0.12794838504020295,0.1121038255855984,0.012567267710926266,0.02119619138158926,0.022616019442278264,0.0005114843354135085,0.86524792338122,0.8031691536809866,0.6450806894246324,-0.7350410913411225,0.8195254345163456,-0.6903310008979351,0.3046875,1.0,0.9999999999999998,0.31475726988255504,0.3232421875,-0.6767578124999998,0.008484917617444965,-0.6767578125,0.0185546875
tianyan-287__qaoa_0027,qaoa,1024,1024,1024,True,True,0.8730406888653897,0.8118065914490773,0.6590299419201691,0.10720092498275773,0.09379661422285002,0.008797804839670149,0.87109375,0.8111261337310767,0.6579256048215245,0.1328125,0.1193352378939685,0.014240899003210055,0.8671813138653897,0.8091082553147371,0.6546561688184577,0.11553416013414383,0.10047875784701704,0.010095980778479488,0.03402435284733499,0.04264720479367011,0.0018187840767132386,0.8632047458289449,0.8008527322642162,0.6413650987750603,-0.765839763882632,0.8390163360180547,-0.7343688138653897,0.328125,1.0,0.9999999999999998,0.31571594308379947,0.29296875,-0.7070312499999998,-0.022747193083799466,-0.70703125,-0.03515625
tianyan-287__qaoa_0028,qaoa,1024,1024,1024,True,True,0.8715755297063328,0.8012248519759888,0.6419612634239452,0.09132476488931324,0.08158537342360125,0.006656173156668461,0.87109375,0.8055751388939091,0.6489513044039409,0.1513671875,0.13644017925680224,0.01861592251562833,0.8930599047063328,0.8234312479014464,0.6780390200205333,0.15218753538862134,0.13221740567294651,0.01748144236288451,0.03097477912306844,0.04510226883102553,0.002034214653706097,0.8649300164525193,0.7939929468136467,0.6304247995898185,-0.7802507648170196,0.8406007505832643,-0.7416927172063328,0.2919921875,1.0,1.0,0.3147442787946571,0.3017578125,-0.6982421875,-0.012986466294657106,-0.6982421875,0.009765625
tianyan-287__qaoa_0029,qaoa,1024,1024,1024,True,True,0.8545602271316295,0.7889068859773923,0.6223740747425464,0.08556639690133762,0.07804509845038551,0.006091037392130368,0.8564453125,0.7947131044811464,0.6315689184340616,0.142578125,0.12726658914805875,0.016196784713380784,0.8731149146316293,0.8033338820104794,0.6453453259860269,0.11884138841534227,0.10093109665105726,0.010187086271185062,0.039534357730938566,0.0633767924015838,0.00401661781511345,0.85379367866188,0.7844460871744877,0.6153556636833639,-0.7689938302302919,0.8150258694006909,-0.7305367896316293,0.3017578125,1.0,1.0000000000000002,0.31572339019493056,0.2958984375,-0.7041015625000002,-0.019824952694930564,-0.7041015625,-0.005859375
tianyan-287__qaoa_0030,qaoa,1024,1024,1024,True,True,0.734375,0.698780855574115,0.48829468411689203,0.08283516301944807,0.08341765358601867,0.0069585049297970145,0.734375,0.6993062828812979,0.48902927727725787,0.2646484375,0.24590234738346164,0.06046796444869665,0.869140625,0.8086703087245456,0.6539476682126518,0.2676955253033477,0.2303915582185468,0.05308027009837003,0.028571334244037638,0.021565408608541056,0.0004650668484533367,0.7258839769033175,0.6918936054308983,0.4787167612361675,-0.651539836980552,0.7058036657559623,-0.6044921875,0.298828125,1.0,1.0,0.386114720663334,0.396484375,-0.603515625,0.010369654336665979,-0.603515625,0.09765625
tianyan-287__qaoa_0031,qaoa,1024,1024,1024,True,True,0.7099609375,0.6823703595055729,0.4656293075317648,0.08413772880877307,0.0942052291151905,0.008874625192645536,0.7099609375,0.6816261773339584,0.46461424562690484,0.3173828125,0.27886786822783827,0.07776728792993898,0.8291015625,0.7820266152058284,0.6115656268902847,0.29509256698738306,0.24839379977713263,0.061699479767722255,0.030734821948884203,0.03189297430249849,0.0010171618098598289,0.725883977243583,0.6918936055376855,0.47871676138393837,-0.625823208691227,0.6792261155511158,-0.51171875,0.373046875,1.0,1.0,0.38611472063223384,0.396484375,-0.603515625,0.010369654367766157,-0.603515625,0.0234375
tianyan-287__qaoa_0032,qaoa,1024,1024,1024,True,True,0.7246093750000001,0.6914181011147034,0.4780589905490621,0.10404504718990507,0.1073026076545356,0.011513849609463202,0.724609375,0.6915674597979514,0.4782655514513911,0.28125,0.2486527346722013,0.061828182459964146,0.8525390625000001,0.7925182198219122,0.6280851287496927,0.264117038303662,0.21832117084326946,0.04766413363837605,0.032571727621280286,0.02914069524316903,0.0008491801192552543,0.7258839772654564,0.6918936055445503,0.47871676139343766,-0.6205643278100951,0.6920376473787199,-0.5712890625000001,0.3369140625,1.0,1.0000000000000002,0.38611472063023444,0.400390625,-0.5996093750000002,0.014275904369765557,-0.599609375,0.0634765625
tianyan-287__qaoa_0033,qaoa,1024,1024,1024,True,True,0.708984375,0.6795609743262897,0.4618031178272962,0.06867234298009126,0.08158341207452847,0.0066558531257223195,0.708984375,0.6794692266244363,0.4616784299296096,0.28125,0.2558222106469399,0.06544500346028728,0.8740234375,0.813240775990026,0.6613605597328596,0.2656636984384194,0.22464667368011207,0.05046612799553876,0.03823280923327817,0.030935925270821195,0.0009570314723618335,0.7258839769744712,0.6918936054532288,0.47871676126706825,-0.6403120320199087,0.6707515657667218,-0.5927734375,0.31640625,1.0,0.9999999999999999,0.38611472065683067,0.4033203125,-0.5966796874999999,0.017205591843169332,-0.5966796875,0.0869140625
tianyan-287__qaoa_0034,qaoa,1024,1024,1024,True,True,0.7314453125,0.696667854251519,0.4853460991474158,0.07405246597133344,0.08990781656731485,0.008083415479901934,0.7314453125,0.6983399381942427,0.4876786692771386,0.267578125,0.25481869460269496,0.06493256711902153,0.8408203125,0.7815975122243073,0.6108946711152261,0.2521136481965017,0.21543536099029165,0.04641239476501728,0.030756047232608823,0.026881819418014173,0.0007226322152227239,0.7258839772048806,0.6918936055255394,0.4787167613671307,-0.6573928465286666,0.7006892652673912,-0.5732421875,0.3544921875,1.0,1.0,0.3861147206357713,0.3681640625,-0.6318359375,-0.01795065813577129,-0.6318359375,0.013671875
tianyan-287__qaoa_0035,qaoa,1024,1024,1024,True,True,0.8285663573007872,0.7597500575999012,0.5772201500230532,0.09609526475435919,0.08754007099302408,0.007663264029463695,0.826171875,0.7620844403696807,0.5807726942535695,0.1962890625,0.1731464653096522,0.029979698449226586,0.8822772948007872,0.8217702654232314,0.6753063691337682,0.1715804468986508,0.15511410436632525,0.024060385373367243,0.04000029811468085,0.05751057573363897,0.0033074663212146237,0.822658247815912,0.7561639032904266,0.5717838486394137,-0.7324710925464281,0.7885660591861063,-0.6859882323007872,0.298828125,1.0,0.9999999999999999,0.32637722074390946,0.3330078125,-0.6669921874999999,0.0066305917560905425,-0.6669921875,0.0341796875
tianyan-287__qaoa_0036,qaoa,1024,1024,1024,True,True,0.82240202270822,0.7624247394361208,0.5812914833042366,0.1011697228905875,0.0957833759251975,0.009174455103627705,0.8232421875,0.7673828858437718,0.5888764934859153,0.216796875,0.19947923505815565,0.03979196521938691,0.89369108520822,0.8283406886290889,0.6861482964385133,0.17279938358247582,0.15582291896328304,0.024280782074237877,0.04703833662834565,0.05204714507272474,0.002708905310221255,0.8296077692645143,0.7660415828569475,0.5868197066659775,-0.7212322998176326,0.7753636860798744,-0.67689421020822,0.3017578125,1.0,1.0,0.32424226671047796,0.3330078125,-0.6669921875,0.008765545789522045,-0.6669921875,0.03125
tianyan-287__qaoa_0037,qaoa,1024,1024,1024,True,True,0.8456953918420106,0.787376804493343,0.6199622322541481,0.09585505766295152,0.08412840645095107,0.007077588771976425,0.845703125,0.7880759375342082,0.6210636833204213,0.1982421875,0.17830697414882857,0.03179337703011102,0.8896407043420106,0.8347561797675634,0.6968178796601368,0.19857876048967726,0.17959526765399417,0.03225446016370981,0.01742385031272358,0.017801748570430615,0.0003169022521648284,0.8306114162895859,0.7717688890308013,0.5956272180758373,-0.749840334179059,0.8282715415292871,-0.6913985168420106,0.318359375,1.0,1.0000000000000002,0.3242532126084948,0.3251953125,-0.6748046875000002,0.000942099891505177,-0.6748046875,0.0068359375
tianyan-287__qaoa_0038,qaoa,1024,1024,1024,True,True,0.779761914088245,0.7323940525678361,0.5364010482367383,0.09231242004634163,0.08212297709936563,0.006744183367662932,0.775390625,0.7295412252120315,0.532230399283872,0.212890625,0.18675286236237082,0.034876631600538624,0.8607468269902298,0.8038469585140782,0.646169932712334,0.18805239564490417,0.1653437783647378,0.027338565043927537,0.03681548663361569,0.03971960918425336,0.0015776473537498239,0.797348248581493,0.7416022801522738,0.5499739419270516,-0.6874494940419034,0.7429464274546294,-0.6478562019902298,0.310546875,1.0,1.0,0.3263519292852419,0.3583984375,-0.6416015625,0.032046508214758074,-0.6416015625,0.0478515625
tianyan-287__qaoa_0039,qaoa,1024,1024,1024,True,True,0.8145086453850168,0.7575133013589903,0.5738264017357965,0.09305893461231879,0.08407283636484958,0.007068241814430773,0.8154296875,0.7634452263145112,0.5828486135824151,0.201171875,0.18430737644841907,0.03396920901329926,0.8945867703850168,0.8279520267329472,0.685504558571195,0.1731157744257471,0.15623286442665457,0.02440870792695743,0.019737161413940954,0.030554626645806358,0.0009335852094646198,0.8295619197155535,0.7657192456688582,0.5863259631876853,-0.721449710772698,0.7947714839710758,-0.6934148953850168,0.3056640625,1.0,1.0,0.3242435013778756,0.3359375,-0.6640625,0.01169399862212439,-0.6640625,0.0302734375
tianyan-287__qaoa_0040,qaoa,1024,1024,1024,True,True,0.7803492802240872,0.743849354400064,0.5533118620413919,0.09844731033666404,0.08916207870560211,0.007949876279103985,0.775390625,0.7452616587176158,0.5554149399545321,0.16015625,0.134534681064846,0.018099580409219832,0.7783961552240872,0.745844748695822,0.5562843891571339,0.11827673123718824,0.10629466733775869,0.011298556304444783,0.05029303976754708,0.06807847257067075,0.004634678427555569,0.7723375268089718,0.7352847051575782,0.5406435976386667,-0.6819019698874231,0.7300562404565402,-0.6182399052240872,0.3046875,1.0,1.0,0.31587789021002144,0.3056640625,-0.6943359375,-0.01021382771002144,-0.6943359375,0.0009765625
tianyan-287__qaoa_0041,qaoa,1024,1024,1024,True,True,0.8095361116750116,0.7571317948148165,0.5732485547195054,0.09477742444004938,0.08672781900728611,0.007521714589760578,0.8046875,0.7570442450734396,0.573115988998814,0.158203125,0.14080037665425305,0.019824746065979525,0.8137632688569609,0.7665718742217412,0.5876324383478331,0.09977428099745092,0.09405639800959224,0.008846606006538828,0.02633024754697006,0.046702089359104554,0.002181085150505787,0.8019855786176096,0.7517678526341968,0.5651549042542314,-0.7147586872349623,0.7832058641280415,-0.6555601438569609,0.3125,1.0,1.0,0.3151822489640497,0.31640625,-0.68359375,0.0012240010359502729,-0.68359375,0.00390625
tianyan-287__qaoa_0042,qaoa,1024,1024,1024,True,True,0.7944278340336226,0.7500669453044058,0.5626004224382825,0.12739364572984413,0.10945719722327907,0.011980878023975811,0.798828125,0.753082341108005,0.5671330124887136,0.1845703125,0.1625393002028586,0.026419024110434983,0.8154600574469724,0.7693103436251577,0.5918384048086582,0.12792176897281282,0.11264166179918929,0.01268814397288294,0.03838133820275932,0.04640428164358229,0.0021533573548569085,0.7915475496967487,0.7438045545056828,0.5532452153033973,-0.6670341883037785,0.7560464958308633,-0.6308897449469724,0.296875,1.0,1.0,0.3150634144059393,0.30078125,-0.69921875,-0.014282164405939324,-0.69921875,0.00390625
tianyan-287__qaoa_0043,qaoa,1024,1024,1024,True,True,0.8681168953379435,0.803227328916706,0.6451741419186662,0.09603017409517256,0.08406803062562296,0.007067433773270681,0.8681640625,0.8052546318474623,0.648435022111792,0.171875,0.16022896978208379,0.025673322757427917,0.8944840828379436,0.831578244536563,0.6915223767865118,0.14570044488484193,0.12676478671212965,0.01606931115017172,0.030592157018023487,0.0258505832693927,0.0006682526553678056,0.8660631241853545,0.802047070784763,0.6432795037544187,-0.7720867212427709,0.8375247383199199,-0.7226090828379436,0.3046875,1.0,1.0,0.3147442298958463,0.328125,-0.671875,0.013380770104153727,-0.671875,0.0234375
tianyan-287__qaoa_0044,qaoa,1024,1024,1024,True,True,0.8465178600883863,0.7873417642703832,0.6199070537643996,0.09556645254500495,0.08236700766064668,0.006784323950969029,0.853515625,0.7986409908377874,0.6378274322463627,0.1455078125,0.12136192154405284,0.014728716000864837,0.8486512812937606,0.7916602422788789,0.6267259392050533,0.11317103598776371,0.09598618283875832,0.009213347295955542,0.044965188736139486,0.056692475402397996,0.003214036767251502,0.838917437004924,0.7790572023518564,0.6069301245363012,-0.7509514075433813,0.8015526713522467,-0.7031434687937606,0.306640625,1.0,1.0,0.31570842372786734,0.3232421875,-0.6767578125,0.007533763772132662,-0.6767578125,0.0166015625
tianyan-287__qaoa_0045,qaoa,1024,1024,1024,True,True,0.83984375,0.7744706150940074,0.5998047336440901,0.08679397050541421,0.10818097044158553,0.011703122365683202,0.83984375,0.7744706160729709,0.599804735160447,0.3525390625,0.32097174344313895,0.10302286008892822,0.95703125,0.8903431637501202,0.7927109492365735,0.3432341388548762,0.294068420776602,0.08647623609804464,1.5753254278913266e-17,3.969036946025228e-09,1.5753254278913262e-17,0.8300565299750948,0.7666537642642562,0.5877579942605538,-0.7530497794945858,0.83984375,-0.6044921875,0.3330078125,1.0,1.0,0.3872418736821733,0.3671875,-0.6328125,-0.020054373682173277,-0.6328125,0.0341796875
tianyan-287__qaoa_0046,qaoa,1024,1024,1024,True,True,0.8095703125,0.7507446290760447,0.5636174980865278,0.0843594467106391,0.09129041728986188,0.008333940288957113,0.8095703125,0.7507446294394791,0.5636174986322207,0.3837890625,0.3193032130596378,0.10195454187020847,0.9306640625,0.8583022888723889,0.7366828190835817,0.36401153361902727,0.29887014040518955,0.08932336082581771,3.821160792031386e-18,1.954778962448539e-09,3.821160792031387e-18,0.8264478380481145,0.7638089275633858,0.5834040778255295,-0.7252108657893609,0.8095703125,-0.546875,0.349609375,1.0,1.0,0.3827213078283561,0.3896484375,-0.6103515625,0.0069271296716438835,-0.6103515625,0.0400390625
tianyan-287__qaoa_0047,qaoa,1024,1024,1024,True,True,0.8330078125,0.7689949440946026,0.5913532240430609,0.08416040830726632,0.08976125352165844,0.008057082633779439,0.8330078125,0.7689949440946032,0.5913532240430619,0.341796875,0.28586531650070424,0.0817189791780478,0.927734375,0.8550890803915794,0.7311773354049169,0.3306189549089596,0.2738685030948324,0.07500395698740424,2.372515638879554e-30,1.5402972566616985e-15,2.372515638879554e-30,0.8264478380481146,0.7638089278937689,0.5834040783302286,-0.7488474041927337,0.8330078125,-0.5859375,0.3515625,1.0,1.0,0.3827213078283561,0.376953125,-0.623046875,-0.0057681828283561165,-0.623046875,0.025390625
tianyan-287__qaoa_0048,qaoa,1024,1024,1024,True,True,0.8310546875,0.7674440843953964,0.5889704226734882,0.08677768885501401,0.0895265495772135,0.008015003079201267,0.8310546875,0.7674440851381717,0.5889704238135655,0.3583984375,0.2939844805379535,0.08642687479717037,0.9248046875,0.8519286130386178,0.7257823617139029,0.3715091601356535,0.29145312397441364,0.08494492347444492,1.9017735260109473e-17,4.360932842880004e-09,1.901773526010948e-17,0.8264478380481146,0.7638089271567143,0.5834040772042909,-0.744276998644986,0.8310546875,-0.56640625,0.3388671875,1.0,1.0,0.3827213078283559,0.376953125,-0.623046875,-0.0057681828283558945,-0.623046875,0.0380859375
tianyan-287__qaoa_0049,qaoa,1024,1024,1024,True,True,0.8349609375,0.7705517495092675,0.5937499986717929,0.08708715119749309,0.09012379562097284,0.008122298537130881,0.8349609375,0.770551750371122,0.59375,0.365234375,0.30019986753980016,0.09011996047091357,0.9306640625,0.858302288309829,0.7366828181178888,0.3712164257341938,0.2979141231799585,0.0887528247900835,2.895108705178379e-17,5.380621437323368e-09,2.8951087051783787e-17,0.8264478380481146,0.7638089269843734,0.5834040769410199,-0.7478737863025069,0.8349609375,-0.5654296875,0.33203125,1.0,1.0,0.38272130782835606,0.3740234375,-0.6259765625,-0.008697870328356061,-0.6259765625,0.0419921875
tianyan-287__qaoa_0050,qaoa,1024,1024,1024,True,True,0.9316400401196806,0.8593053349676517,0.7384056587038682,0.09026078300407417,0.07990380715136437,0.006384618397282427,0.931640625,0.859385676927479,0.7385437417081013,0.212890625,0.1930206183598146,0.037256959112005196,0.9746087901196806,0.9167922325037747,0.8405079975792553,0.1982975204964354,0.17593881831286795,0.03095446778932836,5.848803194451329e-07,0.0005407774056915236,2.9244020250645464e-07,0.9409398742282231,0.8699611704911882,0.7568324381623982,-0.8413792571156065,0.9316394552393612,-0.7617181651196806,0.3203125,1.0,1.0,0.32321685256041066,0.3388671875,-0.6611328125,0.01565033493958934,-0.6611328125,0.0185546875
tianyan-287__qaoa_0051,qaoa,1024,1024,1024,True,True,0.943359247151163,0.8728870063809727,0.7619317259087363,0.09263261639597971,0.07910704664947424,0.006257924829602094,0.943359375,0.8729301750092918,0.7620070904417529,0.228515625,0.20275891733541357,0.04111117855902907,0.983398309651163,0.9333213571948895,0.8710887557961104,0.21127715007334974,0.19119498106512942,0.03655552078449519,1.2784883683532892e-07,0.0002528327914911499,6.392442045320728e-08,0.9409403135942382,0.8700039273669156,0.7569068336338572,-0.8507266307551833,0.9433591193023262,-0.754882684651163,0.263671875,1.0,0.9999999999999999,0.32321684983273696,0.3046875,-0.6953124999999999,-0.018529349832736963,-0.6953125,0.041015625
tianyan-287__qaoa_0052,qaoa,1024,1024,1024,True,True,0.9511712565708043,0.8825413659939958,0.7788792626905481,0.10618211480925886,0.09580348764740812,0.009178308245407081,0.951171875,0.8826262690851683,0.7790291308792039,0.240234375,0.21939413012046263,0.04813378433131449,0.9833978190708043,0.9332811498289133,0.8710137046259785,0.2344726021744665,0.20578001296457557,0.04234541373570089,6.184291957075943e-07,0.0005560707200017812,3.092146456432993e-07,0.9409398513584118,0.8699599956035473,0.7568303939505241,-0.8449891417615454,0.9511706381416085,-0.7431634440708043,0.2978515625,1.0,1.0,0.3232168540519242,0.3251953125,-0.6748046875,0.001978458448075815,-0.6748046875,0.02734375
tianyan-287__qaoa_0053,qaoa,1024,1024,1024,True,True,0.9521482770325597,0.8838349659544763,0.7811642470437503,0.07940913141093944,0.07471717633637677,0.005582656439681221,0.9521484375,0.8838834764831844,0.78125,0.2275390625,0.21029344475025002,0.04422333290492646,0.9755857770325597,0.9185178523809823,0.843675045142572,0.21465191348459522,0.19103606166780931,0.03649477685754705,1.6046744034153243e-07,0.00028325557963174126,8.023372339251372e-08,0.940940281853412,0.86999908862263,0.7568984142042068,-0.8727391456216202,0.9521481165651193,-0.7480467145325597,0.328125,1.0,1.0,0.3232168499959164,0.298828125,-0.701171875,-0.024388724995916378,-0.701171875,-0.029296875
tianyan-287__qaoa_0054,qaoa,1024,1024,1024,True,True,0.9492187464809039,0.8801366270253477,0.7746404822315559,0.09356783840209422,0.08335771733070804,0.006948509038586224,0.94921875,0.8801437639860323,0.7746530452835007,0.2265625,0.204738474975808,0.041917843135419554,0.9804687464809039,0.9274878635178513,0.8602337369729083,0.20400457776309805,0.1877328945693444,0.03524363970338458,3.519096108086783e-09,4.194696707543183e-05,1.759548046827362e-09,0.9409404336049669,0.8700381854495942,0.7569664441404225,-0.8556509080788096,0.9492187429618077,-0.7539062464809039,0.326171875,1.0,1.0,0.32321684960044894,0.310546875,-0.689453125,-0.012669974600448941,-0.689453125,-0.015625
tianyan-287__qaoa_0055,qaoa,1024,1024,1024,True,True,0.8794990121164367,0.8432191762816668,0.7110185792491326,0.10575749684094445,0.09533585284343876,0.009088924837385812,0.873046875,0.8417036683113666,0.7084650652488109,0.181640625,0.16310612117217582,0.026603606763832503,0.8968540098710718,0.8752033812009629,0.7659809584655979,0.12834139194981586,0.11538018831515587,0.013312587855640831,0.013188636240659739,0.029412994077056685,0.0008651242205769717,0.8762779592705021,0.8492473066148734,0.7212209877926168,-0.7737415152754922,0.866310375875777,-0.7152133848710718,0.2978515625,1.0,1.0000000000000002,0.3158943102562415,0.3212890625,-0.6787109375000002,0.005394752243758516,-0.6787109375,0.0234375
tianyan-287__qaoa_0056,qaoa,1024,1024,1024,True,True,0.7633109745480808,0.7268439544136073,0.5283021340676101,0.10620447570526304,0.09480180941103847,0.008987383067606861,0.7587890625,0.7272746460217481,0.528928410746059,0.14453125,0.13483725573288446,0.018181085533575284,0.7784992321669324,0.7437641325092961,0.5531850848073057,0.12093297794192921,0.11249038999078731,0.012654087840279422,0.05032101874658293,0.061647029565977216,0.003800356254308469,0.7692668534003926,0.7371967704265511,0.5434590783273371,-0.6571064988428178,0.7129899558014979,-0.6339679821669324,0.3134765625,1.0,1.0000000000000002,0.3156728144246439,0.3271484375,-0.6728515625000002,0.0114756230753561,-0.6728515625,0.013671875
tianyan-287__qaoa_0057,qaoa,1024,1024,1024,True,True,0.9050249635232579,0.8562354985911214,0.7331392290475862,0.10232616090138832,0.09548400988459792,0.009117196143641992,0.9208984375,0.8680025919671729,0.7534284996617304,0.1552734375,0.14655399192536986,0.02147807254926137,0.917163991709737,0.8646658143448867,0.7476469704967059,0.12561129371700522,0.1095105443922974,0.011992559333097341,0.02415383282256569,0.05356306328938369,0.002869001748942523,0.8962019018980808,0.8386106240585424,0.7032677787838578,-0.8026988026218695,0.8808711307006922,-0.761890554209737,0.31640625,1.0,0.9999999999999999,0.3159455055330277,0.3095703125,-0.6904296874999999,-0.006375193033027693,-0.6904296875,-0.0068359375
tianyan-287__qaoa_0058,qaoa,1024,1024,1024,True,True,0.959208493910611,0.8924921925748218,0.7965423138070129,0.09980738611444456,0.08801503619279394,0.007746646596018826,0.9541015625,0.8904709757286409,0.7929385586151176,0.1875,0.1671481038735994,0.027938488628539575,0.970927243910611,0.9178968404452643,0.8425346096993991,0.15191269450241762,0.1366447397694305,0.01867178490665538,0.005610708640031447,0.022712136098731052,0.0005158411261672821,0.9557915811119079,0.8880348485750842,0.7886058922837726,-0.8594011077961665,0.9535977852705796,-0.783427243910611,0.306640625,1.0,1.0,0.31465063895735396,0.3232421875,-0.6767578125,0.008591548542646044,-0.6767578125,0.0166015625
tianyan-287__qaoa_0059,qaoa,1024,1024,1024,True,True,0.9647999510393555,0.8999215014205391,0.8098587087189972,0.0958964892280319,0.09087947809624303,0.008259079539045516,0.96484375,0.9012582858588197,0.8122664978291779,0.1904296875,0.17706854403022743,0.03135326928498459,0.9853077635393555,0.9376235514384357,0.8791379242120249,0.15443105031804272,0.137312344951068,0.01885468007596109,0.00027266518644285785,0.01182781580969354,0.00013989722682803643,0.9673997509806727,0.9035706971140679,0.8164400046832027,-0.8689034618113236,0.9645272858529126,-0.7948780760393555,0.291015625,1.0,1.0,0.3146096235256741,0.3076171875,-0.6923828125,-0.00699243602567412,-0.6923828125,0.0166015625
tianyan-287__qaoa_0060,qaoa,1024,1024,1024,True,True,0.8291015625,0.765899051756446,0.5866013574814232,0.09115655494096689,0.0948894221780816,0.009004002441290206,0.8291015625,0.7658990518639893,0.5866013576461577,0.380859375,0.32303192306949485,0.10434962332197605,0.958984375,0.8930155950425784,0.7974768529892505,0.34722809200895677,0.29373678749355825,0.08628130032703579,2.0011267422747008e-19,4.473395513784468e-10,2.0011267422747005e-19,0.8300565299750949,0.7666537651564539,0.5877579956285672,-0.7379450075590331,0.8291015625,-0.578125,0.35546875,1.0,1.0,0.3872418736821732,0.3818359375,-0.6181640625,-0.005405936182173221,-0.6181640625,0.0263671875
tianyan-287__qaoa_0061,qaoa,1024,1024,1024,True,True,0.7890625,0.7353371150099173,0.5407206727111084,0.09454838615382072,0.08983284448821724,0.008069939948844222,0.7890625,0.7353371153614878,0.5407206732281541,0.3955078125,0.32510742350342575,0.10569483681703584,0.93359375,0.861571760142589,0.7423058978751989,0.3924296873841745,0.3099400231718717,0.09606281796378036,3.821159972917814e-18,1.954778752932877e-09,3.821159972917814e-18,0.8264478380481146,0.7638089275633856,0.5834040778255293,-0.6945141138461792,0.7890625,-0.5380859375,0.345703125,1.0,1.0,0.3827213078283561,0.419921875,-0.580078125,0.037200567171643883,-0.580078125,0.07421875
tianyan-287__qaoa_0062,qaoa,1024,1024,1024,True,True,0.8212890625,0.7597748583990562,0.577257835455306,0.0887602423142625,0.10633431458258964,0.011306986457749135,0.8212890625,0.7597748585422222,0.5772578356728537,0.359375,0.30924290561301265,0.09563117467197864,0.9208984375,0.847791247739346,0.7187499997434372,0.34297670660957946,0.2803732052399616,0.07860913421652965,7.151680874133656e-19,8.456761125947484e-10,7.151680874133656e-19,0.8264478380481145,0.7638089277508389,0.5834040781118861,-0.7325288201857375,0.8212890625,-0.5615234375,0.3515625,1.0,1.0,0.382721307828356,0.40234375,-0.59765625,0.019622442171643995,-0.59765625,0.05078125
tianyan-287__qaoa_0063,qaoa,1024,1024,1024,True,True,0.83203125,0.7682187782339305,0.5901600912312328,0.09759093565446275,0.10260449916783118,0.01052768324948147,0.83203125,0.7682187788847166,0.590160092231125,0.357421875,0.3070383200279977,0.09427252996561514,0.9365234375,0.8649014071758786,0.7480544441348149,0.34390804220246385,0.2893958810710807,0.08374997598090708,1.901773488074849e-17,4.36093279938461e-09,1.901773488074849e-17,0.8264478380481142,0.7638089271567142,0.5834040772042908,-0.7344403143455372,0.83203125,-0.5791015625,0.32421875,1.0,1.0,0.382721307828356,0.3681640625,-0.6318359375,-0.014557245328356005,-0.6318359375,0.0439453125
tianyan-287__qaoa_0064,qaoa,1024,1024,1024,True,True,0.8369140625,0.7721146281317075,0.596160998974965,0.09241663309864814,0.10528757965963724,0.011085474430584457,0.8369140625,0.7721146291330371,0.5961610005212473,0.3798828125,0.31773208522256935,0.10095367797988207,0.9306640625,0.858302288460213,0.7366828183760387,0.3827308458307016,0.3022015704653617,0.091325789191731,2.8951086575125715e-17,5.3806213930294065e-09,2.8951086575125715e-17,0.8264478380481145,0.7638089269843735,0.58340407694102,-0.7444974294013519,0.8369140625,-0.55078125,0.326171875,1.0,1.0,0.382721307828356,0.376953125,-0.623046875,-0.0057681828283560055,-0.623046875,0.05078125
tianyan-287__qaoa_0065,qaoa,1024,1024,1024,True,True,0.9433588814664802,0.8728452106205906,0.7618587617033031,0.09346236213856993,0.08418343207077579,0.007086850235214921,0.943359375,0.8729301750092918,0.7620070904417529,0.244140625,0.22058605155665198,0.04865820614135393,0.9775385689664802,0.9219558476442475,0.8500025850054229,0.21738153751890354,0.19463079412502152,0.03788114602173651,4.935335199518521e-07,0.0004967562686352359,2.467667904284026e-07,0.9409399622164819,0.8699672590307093,0.7568430317854051,-0.8498965193279102,0.9433583879329602,-0.7333979439664802,0.267578125,1.0,1.0,0.32321685217036533,0.302734375,-0.697265625,-0.020482477170365332,-0.697265625,0.03515625
tianyan-287__qaoa_0066,qaoa,1024,1024,1024,True,True,0.9472651569154983,0.8776208174364343,0.770218299197795,0.09111351295071464,0.09175023170553322,0.008418105018019033,0.947265625,0.8777017355651503,0.770360336614077,0.2353515625,0.2099203852956224,0.044066568162662564,0.9785151569154983,0.9237379457786046,0.8532917924712763,0.21444270336066032,0.18155270230157133,0.03296138371300299,4.680845017199144e-07,0.0004837791626873605,2.3404227825048358e-07,0.9409399954451914,0.8699688538276069,0.75684580663012,-0.8561516439647836,0.9472646888309966,-0.7431635944154983,0.3173828125,1.0,1.0,0.3232168510603593,0.3095703125,-0.6904296875,-0.0136465385603593,-0.6904296875,-0.0078125
tianyan-287__qaoa_0067,qaoa,1024,1024,1024,True,True,0.947264568428619,0.8775724021630378,0.7701333210382044,0.09738209670732255,0.08980479085008485,0.008064900459627482,0.947265625,0.8777017355651503,0.770360336614077,0.279296875,0.24706886456704588,0.061043023838449256,0.986327068428619,0.9396261113462493,0.8828972291236741,0.24566010227233234,0.21602846015729113,0.04666829559793032,1.0565713811302186e-06,0.0007268327387310202,5.282858300912354e-07,0.9409394182264891,0.8699270614703511,0.75677309227844,-0.8498824717212964,0.9472635118572378,-0.707030193428619,0.2998046875,1.0,0.9999999999999999,0.3232168543861896,0.3037109375,-0.6962890624999999,-0.019505916886189578,-0.6962890625,0.00390625
tianyan-287__qaoa_0068,qaoa,1024,1024,1024,True,True,0.9423827184907266,0.8717277831913343,0.759909327987678,0.08903958220255032,0.09204859155729939,0.008472943207682528,0.9423828125,0.871759253107821,0.759964195379106,0.2626953125,0.24411329527434034,0.05959130092969728,0.9794920934907266,0.9256081267581776,0.8567504043207826,0.25835589233470807,0.224977249739528,0.05061476290036196,9.400927336282166e-08,0.00021680552987549443,4.7004637784593903e-08,0.9409403491597039,0.8700127142973005,0.7569221230389563,-0.8533431362881763,0.9423826244814533,-0.7167967809907266,0.3046875,1.0,1.0,0.32321685003780476,0.314453125,-0.685546875,-0.00876372503780476,-0.685546875,0.009765625
tianyan-287__qaoa_0069,qaoa,1024,1024,1024,True,True,0.9472656240426166,0.8776979999816582,0.7703537791718029,0.08910419081792512,0.08375291522068518,0.0070145508079632775,0.947265625,0.8777017355651503,0.770360336614077,0.2255859375,0.20258788786490606,0.04104185230956375,0.9824218740426166,0.9313494484540121,0.8674117951355925,0.2155750746360769,0.19603504131964325,0.03842973742519423,9.573834712615185e-10,2.187902462343629e-05,4.786917184729315e-10,0.940940436086853,0.8700414234170863,0.7569720784616297,-0.8581614332246915,0.9472656230852331,-0.7568359365426166,0.283203125,1.0,1.0,0.3232168495975904,0.328125,-0.671875,0.004908150402409606,-0.671875,0.044921875
tianyan-287__qaoa_0070,qaoa,1024,1024,1024,True,True,0.9359927954963532,0.8742370539155656,0.7642904264389676,0.09305691283868678,0.08814625288660165,0.007769761897948728,0.92578125,0.8720371716136053,0.7604488286758564,0.162109375,0.14582743543934637,0.02126564092681673,0.9486881079963532,0.902225439444413,0.8140107435806643,0.1312539582129283,0.11777463116813307,0.013870863746789782,0.013610449382615646,0.03742755302914125,0.0014008217257491804,0.9324605362734592,0.868414764410621,0.7541442030463544,-0.8429358826576664,0.9223823461137375,-0.7865787329963532,0.29296875,1.0,0.9999999999999999,0.3159625058278096,0.318359375,-0.6816406249999999,0.0023968691721903967,-0.681640625,0.025390625
tianyan-287__qaoa_0071,qaoa,1024,1024,1024,True,True,0.7727247853969751,0.7340162777168844,0.5387798959533504,0.11201519073241299,0.0976521450747948,0.009535941437708771,0.771484375,0.7363419853569545,0.5421995193994215,0.1630859375,0.14564412966677093,0.021212212506391187,0.7700975500345808,0.7370422746957055,0.5432313146886198,0.11382234359484014,0.1006371555807779,0.010127837083389699,0.05225807482875555,0.057620951818146394,0.003320174088429148,0.7730070433150338,0.7396745631956202,0.5471184594386315,-0.6607095946645621,0.7204667105682195,-0.6070116125345808,0.33203125,1.0,0.9999999999999999,0.31567017959419125,0.3232421875,-0.6767578124999999,0.007572007905808753,-0.6767578125,-0.0087890625
tianyan-287__qaoa_0072,qaoa,1024,1024,1024,True,True,0.9001060999187777,0.8435884832446106,0.7116415290629425,0.1081163398704805,0.09685199147500778,0.00938030825267498,0.900390625,0.8483212136938234,0.7196488816029616,0.1552734375,0.14216926106006406,0.020212098790364647,0.9108121981331117,0.8507056947539235,0.7237001790867557,0.11729431189809059,0.10495456507526263,0.011015460730137538,0.008983667333872127,0.04154136360981245,0.0017256848905626498,0.8994255661867179,0.837418394995859,0.7012695682774406,-0.7919897600482971,0.8911224325849055,-0.7555387606331117,0.30859375,1.0,1.0,0.3159411434487497,0.3056640625,-0.6943359375,-0.010277080948749684,-0.6943359375,-0.0029296875
tianyan-287__qaoa_0073,qaoa,1024,1024,1024,True,True,0.9443474598066395,0.8813027751223024,0.7766945814382715,0.08587717187363096,0.07991720218489767,0.006386759205061813,0.943359375,0.8836445251032783,0.7808276467449983,0.1884765625,0.16616104147740515,0.027609491704855958,0.9531365223066395,0.9029009859322503,0.8152301903974297,0.1457807280658595,0.1272733742221832,0.016198511785899893,0.018775833076226774,0.03546244779710293,0.0012575852037622509,0.9421241811705378,0.8776028925669238,0.7701868370418317,-0.8584702879330085,0.9255716267304127,-0.7646599598066395,0.2998046875,1.0,1.0,0.3146746138184388,0.31640625,-0.68359375,0.0017316361815611914,-0.68359375,0.0166015625
tianyan-287__qaoa_0074,qaoa,1024,1024,1024,True,True,0.9695079218360068,0.9074474159269935,0.8234608126725779,0.08226047637631191,0.07571411855738842,0.005732627748922269,0.9697265625,0.9088494724989181,0.8260073636615618,0.2041015625,0.1794440166642869,0.032200155116612866,0.9812266718360068,0.9279573169564735,0.8611047820930571,0.16414015093543963,0.14463184160586143,0.020918369606302986,0.00021864066399324153,0.010455922155288079,0.0001093263081174441,0.9691308421547786,0.906876919059725,0.8224257463232589,-0.8872474454596948,0.9692892811720135,-0.7771251093360068,0.3125,1.0,1.0,0.31460883161642944,0.322265625,-0.677734375,0.007656793383570559,-0.677734375,0.009765625
tianyan-287__qaoa_0075,qaoa,1024,1024,1024,True,True,0.826171875,0.763592167322355,0.5830729979960514,0.08024838556142919,0.08501790803389803,0.007228044686460343,0.826171875,0.7635921673223555,0.5830729979960521,0.3232421875,0.27228897726730256,0.0741412871412736,0.9228515625,0.849849353979214,0.7222439244588874,0.3273922018868885,0.26739714408994775,0.07150123266746027,5.978427345282679e-31,7.732029064406496e-16,5.9784273452826795e-31,0.8264478380481144,0.763808927893769,0.5834040783302288,-0.7459234894385708,0.826171875,-0.599609375,0.34375,1.0,1.0,0.38272130782835595,0.3955078125,-0.6044921875,0.01278650467164405,-0.6044921875,0.0517578125
tianyan-287__qaoa_0076,qaoa,1024,1024,1024,True,True,0.8447265625,0.7784295041096619,0.6059524928684142,0.09217826093638337,0.08699693489128915,0.007568466680479203,0.8447265625,0.7784295044166152,0.6059524933462972,0.38671875,0.31636071155192674,0.1000840998136414,0.9326171875,0.8604754521336928,0.740418003724683,0.3811536064565251,0.30394734306337623,0.09238398735528573,3.821160544933939e-18,1.9547788992451135e-09,3.821160544933937e-18,0.8264478380481145,0.7638089275633858,0.5834040778255296,-0.7525483015636166,0.8447265625,-0.5458984375,0.3583984375,1.0,1.0,0.382721307828356,0.34375,-0.65625,-0.038971307828356005,-0.65625,-0.0146484375
tianyan-287__qaoa_0077,qaoa,1024,1024,1024,True,True,0.8310546875,0.7674440849853982,0.5889704235790751,0.06273143355387947,0.06682124376529354,0.00446507861834078,0.8310546875,0.7674440851381717,0.5889704238135655,0.36328125,0.3003143388587703,0.09018870212418031,0.9482421875,0.8789178378647046,0.7724965657167672,0.3673589489239818,0.3004035402271154,0.09024228698098413,7.151681793188121e-19,8.456761669331896e-10,7.15168179318812e-19,0.8264478380481143,0.7638089277508385,0.5834040781118857,-0.7683232539461206,0.8310546875,-0.5849609375,0.328125,1.0,1.0,0.3827213078283561,0.384765625,-0.615234375,0.0020443171716438835,-0.615234375,0.056640625
tianyan-287__qaoa_0078,qaoa,1024,1024,1024,True,True,0.828125,0.765128682003358,0.5854219000241958,0.0758239776709888,0.10115355507995709,0.010232041705313914,0.828125,0.7651286827753715,0.585421901205575,0.3876953125,0.3292625424603953,0.10841382186748362,0.9423828125,0.8717592523890192,0.7599641941258617,0.3686512365589513,0.2975031704780348,0.08850813644448266,1.9017735161225685e-17,4.360932831542546e-09,1.9017735161225685e-17,0.8264478380481145,0.7638089271567143,0.5834040772042909,-0.7523010223290112,0.828125,-0.5546875,0.314453125,1.0,1.0,0.382721307828356,0.38671875,-0.61328125,0.0039974421716439945,-0.61328125,0.072265625
tianyan-287__qaoa_0079,qaoa,1024,1024,1024,True,True,0.8349609375,0.7705517494586551,0.593749998593794,0.07084126660753316,0.0807446190594616,0.006519693507057571,0.8349609375,0.770551750371122,0.59375,0.396484375,0.3260776369432717,0.1063266253145081,0.9443359375,0.8741096455020243,0.7640676723596747,0.37669365236166596,0.3013352574588441,0.09080293738778786,2.895108610505999e-17,5.380621349348046e-09,2.895108610505998e-17,0.8264478380481144,0.7638089269843734,0.5834040769410199,-0.7641196708924668,0.8349609375,-0.5478515625,0.31640625,1.0,1.0,0.3827213078283561,0.380859375,-0.619140625,-0.0018619328283561165,-0.619140625,0.064453125
tianyan-287__qaoa_0080,qaoa,1024,1024,1024,True,True,0.939444940259131,0.8680135440888985,0.7534475127217701,0.1099401068792907,0.10234872070467686,0.01047526062988395,0.939453125,0.8682956028548866,0.753937253937131,0.24609375,0.21944894232247744,0.04815783828645403,0.980460565259131,0.927217437019888,0.8597321755137299,0.21641793289460862,0.1975534942096703,0.03902738307445024,8.184740869165726e-06,0.0020229628786423365,4.0923788083648884e-06,0.9409325651865974,0.8697457504547217,0.7564576704340471,-0.8295048333798403,0.9394367555182618,-0.734366815259131,0.3017578125,1.0,1.0,0.3232168896874406,0.3466796875,-0.6533203125,0.02346279781255939,-0.6533203125,0.044921875
tianyan-287__qaoa_0081,qaoa,1024,1024,1024,True,True,0.939452929436212,0.8682400916126777,0.753840856683591,0.08224719866199968,0.07505049034998176,0.005632576101772706,0.939453125,0.8682956028548866,0.753937253937131,0.2529296875,0.22749541251667377,0.05175416271613156,0.980468554436212,0.9274499301654384,0.8601633729638767,0.23460106148367346,0.2038819668268781,0.041567856397196214,1.9556378798183656e-07,0.0003127009734423482,9.778189879179218e-08,0.9409402478434117,0.8699941862068694,0.756889884033753,-0.8572057307742122,0.939452733872424,-0.727538866936212,0.2998046875,1.0,1.0,0.3232168501679318,0.326171875,-0.673828125,0.0029550248320682204,-0.673828125,0.0263671875
tianyan-287__qaoa_0082,qaoa,1024,1024,1024,True,True,0.9248007189550588,0.8517113783747109,0.7254122720529499,0.09618369795309771,0.09533076185411105,0.009087954155685233,0.9248046875,0.8519286137312188,0.7257823628939961,0.2607421875,0.2288826776661863,0.052387280135643345,0.9775350939550588,0.9218328003411691,0.8497757117848417,0.20714402388146477,0.18632508482743043,0.03471703723594914,3.968544941126349e-06,0.0014086427649487028,1.9842744392423263e-06,0.9409366315074141,0.8698308907376622,0.7566057784814747,-0.8286170210019611,0.9247967504101177,-0.7167929064550588,0.3154296875,1.0,1.0,0.3232168565527827,0.3359375,-0.6640625,0.012720643447217295,-0.6640625,0.0205078125
tianyan-287__qaoa_0083,qaoa,1024,1024,1024,True,True,0.9453122203904485,0.8752473051215728,0.7660578451225755,0.09210808318658006,0.084218398828915,0.007092738701306192,0.9453125,0.8752978997613491,0.7661464133266287,0.2373046875,0.20098413464678516,0.04039462237971707,0.9814450328904485,0.9293474258771133,0.8636866379844166,0.22627121113963256,0.1916780304842581,0.03674046737032418,2.7960955153166777e-07,0.00037390478139254875,1.3980478554820966e-07,0.9409401669340876,0.8699843407404287,0.7568727531335584,-0.8532041372038685,0.945311940780897,-0.7441403453904485,0.314453125,1.0,1.0,0.32321685019164303,0.30078125,-0.69921875,-0.022435600191643035,-0.69921875,-0.013671875
tianyan-287__qaoa_0084,qaoa,1024,1024,1024,True,True,0.9511718725359759,0.8826204434643797,0.7790188472212582,0.0856722677118982,0.0789937355383681,0.006240010254305639,0.951171875,0.8826262690851683,0.7790291308792039,0.2255859375,0.20837731006257085,0.04342110334891279,0.9833984350359759,0.9333503799777262,0.8711429318045658,0.20770219633858772,0.19564897553773453,0.03827852162896504,2.464023967780201e-09,3.5100028149766446e-05,1.2320119761143971e-09,0.940940434635642,0.8700392728366297,0.7569683362780915,-0.8654996048240777,0.9511718700719519,-0.7578124975359759,0.32421875,1.0,1.0,0.32321684960492675,0.3154296875,-0.6845703125,-0.007787162104926748,-0.6845703125,-0.0087890625
tianyan-287__qaoa_0085,qaoa,1024,1024,1024,True,True,0.8497740539803582,0.8096065470916383,0.6554627610936451,0.09674301754199423,0.08719612639928637,0.007603164459040326,0.8505859375,0.8179689586444643,0.6690732173059093,0.1630859375,0.14305588333073085,0.02046498575553568,0.8820006164803582,0.8463874752896905,0.7163717583272565,0.10655715158765686,0.09564995869904888,0.009148914599129757,0.01680040963668014,0.046565445848751046,0.002168340747092966,0.8564580097200283,0.8171994556921841,0.667814950383602,-0.753031036438364,0.832973644343678,-0.7189146789803582,0.2822265625,1.0,1.0,0.3157641380357289,0.318359375,-0.681640625,0.002595236964271108,-0.681640625,0.0361328125
tianyan-287__qaoa_0086,qaoa,1024,1024,1024,True,True,0.8555776642311864,0.8145283395059704,0.6634564158583532,0.08064951777449739,0.06867652933022679,0.0047164656808455,0.857421875,0.8125287518871537,0.6602029726432957,0.1494140625,0.13523484460683297,0.018288463195834256,0.8910077627072689,0.8492444893611429,0.7212162027102684,0.14039027254662279,0.1251351022960742,0.015658793826648955,0.020619658939558954,0.04164155458605255,0.0017340190683431942,0.8531097959190919,0.8135810810188434,0.6619141753917899,-0.7749281464566891,0.8349580052916274,-0.7415937002072689,0.2841796875,1.0,1.0000000000000002,0.3159189716725611,0.3154296875,-0.6845703125000002,-0.0004892841725611108,-0.6845703125,0.03125
tianyan-287__qaoa_0087,qaoa,1024,1024,1024,True,True,0.7871341930802618,0.7542599263267837,0.5689080364624852,0.09700765653489395,0.08462921231046756,0.007162103576290195,0.796875,0.7610939460085757,0.5792639946509048,0.146484375,0.13847470679666968,0.019175244422423635,0.8181560112482831,0.7865779339632117,0.6187048461978346,0.12912765744016902,0.11595822818963548,0.013446310684879573,0.029820118757241096,0.04908094854816357,0.0024089395103874794,0.7817944430035889,0.753563394972951,0.5678577902431597,-0.6901265365453678,0.7573140743230207,-0.6716716362482831,0.2978515625,1.0,0.9999999999999999,0.3153384371793645,0.3173828125,-0.6826171874999999,0.0020443753206355053,-0.6826171875,0.01953125
tianyan-287__qaoa_0088,qaoa,1024,1024,1024,True,True,0.9359352706015951,0.8764129949641235,0.7680997377419848,0.10559228754978647,0.09618574626369375,0.009251697784303677,0.9365234375,0.8818210608473465,0.7776083833539394,0.1826171875,0.16467457822601336,0.027117716713915392,0.9632790206015951,0.9114503723299778,0.8307417812204553,0.1387609522178655,0.12001370510785853,0.014403289413716026,0.0023392202158060192,0.03320336724069346,0.0011024635961203557,0.9453367714993182,0.8806418571287558,0.7755300805271839,-0.8303429830518086,0.9335960503857891,-0.7806618331015951,0.3076171875,1.0,0.9999999999999999,0.3146910626871255,0.314453125,-0.6855468749999999,-0.00023793768712548902,-0.685546875,0.0068359375
tianyan-287__qaoa_0089,qaoa,1024,1024,1024,True,True,0.9750290260873289,0.9158326508315509,0.8387494443291453,0.10091928356983398,0.09218689075981776,0.008498422827962572,0.974609375,0.9162802929951691,0.839569575331313,0.1845703125,0.16622696711144452,0.027631404595069256,0.9838180885873289,0.9327097214235894,0.8699474244380697,0.1540137406311845,0.13828011847332636,0.01912139116499717,0.0005602396204995336,0.011363724930304667,0.00012913424429162782,0.9688315224365406,0.9054577524718955,0.8198537415114565,-0.8741097425174948,0.9744687864668293,-0.7992477760873289,0.3056640625,1.0,0.9999999999999999,0.3146119931443024,0.3017578125,-0.6982421874999999,-0.012854180644302382,-0.6982421875,-0.00390625
tianyan-287__qaoa_0090,qaoa,1024,1024,1024,True,True,0.712890625,0.6834953758605354,0.46716592882273456,0.0860362822026128,0.09177745331222889,0.008423100936478354,0.712890625,0.6856579518925535,0.4701268269934912,0.265625,0.2438389094662771,0.059457413769703274,0.85546875,0.7992153249233104,0.6387451355922726,0.2497030535465447,0.21710448256060788,0.047134356347909294,0.037848765537884355,0.037680509513230445,0.0014198207971766502,0.724774127616911,0.6915997541112486,0.4783102198867395,-0.6268543427973872,0.6750418594621157,-0.58984375,0.3037109375,1.0,1.0,0.38621413122840764,0.375,-0.625,-0.011214131228407642,-0.625,0.0712890625
tianyan-287__qaoa_0091,qaoa,1024,1024,1024,True,True,0.71484375,0.6858223164926768,0.4703522497993813,0.10006132384686704,0.0958892100929405,0.009194740612248082,0.71484375,0.6856009359092808,0.4700486433196818,0.3154296875,0.27553918227691254,0.07592184096982964,0.845703125,0.7937273912747961,0.6300031716598933,0.2808055491763905,0.24242552544260917,0.058770135386125154,0.010772817445027283,0.011596025404248332,0.0001344678051759727,0.7247741277035893,0.6915997541298253,0.4783102199124348,-0.6147824261531329,0.7040709325549728,-0.5302734375,0.3505859375,1.0,0.9999999999999999,0.38621413122080384,0.3984375,-0.6015624999999999,0.012223368779196164,-0.6015625,0.0478515625
tianyan-287__qaoa_0092,qaoa,1024,1024,1024,True,True,0.6884765625,0.6666954487284102,0.44448282135517636,0.11510613122656217,0.10679040725940737,0.011404191082630086,0.6884765625,0.6670566075278448,0.4449645176465572,0.2998046875,0.25110615774900386,0.06305430245946761,0.8515625,0.787584197098007,0.6202888675185123,0.2586577700140005,0.21458266462245645,0.04604571995647362,0.020125376181626606,0.01789959145439884,0.00032039537423438806,0.724774127676793,0.6915997541240824,0.47831021990449124,-0.5733704312734378,0.6683511863183734,-0.5517578125,0.326171875,1.0,1.0,0.38621413122315446,0.4345703125,-0.5654296875,0.048356181276845545,-0.5654296875,0.1083984375
tianyan-287__qaoa_0093,qaoa,1024,1024,1024,True,True,0.728515625,0.6936244403353464,0.4811148642305225,0.0797791035932699,0.08569621584540343,0.007343841410221976,0.728515625,0.6940951203136296,0.48176803604319196,0.296875,0.2584290967135877,0.06678559802820086,0.8623046875000001,0.8048702695881422,0.6478161508668887,0.2809582516565243,0.23788335811013403,0.05658849206575427,0.022859781934484645,0.018198028712336414,0.0003311682490150205,0.7247741276964061,0.6915997541282859,0.47831021991030553,-0.6487365214067301,0.7056558430655153,-0.5654296875000001,0.3154296875,1.0,1.0,0.38621413122143405,0.3740234375,-0.6259765625,-0.012190693721434054,-0.6259765625,0.05859375
tianyan-287__qaoa_0094,qaoa,1024,1024,1024,True,True,0.724609375,0.6910883808822368,0.47760315019043154,0.0995756864022965,0.10357504271752847,0.010727789473937849,0.724609375,0.6910539730011153,0.4775555936006261,0.3271484375,0.28769057827897965,0.08276586883049372,0.865234375,0.8056268911131695,0.6490346876846707,0.2939293441719426,0.24518002302676012,0.06011324369140262,0.03651525321818011,0.032335213386711796,0.0010455660247641859,0.7247741274671389,0.6915997540791494,0.47831021984234,-0.6250336885977035,0.68809412178182,-0.5380859375,0.3125,1.0,0.9999999999999999,0.38621413124154647,0.396484375,-0.6035156249999999,0.010270243758453534,-0.603515625,0.083984375
tianyan-287__qaoa_0095,qaoa,1024,1024,1024,True,True,0.8167702460434646,0.7555597934464325,0.5708706014728159,0.08415751156865375,0.07545726875863354,0.005693799408512654,0.8173828125,0.7578955391332871,0.5744056482381359,0.2080078125,0.1799116551379443,0.0323682036544746,0.8880593085434646,0.8175895432737319,0.6684526612705495,0.19197905244770733,0.1659227003881536,0.02753034250409699,0.04102373085366175,0.035968600375052236,0.0012937402129402078,0.8158268009454237,0.753106566491848,0.5671695004931403,-0.7326127344748108,0.7757465151898029,-0.6800514960434646,0.2841796875,1.0,1.0,0.32665775828002774,0.31640625,-0.68359375,-0.010251508280027744,-0.68359375,0.0322265625
tianyan-287__qaoa_0096,qaoa,1024,1024,1024,True,True,0.7948296132682087,0.7472191591485939,0.5583364717987318,0.09084475587107876,0.07895601573607125,0.0062340524209147305,0.7890625,0.7459996335514338,0.5565154532588736,0.1884765625,0.17413011180436946,0.03032129583700221,0.8241264882682087,0.7786190761870627,0.606247665802395,0.180616300776355,0.1613786673971454,0.02604307429087848,0.035021073965383766,0.0387918260025371,0.0015048057646111133,0.7717735194577293,0.7290932098219779,0.5315769086085147,-0.7039848573971299,0.7598085393028249,-0.6356499257682087,0.3154296875,1.0,0.9999999999999999,0.32458602861375047,0.302734375,-0.6972656249999999,-0.021851653613750466,-0.697265625,-0.0126953125
tianyan-287__qaoa_0097,qaoa,1024,1024,1024,True,True,0.8152307092190778,0.75463839153199,0.569479101973989,0.0944914540432371,0.07961386321764644,0.006338367216438115,0.8212890625,0.7584021880201685,0.575173878793779,0.22265625,0.20128321279111827,0.0405149317515146,0.875247916763551,0.8100157510432223,0.6561255169381155,0.21415868743209598,0.18493469146709318,0.03420084010802894,0.024510729328976515,0.026306077405263553,0.0006920097084517176,0.8098604517703418,0.7501739119398758,0.5627608981551766,-0.7207392551758407,0.7907199798901013,-0.652591666763551,0.2919921875,1.0,1.0,0.3266812891861455,0.345703125,-0.654296875,0.019021835813854526,-0.654296875,0.0537109375
tianyan-287__qaoa_0098,qaoa,1024,1024,1024,True,True,0.7700546413427416,0.7378744317444551,0.5444586770222025,0.10051211791636774,0.08664357422859065,0.007507108955105297,0.775390625,0.7393124261249779,0.5465828634228009,0.1787109375,0.15320418987589288,0.023471523795528634,0.8230803074602302,0.7819168620426135,0.6113939791465673,0.15616613520316333,0.1408694881294063,0.019844212685840946,0.05108892238547241,0.042749165773100346,0.0018274911742960144,0.7554613925944369,0.7246419124568028,0.5251059012890527,-0.6695425234263739,0.7189657189572691,-0.6443693699602302,0.294921875,1.0,1.0000000000000002,0.32643025016896043,0.30859375,-0.6914062500000002,-0.017836500168960434,-0.69140625,0.013671875
tianyan-287__qaoa_0099,qaoa,1024,1024,1024,True,True,0.8133073419671002,0.7496142028639934,0.5619214531354203,0.09224809420490988,0.08975411695064586,0.008055801509590215,0.8173828125,0.7550426880666172,0.570089460802863,0.216796875,0.1929226442498225,0.03721914666434357,0.8855729669671002,0.8214471290025496,0.6747753857465313,0.20582667178199446,0.17978422101988434,0.032322366127726626,0.043854045258367155,0.05940891911698773,0.00352941967064879,0.8119236349814303,0.7478279609366241,0.5592466591586289,-0.7210592477621903,0.7694532967087331,-0.6687760919671002,0.2958984375,1.0,1.0000000000000002,0.32425192217452725,0.3232421875,-0.6767578125000002,-0.0010097346745272517,-0.6767578125,0.02734375
tianyan-287__qaoa_0100,qaoa,1024,1024,1024,True,True,0.7875546382886476,0.7616388307548748,0.5800937085136528,0.11150897487169453,0.09571733224427793,0.009161807691961489,0.7919921875,0.7666448380370962,0.5877443076889254,0.1640625,0.14078278115820422,0.01981979147063882,0.820764735215841,0.7848877090203473,0.6160487157712093,0.13336339664221245,0.11274571634726206,0.012711596554657277,0.03714611524719041,0.035117499106261406,0.0012332387434782705,0.7838686704734961,0.7542515535730668,0.568895406067385,-0.676045663416953,0.7504085230414572,-0.656702235215841,0.3046875,1.0,1.0,0.3159411421855989,0.3017578125,-0.6982421875,-0.014183329685598878,-0.6982421875,-0.0029296875
tianyan-287__qaoa_0101,qaoa,1024,1024,1024,True,True,0.8155588773847672,0.7728459456540808,0.5972908557139505,0.10313653919351547,0.08632909775336971,0.0074527131189108635,0.8173828125,0.7774211087572981,0.6043835803414267,0.1650390625,0.14546270780371554,0.021159399361589122,0.8067698148847672,0.7752253131009379,0.6009742860724472,0.12384476926688162,0.1085273421327036,0.0117781839903889,0.03942532591628556,0.0618026756705668,0.003819570720041269,0.7914068544321974,0.7539421906777887,0.5684288268840231,-0.7124223381912517,0.7761335514684816,-0.6417307523847672,0.302734375,1.0,0.9999999999999998,0.31564750942333164,0.294921875,-0.7050781249999998,-0.02072563442333164,-0.705078125,-0.0078125
tianyan-287__qaoa_0102,qaoa,1024,1024,1024,True,True,0.8393182258218725,0.7905881899132041,0.6250296860302366,0.0964324121771541,0.08653458912340978,0.007488235114757349,0.83203125,0.7943328263155647,0.630964638962473,0.138671875,0.12334113607910778,0.015213035849284982,0.8483841367002435,0.7942589025909212,0.6308472043449345,0.0984640350353599,0.09292366506268598,0.008634807528682247,0.03316920177739599,0.04617363297827228,0.0021320043824121933,0.8445805404442928,0.7962753452506698,0.6340544254540733,-0.7428858136447184,0.8061490240444765,-0.7097122617002435,0.337890625,1.0,1.0,0.31551759015413156,0.341796875,-0.658203125,0.026279284845868445,-0.658203125,0.00390625
tianyan-287__qaoa_0103,qaoa,1024,1024,1024,True,True,0.7845045005591338,0.746163149076625,0.5567594450399456,0.08904133825697744,0.08023251986538912,0.006437257243950061,0.78125,0.7495419501831202,0.561813135084315,0.1708984375,0.14531832650163187,0.021117416017234887,0.8079420005591338,0.769353359997377,0.5919045925392535,0.11501027862101557,0.10458440181254279,0.010937897102487402,0.039129702739717914,0.05569200224397578,0.0031015991139430035,0.7761877817644367,0.7417809865458882,0.5502390320009911,-0.6954631623021563,0.7453747978194158,-0.6370435630591338,0.2822265625,1.0,1.0000000000000002,0.3154898873514754,0.318359375,-0.6816406250000002,0.002869487648524627,-0.681640625,0.0361328125
tianyan-287__qaoa_0104,qaoa,1024,1024,1024,True,True,0.8004614769759986,0.7593045439426276,0.5765433904519217,0.09761346858445728,0.08241092310634315,0.006791560247239604,0.798828125,0.7640616565413882,0.5837902149967704,0.16015625,0.13996792359574473,0.01959101963570423,0.8270850525545337,0.7764054503647678,0.602805423356118,0.1174493240815057,0.10702530093198101,0.011454415039581096,0.02910334911519258,0.052910816294041825,0.002799554480901842,0.8088207893804393,0.7611567501173269,0.5793595982491708,-0.7028480083915413,0.7713581278608059,-0.6669288025545337,0.3173828125,1.0,0.9999999999999999,0.31562646836161723,0.3330078125,-0.6669921874999999,0.01738134413838277,-0.6669921875,0.015625
tianyan-287__qaoa_0105,qaoa,1024,1024,1024,True,True,0.736328125,0.6994067365162746,0.4891697830843456,0.09337029045420324,0.09518036950656246,0.009059302739405764,0.736328125,0.7003149951555858,0.4904410924397682,0.2421875,0.2055401465038009,0.04224675182480394,0.833984375,0.7749080653804198,0.6004825097916249,0.226900065369711,0.1920761145673571,0.036893233787292486,0.026759622796120035,0.022624762087981656,0.0005118798595377721,0.7245791811400502,0.6915597592995939,0.47825490068251225,-0.6429578345457968,0.70956850220388,-0.591796875,0.3359375,1.0,1.0,0.38623116914467204,0.3759765625,-0.6240234375,-0.010254606644672037,-0.6240234375,0.0400390625
tianyan-287__qaoa_0106,qaoa,1024,1024,1024,True,True,0.7236328125,0.6918828042516713,0.47870181481915647,0.09807168735344769,0.08950277857305208,0.008010747372296791,0.7236328125,0.6927153831976923,0.47985460211872577,0.2744140625,0.23497592330866945,0.055213684534761706,0.8232421875000001,0.7793035800031928,0.6073140698057926,0.2658254028760484,0.2200695908947153,0.04843062483656736,0.027922687968604577,0.025793250420827925,0.0006652917672715399,0.7245791811860025,0.6915597593085983,0.4782549006949663,-0.6255611251465523,0.6957101245313955,-0.5488281250000001,0.3583984375,1.0,1.0000000000000002,0.38623116914067096,0.3955078125,-0.6044921875000002,0.00927664335932904,-0.6044921875,0.037109375
tianyan-287__qaoa_0107,qaoa,1024,1024,1024,True,True,0.71875,0.6875710728409669,0.4727539802076782,0.10244070907876122,0.09435352153133526,0.008902587025364147,0.71875,0.6880183357963392,0.47336923039196416,0.271484375,0.24053165867928097,0.057855478827006125,0.8544921875,0.7939983014113073,0.6304333026440413,0.2388797889198001,0.20059261162714478,0.040237395839398546,0.01504606596331019,0.01632155502480196,0.0002663931584276381,0.7245791814022804,0.6915597593509777,0.47825490075358223,-0.6163092909212388,0.7037039340366898,-0.5830078125,0.3046875,1.0,1.0,0.38623116912183975,0.384765625,-0.615234375,-0.0014655441218397458,-0.615234375,0.080078125
tianyan-287__qaoa_0108,qaoa,1024,1024,1024,True,True,0.7373046875,0.7040008104573862,0.4956171411246566,0.10073739725341199,0.10093164868284363,0.01018719770583697,0.7373046875,0.7029404362022852,0.49412525684825903,0.2978515625,0.25967358341965674,0.06743036992600543,0.8662109375,0.8026182101182373,0.644195991213403,0.28499753534266503,0.2384034343332859,0.05683619750190536,0.022733624858753135,0.019116984242636262,0.0003654590865332032,0.7245791812282698,0.6915597593168804,0.4782549007064216,-0.636567290246588,0.7145710626412468,-0.568359375,0.30859375,1.0,1.0,0.3862311691369909,0.35546875,-0.64453125,-0.030762419136990904,-0.64453125,0.046875
tianyan-287__qaoa_0109,qaoa,1024,1024,1024,True,True,0.7236328125,0.6915787501729569,0.47828116769078904,0.08042643671496177,0.08043627479441781,0.006469994302803093,0.7236328125,0.6916203609883901,0.478338723733711,0.287109375,0.24292880527735286,0.05901440443348202,0.8583984375,0.7990411941816898,0.638466829999301,0.25783313250726225,0.22447188105479837,0.050387625384279544,0.0171805008843288,0.015471903252540251,0.00023937979025596563,0.724579181163135,0.6915597593041173,0.47825490068876864,-0.6432063757850383,0.7064523116156712,-0.5712890625,0.306640625,1.0,1.0,0.3862311691426621,0.4033203125,-0.5966796875,0.01708914335733791,-0.5966796875,0.0966796875
tianyan-287__qaoa_0110,qaoa,1024,1024,1024,True,True,0.8201965535010356,0.7582176768552191,0.5748940454957254,0.07609169366159978,0.06943299771860308,0.00482094117219154,0.8203125,0.7604578420358273,0.5782961295137874,0.185546875,0.16740515812301796,0.028024486966192648,0.8670715535010356,0.8043049275570116,0.6469064164924896,0.18217992999852076,0.16331253532837176,0.026670984195380675,0.029756905611377626,0.03198674929715777,0.0010231521305992233,0.8115404418790961,0.7512201328103535,0.5643316879396052,-0.7441048598394359,0.7904396478896579,-0.6815246785010356,0.318359375,1.0,1.0,0.326694823694803,0.3203125,-0.6796875,-0.006382323694803016,-0.6796875,0.001953125
tianyan-287__qaoa_0111,qaoa,1024,1024,1024,True,True,0.7770657326356092,0.7273144794122863,0.5289863519627651,0.09164673723481172,0.08054010486364073,0.006486708491446245,0.7822265625,0.7324556213261182,0.5364912372122299,0.2021484375,0.18049363106560276,0.032577950855245924,0.8486230895176934,0.794567633460773,0.6313377241434532,0.1695464919967285,0.1537126888309518,0.023627590707641012,0.025723705408270084,0.04001329813428826,0.001601064027583436,0.7853115111470522,0.7340116087169489,0.5387730417312433,-0.6854189954007974,0.7513420272273391,-0.6464746520176934,0.3017578125,1.0,1.0000000000000002,0.32448969595146837,0.33203125,-0.6679687500000002,0.007541554048531629,-0.66796875,0.0302734375
tianyan-287__qaoa_0112,qaoa,1024,1024,1024,True,True,0.843176401949377,0.7757710262112489,0.6018206851088542,0.08046117518527861,0.0736788796095956,0.005428577300525282,0.8408203125,0.7784758654384347,0.6060246730701199,0.177734375,0.1688477135184326,0.028509550360402695,0.892981089449377,0.8240079461297554,0.6789890952849779,0.1849668352940778,0.1690912882175396,0.028591863751067044,0.06048172290597431,0.05242214334435512,0.0027480811128161153,0.8249173137638781,0.7595288748772503,0.5768841117723017,-0.7627152267640984,0.7826946790434027,-0.715246714449377,0.3095703125,1.0,0.9999999999999999,0.3266041094233346,0.3173828125,-0.6826171874999999,-0.009221296923334621,-0.6826171875,0.0078125
tianyan-287__qaoa_0113,qaoa,1024,1024,1024,True,True,0.75952416785031,0.7181388651658277,0.5157234296616628,0.10984498053511203,0.09392520391240321,0.008821943929986522,0.759765625,0.7186727615365495,0.5164905381745701,0.18359375,0.16313962593710998,0.026614537550900166,0.8227264503599983,0.7769559986657827,0.6036606238627437,0.19118884074758385,0.16203519809558134,0.026255405421874288,0.026644867395393252,0.03549600190849428,0.0012599661514878294,0.7550176849862789,0.7239381550110027,0.5240864522807345,-0.6496791873151979,0.7328793004549167,-0.6391327003599983,0.302734375,1.0,1.0,0.3264224012191308,0.3427734375,-0.6572265625,0.016351036280869202,-0.6572265625,0.0400390625
tianyan-287__qaoa_0114,qaoa,1024,1024,1024,True,True,0.793857864794018,0.7379149941594443,0.5445185386053326,0.09032136081986795,0.07745790297498127,0.005999726733281613,0.7978515625,0.7463281446908251,0.5570056995576491,0.1865234375,0.1691052697171597,0.02859659224611333,0.8592875522940181,0.7981732106119157,0.6370804741385335,0.18216453644220215,0.15734940180672363,0.024758834248933763,0.02980760904126121,0.0629530211138229,0.00396308286735743,0.7987196968382821,0.7391647342535986,0.546364504364193,-0.70353650397415,0.7640502557527568,-0.6727641147940181,0.30078125,1.0,1.0,0.3243527680896484,0.3291015625,-0.6708984375,0.004748794410351587,-0.6708984375,0.0283203125
tianyan-287__qaoa_0115,qaoa,1024,1024,1024,True,True,0.7641629929562311,0.7352878909852671,0.5406482826295621,0.09983099122725762,0.0883181518935007,0.007800095953883462,0.7568359375,0.735296586231608,0.5406610697238565,0.16015625,0.14441070700284367,0.02085445229706116,0.8120473688754432,0.7745150884820947,0.5998736222864269,0.11998208793430637,0.10715674491514676,0.011482567980809832,0.03807221291481249,0.049235784841456354,0.002424162508954183,0.7837712421854501,0.7540031492482798,0.5685207490763238,-0.6643320017289736,0.7260907800414187,-0.6518911188754432,0.3115234375,1.0,1.0,0.31591776547122163,0.3408203125,-0.6591796875,0.024902547028778366,-0.6591796875,0.029296875
tianyan-287__qaoa_0116,qaoa,1024,1024,1024,True,True,0.7834787285011305,0.7618993169349044,0.5804905691458739,0.1195034062504441,0.10459033180714773,0.010939137507529258,0.7919921875,0.7677089837097105,0.5893770836685965,0.1728515625,0.15743246957927617,0.02478498247782972,0.798763138055671,0.7776361630290297,0.6047180020505116,0.11721095228559852,0.11301633356330001,0.012772691652091092,0.03554525434777093,0.04856155892963964,0.0023582250056768637,0.782915687301706,0.7588499587145111,0.5758532598410152,-0.6639753222506865,0.7479334741533596,-0.625911575555671,0.291015625,1.0,1.0,0.3153716714419035,0.3310546875,-0.6689453125,0.01568301605809652,-0.6689453125,0.0400390625
tianyan-287__qaoa_0117,qaoa,1024,1024,1024,True,True,0.8490676894242961,0.7992994941895061,0.6388796814116002,0.09426868946939307,0.08270528555221243,0.006840164258272999,0.8505859375,0.8030860263626622,0.6449471657389707,0.1455078125,0.1324584983942337,0.017545253796855214,0.8684733377714258,0.8146073256046917,0.6635850949288282,0.10197774079627402,0.09455701217538405,0.008941028551535727,0.03496342426654963,0.05438802256915995,0.0029580569989834517,0.8528793677534101,0.8028085955672257,0.6445016411166214,-0.7547989999549031,0.8141042651577465,-0.7229655252714258,0.294921875,1.0,1.0,0.31554453329901067,0.3173828125,-0.6826171875,0.0018382792009893345,-0.6826171875,0.0224609375
tianyan-287__qaoa_0118,qaoa,1024,1024,1024,True,True,0.7703544178604504,0.7351091737175944,0.5403854972837645,0.09128859703771391,0.07832468175939236,0.006134755772710091,0.7568359375,0.7307747052811588,0.5340316698787645,0.150390625,0.13011853400368215,0.01693083289126739,0.7978240478257159,0.7547249800043313,0.5696097954425383,0.10952216957131616,0.0973815532820497,0.009483166919624683,0.034814290303145395,0.04715028807069441,0.0022231496651494674,0.7706911701416265,0.7332760384425798,0.5376937485540438,-0.6790658208227365,0.735540127557305,-0.6474334228257159,0.3046875,1.0,1.0,0.31554096159046524,0.318359375,-0.681640625,0.002818413409534759,-0.681640625,0.013671875
tianyan-287__qaoa_0119,qaoa,1024,1024,1024,True,True,0.798438611531463,0.7548369588515489,0.5697788344482548,0.10316171884487703,0.0887160568923343,0.007870538750523896,0.79296875,0.7561072349662558,0.5716981507683168,0.15234375,0.1426921572150087,0.020361051730672756,0.828712049031463,0.7871747456567694,0.6196440801997996,0.12084054721556133,0.1110849280762952,0.01233986124571568,0.03361253223631081,0.05484366947832449,0.003007828081847701,0.805087367956941,0.7612300416804275,0.5794711763567855,-0.695276892686586,0.7648260792951522,-0.676368299031463,0.28515625,1.0,1.0,0.31562144466793746,0.3271484375,-0.6728515625,0.011526992832062544,-0.6728515625,0.0419921875
tianyan-287__qaoa_0120,qaoa,1024,1024,1024,True,True,0.72265625,0.6908752215988292,0.4773085718192313,0.08976865120375532,0.10525031631294744,0.011077629083975492,0.72265625,0.691359766045113,0.4779783261059533,0.2890625,0.2680121794903454,0.07183052835516511,0.833984375,0.782395943948806,0.6121434131075432,0.2571722968710078,0.2261406713620523,0.05113960324407974,0.03507424502159078,0.03377960757096059,0.001141061887648098,0.7236873514136111,0.6914236918836152,0.4780667216979685,-0.6328875987962447,0.6875820049784093,-0.544921875,0.34375,1.0,1.0,0.38630747111037916,0.390625,-0.609375,0.004317528889620836,-0.609375,0.046875
tianyan-287__qaoa_0121,qaoa,1024,1024,1024,True,True,0.728515625,0.6939712230018299,0.48159605835465547,0.08658536753363029,0.08310354299807211,0.006906198858832421,0.728515625,0.6942557109764295,0.48199099222338754,0.2890625,0.24270261716227395,0.058904560377417314,0.8388671875,0.7884972424482106,0.6217279013484323,0.2959607321397384,0.2462643569679389,0.06064613351283245,0.015962403200348464,0.014903807561434453,0.00022212347982827077,0.723687351686809,0.691423691913154,0.47806672173881615,-0.6419302574663697,0.7125532217996515,-0.5498046875,0.3525390625,1.0,1.0,0.3863074710874215,0.396484375,-0.603515625,0.010176903912578528,-0.603515625,0.0439453125
tianyan-287__qaoa_0122,qaoa,1024,1024,1024,True,True,0.7099609375,0.6865110035515357,0.47129735799733674,0.10017693667622674,0.09152832255830762,0.008377433830337604,0.7099609375,0.6847660160784724,0.4689044967759827,0.283203125,0.2408562145585562,0.05801171609147725,0.8447265625000001,0.7920219373782325,0.6272987492883687,0.28038880684883577,0.23333356138857253,0.05444455087027475,0.042414008589074265,0.03308918419197619,0.001094894110490527,0.7236873517051281,0.6914236919151348,0.4780667217415552,-0.6097840008237733,0.6675469289109257,-0.5615234375000001,0.330078125,1.0,1.0,0.386307471085882,0.3994140625,-0.6005859375,0.013106591414118018,-0.6005859375,0.0693359375
tianyan-287__qaoa_0123,qaoa,1024,1024,1024,True,True,0.72265625,0.6934205833475446,0.48083210541004906,0.09089336658972116,0.08631217297019456,0.007449791202836783,0.72265625,0.692470980075222,0.4795160582463386,0.2724609375,0.23654717448088136,0.05595456575488853,0.8339843750000001,0.7856058544077759,0.6171765584797715,0.27799403512967363,0.23464137860095177,0.055056576551755186,0.03214455856126777,0.03139697882133327,0.00098577027910725,0.723687351507105,0.6914236918937239,0.47806672171194725,-0.6317628834102789,0.6905116914387323,-0.5615234375000001,0.3388671875,1.0,1.0,0.38630747110252267,0.3916015625,-0.6083984375,0.00529409139747733,-0.6083984375,0.052734375
tianyan-287__qaoa_0124,qaoa,1024,1024,1024,True,True,0.7099609375,0.6854683421371452,0.4698668480722465,0.08666099391443349,0.08829136306936516,0.007795364792646458,0.7099609375,0.6849747042915261,0.46919034551926364,0.2568359375,0.22486958278999997,0.050566329264148654,0.84375,0.7901229461119206,0.624294269972581,0.2615651919657593,0.21865325446975542,0.04780924569021562,0.015950066482565323,0.012450538965409846,0.0001550159205291889,0.7236873514295248,0.6914236918853359,0.4780667217003479,-0.6232999435855665,0.6940108710174346,-0.5869140625,0.33203125,1.0,1.0,0.3863074711090421,0.400390625,-0.599609375,0.014083153890957878,-0.599609375,0.068359375
tianyan-287__qaoa_0125,qaoa,1024,1024,1024,True,True,0.8048760070210763,0.7563089897479408,0.5720032879735508,0.09919400201393933,0.10118107217566555,0.010237609366617242,0.8046875,0.7564442036005774,0.5722078331609117,0.208984375,0.18551210135567317,0.03441473974939756,0.8732353820210763,0.8095231529762345,0.6553277352045839,0.19143088400732877,0.16086551375010671,0.02587771351408577,0.022951929780977945,0.030208021838707973,0.0009125245834078579,0.810677507275891,0.7528175153858271,0.56673421147169,-0.705682005007137,0.7819240772400984,-0.6642510070210763,0.3115234375,1.0,1.0,0.32676551203773907,0.3193359375,-0.6806640625,-0.00742957453773907,-0.6806640625,0.0078125
tianyan-287__qaoa_0126,qaoa,1024,1024,1024,True,True,0.7524160853873698,0.7259184645823894,0.5269576172216538,0.09120448978316048,0.07729851174608401,0.005975059918159488,0.744140625,0.7251091488975999,0.5257832778150018,0.201171875,0.1760927486774629,0.031008656136784114,0.8295930872609332,0.7958472511224968,0.6333728471192345,0.20215234234195834,0.17290489534135872,0.029896102833006217,0.03220288538740028,0.049193958259596264,0.0024200455292469,0.7595759343788708,0.7297287076655349,0.5325039867912117,-0.6612115956042093,0.7202131999999696,-0.6284212122609332,0.314453125,1.0,1.0,0.32663074804667264,0.341796875,-0.658203125,0.015166126953327363,-0.658203125,0.02734375
tianyan-287__qaoa_0127,qaoa,1024,1024,1024,True,True,0.8026066279559501,0.7514913442151988,0.5647392404303665,0.09835859594149696,0.09453438933715831,0.00893675076734943,0.8046875,0.7526384373772289,0.5664646174176369,0.2138671875,0.19728476990194913,0.038921280435265014,0.8856144404559501,0.8269001771172624,0.68376390291656,0.20899418699049613,0.19447444588756044,0.03782031010327368,0.024582156490636716,0.03206751091416948,0.0010283252562303786,0.8081752346323631,0.7516883356169112,0.5650353539025221,-0.7042480320144531,0.7780244714653134,-0.6717472529559501,0.3095703125,1.0,0.9999999999999998,0.3267721696666995,0.328125,-0.6718749999999998,0.0013528303333005254,-0.671875,0.0185546875
tianyan-287__qaoa_0128,qaoa,1024,1024,1024,True,True,0.7443145520735635,0.7223800582164764,0.5218329485088399,0.09454223229381475,0.08218103049351348,0.006753721772975792,0.748046875,0.7248604388014513,0.5254226557394326,0.1865234375,0.16750763461054302,0.028058807652819186,0.7826530231989526,0.7606203628262012,0.5785433363458619,0.17782037911550425,0.155338370533205,0.024130009359911293,0.03482757298290981,0.04760535469231402,0.0022662697953810245,0.7526396883257976,0.7252203796350859,0.5259445990380581,-0.6497723197797487,0.7094869790906536,-0.5961295856989526,0.3232421875,1.0,1.0000000000000002,0.3264174134940362,0.3330078125,-0.6669921875000002,0.0065903990059638096,-0.6669921875,0.009765625
tianyan-287__qaoa_0129,qaoa,1024,1024,1024,True,True,0.808461464492768,0.7536748164587278,0.568025728964097,0.10951264298054966,0.09826155567761999,0.009655333324186013,0.8154296875,0.757924950003882,0.5744502298383871,0.2314453125,0.20443961921096884,0.04179555790312594,0.8432766293583731,0.793052766168248,0.6289326899271099,0.20145937280554013,0.17252875096653003,0.02976616991007094,0.05039292015967721,0.04530697008331016,0.002052721538129962,0.7913147764802531,0.7424296779696449,0.5512018267301105,-0.6989488215122184,0.7580685443330908,-0.6118313168583731,0.3154296875,1.0,1.0,0.32685097002430635,0.318359375,-0.681640625,-0.008491595024306353,-0.681640625,0.0029296875
tianyan-287__qaoa_0130,qaoa,1024,1024,1024,True,True,0.8084978793707744,0.7586358900704725,0.5755284137030181,0.101125735128474,0.09039175444187184,0.008170669271079657,0.798828125,0.7512709674119631,0.5644080664761069,0.16015625,0.1436599854177954,0.02063819141024119,0.8241228793707744,0.773848625227884,0.5988416947670862,0.12434183882870184,0.10949374986009718,0.01198888125842553,0.033265584647543305,0.04964040405814367,0.0024641697150557668,0.8041035340867655,0.7590284088823653,0.5761241254904952,-0.7073721442423004,0.7752322947232312,-0.6639666293707744,0.3271484375,1.0,0.9999999999999998,0.31585347394419216,0.3056640625,-0.6943359374999998,-0.010189411444192165,-0.6943359375,-0.021484375
tianyan-287__qaoa_0131,qaoa,1024,1024,1024,True,True,0.7722861441063981,0.7498561813879856,0.5622842927657716,0.0889566432439142,0.07724174936045258,0.005966287844262978,0.7734375,0.75654179758462,0.5723554914925681,0.1494140625,0.13280382350095363,0.01763685553647244,0.7898107853293397,0.762490988785801,0.5813925079795486,0.12651851048754448,0.11047915021393666,0.01220564263199358,0.04576327007940741,0.05133245967787814,0.0026350214165809854,0.7734865574861243,0.7461036935430143,0.5566707215185283,-0.6833295008624839,0.7265228740269907,-0.6403967228293397,0.314453125,1.0,1.0,0.3152159062575069,0.310546875,-0.689453125,-0.004669031257506895,-0.689453125,-0.00390625
tianyan-287__qaoa_0132,qaoa,1024,1024,1024,True,True,0.8470104472786122,0.7989929940088852,0.6383898044752826,0.10361734314381715,0.0927494035736118,0.008602451863260713,0.857421875,0.8095730214920187,0.6554084771277165,0.134765625,0.12491284760765141,0.015603219497452343,0.8528698222786122,0.8016364952658632,0.6426210705421364,0.12007588364780511,0.10323328351183098,0.010657110824634074,0.03934829800324889,0.05357133847486866,0.002869888305988943,0.8423534526515831,0.7878040683300244,0.6206352500773377,-0.743393104134795,0.8076621492753633,-0.7181041972786122,0.3037109375,1.0,1.0,0.3155677494284987,0.3173828125,-0.6826171875,0.0018150630715013105,-0.6826171875,0.013671875
tianyan-287__qaoa_0133,qaoa,1024,1024,1024,True,True,0.7355656775826727,0.7300382150478978,0.5329557954303207,0.1001435483999728,0.08665337827765435,0.007508807966930257,0.7314453125,0.7325601521044056,0.5366443764512299,0.1455078125,0.14255446436974326,0.0203217753117444,0.7832378154370189,0.7619541565668853,0.5805741367095535,0.13160645881522903,0.11418859831900596,0.013039035986059292,0.03593274478905366,0.05313299865854509,0.002823115546448954,0.7550471673614318,0.7413430111812386,0.549589460227266,-0.6354221291826998,0.699632932793619,-0.6377300029370189,0.314453125,1.0,0.9999999999999999,0.315620747129699,0.3349609375,-0.6650390624999999,0.01934019037030099,-0.6650390625,0.0205078125
tianyan-287__qaoa_0134,qaoa,1024,1024,1024,True,True,0.809063188713933,0.7730856629311984,0.5976614422297705,0.09164507107593213,0.08098221734336672,0.006558119525848285,0.8251953125,0.777457395440915,0.6044400017257712,0.1376953125,0.11571150674251791,0.01338915279262377,0.824688188713933,0.7737306259585144,0.5986590815461544,0.11520179338242542,0.10259178354296697,0.01052507405052699,0.04735579662368313,0.07255788468814277,0.005264646630417823,0.8013881084233327,0.7589596379953211,0.5760197321059888,-0.7174181176380009,0.7617073920902498,-0.686992876213933,0.3095703125,1.0,0.9999999999999999,0.31562129704359193,0.3037109375,-0.6962890624999999,-0.01191035954359193,-0.6962890625,-0.005859375
tianyan-287__qaoa_0135,qaoa,1024,1024,1024,True,True,0.7578125,0.7139941131230322,0.5097875935743453,0.11395826269023016,0.1046562535269483,0.010952931402296877,0.7578125,0.7147215672286682,0.5108269186618036,0.2705078125,0.2408898934253638,0.05802794075448313,0.8828125,0.8160280462242709,0.6659017722246009,0.2645879475997638,0.22947890184979133,0.05266056639418616,0.03260427823411555,0.024854654844348786,0.0006177538674317105,0.7306584958223197,0.6942829374816142,0.482028797278099,-0.6438542373097699,0.7252082217658844,-0.6123046875,0.298828125,1.0,1.0,0.385642921444346,0.357421875,-0.642578125,-0.028221046444345976,-0.642578125,0.05859375
tianyan-287__qaoa_0136,qaoa,1024,1024,1024,True,True,0.6962890625,0.6720345845815765,0.4516304828737321,0.09639443497161371,0.09189300589574845,0.00844432453255606,0.6962890625,0.6750798133339403,0.45573275437098765,0.275390625,0.24704454597606573,0.06103100769652045,0.837890625,0.7815856269563086,0.6108760922646861,0.25175697704993794,0.2191503821820882,0.04802689001055533,0.03827479496090742,0.044219724536490986,0.0019553840380831427,0.7306584957137652,0.6942829374086139,0.48202879717673336,-0.5998946275283863,0.6580142675390925,-0.5625,0.337890625,1.0,1.0,0.3856429214558321,0.4287109375,-0.5712890625,0.04306801604416788,-0.5712890625,0.0908203125
tianyan-287__qaoa_0137,qaoa,1024,1024,1024,True,True,0.7294921875,0.6929363832017004,0.4801608311646537,0.08658943469441498,0.08709580319960218,0.007585678934983834,0.7294921875,0.6935196146420596,0.4809694558932708,0.2744140625,0.2390667192049797,0.05715289623143261,0.8544921875,0.792424133014158,0.6279360065832401,0.23989253453574103,0.20524846406949443,0.042126932002886544,0.04708087335967219,0.0374201774856746,0.0014002696830593881,0.7306584959119332,0.6942829375418773,0.4820287973617783,-0.6429027528055851,0.6824113141403279,-0.580078125,0.3212890625,1.0,0.9999999999999999,0.3856429214348638,0.376953125,-0.6230468749999999,-0.008689796434863784,-0.623046875,0.0556640625
tianyan-287__qaoa_0138,qaoa,1024,1024,1024,True,True,0.697265625,0.6716985240387043,0.4511789071957739,0.09380978979745833,0.08992901124563688,0.008087227063617884,0.697265625,0.6719420082627683,0.45150606246820213,0.3203125,0.27606963579542704,0.07621444380821973,0.857421875,0.7991177629397,0.6385891990457506,0.26101776079901234,0.22985163616606374,0.05283177464821654,0.04002049652025265,0.03492214975141975,0.0012195565432605866,0.730658495764125,0.6942829374424798,0.48202879722375835,-0.6034558352025416,0.6572451284797474,-0.537109375,0.30078125,1.0,0.9999999999999999,0.3856429214505037,0.4169921875,-0.5830078124999999,0.03134926604949628,-0.5830078125,0.1162109375
tianyan-287__qaoa_0139,qaoa,1024,1024,1024,True,True,0.7236328125,0.6905575207640035,0.476869689483727,0.10052724471674625,0.10287864966332143,0.010584016556548427,0.7236328125,0.6902878037942006,0.47649725206702076,0.2783203125,0.24905535691942657,0.062028570810262966,0.86328125,0.7969756340333635,0.6351701612428817,0.2789654096455481,0.23347258088250616,0.05450944602393839,0.023810167859289338,0.019501575182882064,0.00038031143461360155,0.7306584959446267,0.6942829375638627,0.4820287973923065,-0.6231055677832538,0.6998226446407106,-0.5849609375,0.310546875,1.0,0.9999999999999999,0.38564292143140466,0.384765625,-0.6152343749999999,-0.0008772964314046616,-0.615234375,0.07421875
tianyan-287__qaoa_0140,qaoa,1024,1024,1024,True,True,0.7678726512625476,0.7382233513002342,0.5449737164049491,0.09910579562775468,0.08903395414101549,0.00792704498998445,0.7685546875,0.7395954721029728,0.5470014623552193,0.2021484375,0.17924862248740084,0.032130068663630745,0.8023069418327069,0.7796086078298459,0.6077895814023905,0.17618813488022989,0.15505157354149612,0.024040990457693978,0.039661406607911724,0.03908273407869834,0.0015274601030662487,0.7707312539642364,0.7410480584102228,0.549152224873561,-0.6687668556347929,0.7282112446546358,-0.6001585043327069,0.3095703125,1.0,0.9999999999999998,0.3260194377453862,0.322265625,-0.6777343749999998,-0.0037538127453862202,-0.677734375,0.0126953125
tianyan-287__qaoa_0141,qaoa,1024,1024,1024,True,True,0.7507439489725223,0.7314141355210396,0.5349666376399898,0.0928226127360269,0.07858633855026848,0.006175812606737413,0.7607421875,0.7380422378346218,0.5447063448279365,0.189453125,0.16412016882576105,0.02693542981539631,0.8127488214205612,0.7818412811721737,0.6112757889449459,0.1724076598598776,0.14744874723665807,0.02174113306165988,0.02919874109932361,0.04266331128802606,0.0018201581300590118,0.7585004763765925,0.7343787711313697,0.5393121794884208,-0.6579213362364954,0.7215452078731986,-0.6232956964205612,0.2978515625,1.0,1.0,0.32616773561172213,0.3427734375,-0.6572265625,0.01660570188827787,-0.6572265625,0.044921875
tianyan-287__qaoa_0142,qaoa,1024,1024,1024,True,True,0.7782505221098123,0.7313090222300296,0.5348128859950418,0.09359844394582675,0.08387618375701131,0.007035214201639928,0.783203125,0.7359585624441207,0.5416350056348167,0.21484375,0.1909582402487543,0.03646504951890097,0.8495395846098123,0.7917962728314543,0.6269413376697828,0.1780661802709207,0.15971676633318901,0.0255094454479305,0.046561592771885096,0.04194087410678999,0.0017590369208416072,0.7964317704680361,0.7450055245521785,0.5550332316132667,-0.6846520781639855,0.7316889293379272,-0.6346958346098123,0.337890625,1.0,1.0,0.32659756151231517,0.326171875,-0.673828125,-0.00042568651231517096,-0.673828125,-0.01171875
tianyan-287__qaoa_0143,qaoa,1024,1024,1024,True,True,0.7848869955971243,0.751685254767543,0.565030722234946,0.10927031712148635,0.10678457761930102,0.011402946017332525,0.7958984375,0.7584366477988193,0.5752261487243102,0.208984375,0.18634812399041817,0.034725623314748266,0.8068359589542828,0.7748521405014779,0.6003958396397221,0.16967010714426073,0.1466302218878876,0.02150042197089115,0.02357476586857231,0.031867399416856686,0.0010155311455934777,0.7734808502327115,0.7422996486348992,0.5510087683634948,-0.6756166784756379,0.761312229728552,-0.5978515839542828,0.3291015625,1.0,1.0,0.32599648802975534,0.314453125,-0.685546875,-0.011543363029755338,-0.685546875,-0.0146484375
tianyan-287__qaoa_0144,qaoa,1024,1024,1024,True,True,0.7784353442382288,0.7415736101135225,0.5499314192168027,0.09275812100010675,0.084174107043073,0.007085280296498712,0.78125,0.7439383428447374,0.553444257954574,0.185546875,0.16833649275698276,0.028337174793721706,0.8276617698870267,0.8021385883816361,0.6434263149708838,0.18108532825090493,0.15553358492770208,0.024190696040462714,0.04198111719872881,0.051901373342049584,0.0026937525547908155,0.7673740787418319,0.7355983186337057,0.5411048863767349,-0.6856772232381221,0.7364542270395,-0.6421148948870267,0.3056640625,1.0,1.0,0.32482869015620774,0.3046875,-0.6953125,-0.020141190156207744,-0.6953125,-0.0009765625
tianyan-287__qaoa_0145,qaoa,1024,1024,1024,True,True,0.7751286575308205,0.7493315795620081,0.5614978161288942,0.09695891920707553,0.08894118166636447,0.007910533796209247,0.7734375,0.7527556757203506,0.5666411073292016,0.16015625,0.14672689634802777,0.021528782111924882,0.8166787599519976,0.7866139060853524,0.6187614372468556,0.13606735206088758,0.12182476410063846,0.01484127314817621,0.04245694542739683,0.053584968571435236,0.002871348856801702,0.7830338367918459,0.7538142242642563,0.5682358847031224,-0.6781697383237449,0.7326717121034236,-0.6565225099519976,0.294921875,1.0,1.0000000000000002,0.31597068222499813,0.3271484375,-0.6728515625000002,0.011177755275001866,-0.6728515625,0.0322265625
tianyan-287__qaoa_0146,qaoa,1024,1024,1024,True,True,0.8167052439508795,0.768765325547279,0.591000125763814,0.108610578908683,0.09618416227012544,0.009251393071605822,0.8232421875,0.7734703434685211,0.5982563722253119,0.1484375,0.14193721672959597,0.0201461734929443,0.8261169916628626,0.7828221163643894,0.6128104658692215,0.11869928717305807,0.10626714746568948,0.011292706630494595,0.04245904676079868,0.060376273046722384,0.0036452943470123757,0.8164716267091533,0.7711764802568086,0.5947131637012799,-0.7080946650421965,0.7742461971900808,-0.6776794916628626,0.294921875,1.0,1.0,0.31582481167386944,0.3095703125,-0.6904296875,-0.006254499173869443,-0.6904296875,0.0146484375
tianyan-287__qaoa_0147,qaoa,1024,1024,1024,True,True,0.813056501633706,0.7706300408480727,0.5938706598575023,0.10570828003918228,0.095503093126906,0.00912084079680648,0.818359375,0.7737128531573513,0.5986315791408889,0.166015625,0.1447311996164713,0.02094712014242286,0.833564314133706,0.7886859292610583,0.6220254950143791,0.12221216105449459,0.10788426045111718,0.011639013653084486,0.03219748173995924,0.04773543037533056,0.0022786713131180314,0.8336521471133609,0.7847810711692342,0.6158813296655307,-0.7073482215945237,0.7808590198937467,-0.667548689133706,0.306640625,1.0,1.0,0.31582566974359466,0.3330078125,-0.6669921875,0.01718214275640534,-0.6669921875,0.0263671875
tianyan-287__qaoa_0148,qaoa,1024,1024,1024,True,True,0.7996118753744812,0.7715807403345312,0.5953368388551833,0.09780997142099818,0.08319747307469902,0.006921819526015269,0.794921875,0.7716222468787404,0.5954008918781957,0.158203125,0.13525571720722035,0.01829410903723956,0.8040133384180668,0.7755667685021127,0.6015038124048097,0.10441469126843869,0.09079892225641566,0.008244444282926615,0.04300956730611083,0.047060490389447165,0.0022146897556952487,0.7949199931930341,0.7618989615623464,0.5804900276297817,-0.7018019039534831,0.7566023080683704,-0.6458102134180668,0.2998046875,1.0,1.0,0.3155234695860469,0.318359375,-0.681640625,0.0028359054139531215,-0.681640625,0.0185546875
tianyan-287__qaoa_0149,qaoa,1024,1024,1024,True,True,0.8237151877877034,0.7745376777661583,0.5999086142793933,0.11143052345442157,0.09895704774605289,0.009792497298614592,0.833984375,0.7867561894859473,0.6189853016944478,0.1484375,0.1338313272959485,0.017910824165795286,0.8387972367643215,0.7914227519732593,0.6263499723409272,0.10500313751270113,0.09428722795785575,0.008890081355976655,0.04477953133699264,0.06258250158198762,0.003916569504259483,0.8120403274582426,0.7667012901348299,0.5878308682944127,-0.7122846643332817,0.7789356564507107,-0.6903597367643215,0.291015625,1.0,1.0000000000000002,0.3155863387785638,0.302734375,-0.6972656250000002,-0.01285196377856379,-0.697265625,0.01171875
tianyan-287__qaoa_0150,qaoa,1024,1024,1024,True,True,0.736328125,0.6989959741933546,0.4885953719385169,0.07550814390154466,0.0684310563237325,0.00468280946958185,0.736328125,0.699730690522206,0.48962303925868333,0.259765625,0.22485101813999955,0.05055798035859441,0.86328125,0.800642560238341,0.6410285092650055,0.2476727213032624,0.20895881730641086,0.04366378733009399,0.039557372492340495,0.03163626673981101,0.0010008533732324724,0.7297287512137354,0.6936872171240872,0.48120195520136044,-0.6608199810984553,0.6967707525076595,-0.603515625,0.3388671875,1.0,0.9999999999999999,0.38574009925614244,0.3916015625,-0.6083984374999999,0.0058614632438575565,-0.6083984375,0.052734375
tianyan-287__qaoa_0151,qaoa,1024,1024,1024,True,True,0.734375,0.6974398130326632,0.4864222928030362,0.0862899547973974,0.08592355755301397,0.007382857742566104,0.734375,0.6976921555013937,0.48677434384818097,0.26953125,0.24051210040028304,0.05784607043895583,0.8388671875,0.7799152230204454,0.6082677550990311,0.24927455149460104,0.21884998119127413,0.04789531426742104,0.018532270272512526,0.01819442444915822,0.0003310370810361263,0.7297287509513222,0.6936872169643583,0.4812019549797567,-0.6480850452026026,0.7158427297274875,-0.5693359375,0.3447265625,1.0,0.9999999999999999,0.3857400992832268,0.3818359375,-0.6181640624999999,-0.0039041617832267783,-0.6181640625,0.037109375
tianyan-287__qaoa_0152,qaoa,1024,1024,1024,True,True,0.728515625,0.694062085440392,0.4817221784458661,0.0940702923371706,0.09065275595844512,0.008217922162861407,0.728515625,0.6947966010995824,0.4827423168995323,0.3203125,0.26953207614948627,0.07264754007345245,0.8759765625,0.808989793247715,0.6544644855789807,0.298154160166154,0.24770901151940877,0.061359754387922585,0.0330708063868722,0.028153048338279186,0.0007925941307374844,0.7297287513456896,0.6936872172044064,0.48120195531279336,-0.6344453326628294,0.6954448186131278,-0.5556640625,0.3212890625,1.0,1.0,0.3857400992425232,0.390625,-0.609375,0.004884900757476773,-0.609375,0.0693359375
tianyan-287__qaoa_0153,qaoa,1024,1024,1024,True,True,0.736328125,0.6981253847354164,0.48737905281197313,0.08199443573293216,0.08733890031061765,0.007628083507468008,0.736328125,0.6982444658894494,0.4875453341452425,0.2802734375,0.24929168716804492,0.06214634529109038,0.85546875,0.793868985676364,0.6302279664188191,0.2701706252246727,0.2253776238993865,0.050795073354533316,0.03474349346762592,0.028022160145669772,0.0007852414592295633,0.7297287511111793,0.6936872170616619,0.48120195511475333,-0.6543336892670678,0.701584631532374,-0.5751953125,0.3271484375,1.0,1.0,0.3857400992667274,0.373046875,-0.626953125,-0.012693224266727421,-0.626953125,0.0458984375
tianyan-287__qaoa_0154,qaoa,1024,1024,1024,True,True,0.7314453125,0.6970981643070947,0.48594585068032126,0.08917380974013098,0.08330551402588382,0.006939808667116726,0.7314453125,0.696423141740687,0.48500519235196904,0.30859375,0.2572783395184149,0.06619214398535275,0.87109375,0.8076881349668027,0.6523601233661521,0.29545081479707086,0.24629607369844878,0.06066175591927171,0.018809717041173332,0.019457228847934493,0.00037858375444089424,0.7297287513806937,0.6936872172257132,0.4812019553423539,-0.642271502759869,0.7126355954588267,-0.5625,0.3046875,1.0,1.0,0.38574009923891056,0.376953125,-0.623046875,-0.008786974238910561,-0.623046875,0.072265625
tianyan-287__qaoa_0155,qaoa,1024,1024,1024,True,True,0.8183302975153425,0.7587257152721041,0.575664711015166,0.08947071175704052,0.08024957073021029,0.006439993602383023,0.8173828125,0.7613774583775026,0.5796956341253857,0.2060546875,0.17875207032458348,0.031952302645324844,0.8739943600153425,0.8094855503655304,0.6552668562505857,0.19491067201067272,0.16800023143931728,0.02822407776366417,0.04813893547741099,0.03891005827415573,0.0015139926348981948,0.8063421754622178,0.7483203465109338,0.5599833410022441,-0.728859585758302,0.7701913620379315,-0.6679396725153425,0.2998046875,1.0,1.0,0.326583289778082,0.3056640625,-0.6943359375,-0.020919227278081987,-0.6943359375,0.005859375
tianyan-287__qaoa_0156,qaoa,1024,1024,1024,True,True,0.7768154397497736,0.7472189855392118,0.5583362123502489,0.08799608370155369,0.08523262691389503,0.007264600690643225,0.7734375,0.7478029756102536,0.5592092903315495,0.197265625,0.1762038145488475,0.031047784261564647,0.809047616986469,0.7784223191155348,0.6059413068972075,0.16778301493288938,0.15668128845071524,0.024549026150576234,0.04252057549816329,0.053064611901149444,0.002815853036219611,0.7687928529531962,0.7396780923307414,0.5471236802740448,-0.68881935604822,0.7342948642516103,-0.611781991986469,0.302734375,1.0,0.9999999999999999,0.3260412420516944,0.31640625,-0.6835937499999999,-0.00963499205169438,-0.68359375,0.013671875
tianyan-287__qaoa_0157,qaoa,1024,1024,1024,True,True,0.8004712759991917,0.7510700612478088,0.5641062369027874,0.10257720547012006,0.09138390086159227,0.008351017336681326,0.8017578125,0.7532627582054233,0.5674047828992421,0.2158203125,0.1806840071305791,0.03264671043276316,0.8646703983898684,0.8074174808516789,0.6519229883848713,0.20918321424579675,0.18561589505472004,0.034453260496964844,0.035190538619718256,0.03820396354642102,0.0014595428306562663,0.7943355089041579,0.7443254686983993,0.5540204033530919,-0.6978940705290716,0.7652807373794734,-0.6488500858898684,0.3037109375,1.0,1.0,0.3266195530471171,0.3125,-0.6875,-0.014119553047117095,-0.6875,0.0087890625
tianyan-287__qaoa_0158,qaoa,1024,1024,1024,True,True,0.7797983520473284,0.7509672255361008,0.5639517738293889,0.09322893710371169,0.08264276054185561,0.006829825869978486,0.7861328125,0.7565558904058032,0.5723768153077177,0.1796875,0.16087168904785082,0.02587970033710841,0.8255082645208235,0.7921012335970135,0.6274243642659105,0.15646280597717788,0.1388785986255608,0.019287265156199614,0.02849860561000651,0.05019447977567057,0.0025194857999502017,0.7686736372964099,0.73960356517286,0.5470134336164049,-0.6865694149436167,0.7512997464373219,-0.6458207645208235,0.3095703125,1.0,0.9999999999999999,0.3260435780509187,0.3359375,-0.6640624999999999,0.009893921949081286,-0.6640625,0.0263671875
tianyan-287__qaoa_0159,qaoa,1024,1024,1024,True,True,0.7800972004850268,0.7401204523420263,0.5477782839749656,0.11536049946823175,0.1072009112355897,0.011492035369740783,0.7900390625,0.7476277284636207,0.5589472203676733,0.19921875,0.18339190492229238,0.03363259079102712,0.8402318905888153,0.7964038544915786,0.6342590994490435,0.1738168399691678,0.15604997656764485,0.024351595186762512,0.04225642268266439,0.04984931725044455,0.002484954430335469,0.7726168709371893,0.7382853454600077,0.5450652513210028,-0.664736701016795,0.7378407778023625,-0.6410131405888153,0.283203125,1.0,0.9999999999999998,0.3252130906913513,0.3466796875,-0.6533203124999998,0.021466596808648708,-0.6533203125,0.0634765625
tianyan-287__qaoa_0160,qaoa,1024,1024,1024,True,True,0.7896418952552668,0.7536386931484205,0.5679712798104591,0.09639238879197246,0.0859260423076245,0.007383284746651677,0.783203125,0.7556218952357017,0.5709644485595937,0.1572265625,0.14468166531571522,0.020932784278528634,0.8363935437447034,0.7974771690791588,0.6359698352025092,0.1360235795272211,0.11967910068871879,0.014323087141660489,0.03763521733728012,0.036694132008013094,0.001346459323821491,0.7895444912795255,0.755996008757747,0.5715299652576434,-0.6932495064632944,0.7520066779179867,-0.6791669812447034,0.287109375,1.0,1.0,0.3159734925872209,0.314453125,-0.685546875,-0.0015203675872209055,-0.685546875,0.02734375
tianyan-287__qaoa_0161,qaoa,1024,1024,1024,True,True,0.7767341557485439,0.738341869812419,0.5451487167180992,0.08933474393233849,0.08340811464329967,0.00695691358834982,0.783203125,0.7471105559347302,0.5581741827891016,0.142578125,0.1257065106621225,0.01580212682284632,0.7889541750078595,0.7504137243669832,0.5631207577183266,0.11608111696292892,0.1062008637686088,0.011278623465198603,0.0366969802170935,0.053044982168017604,0.0028137701332053055,0.7867737953161885,0.7481888134211394,0.5597865005285326,-0.6873994118162053,0.7400371755314503,-0.6463760500078595,0.3203125,1.0,1.0,0.31577570236417724,0.3330078125,-0.6669921875,0.017232110135822765,-0.6669921875,0.0126953125
tianyan-287__qaoa_0162,qaoa,1024,1024,1024,True,True,0.8284007616051134,0.7747702259500656,0.6002689030187157,0.10711420740532271,0.09491590228754912,0.009009028507059572,0.8193359375,0.7754774379115156,0.6013652567098084,0.1650390625,0.16156709494453106,0.02610392616881511,0.8401195116051134,0.8104158166492759,0.6567737958753127,0.12438835932414906,0.11469032958835544,0.0131538717010856,0.03375639257015145,0.052175873667115076,0.0027223217929267527,0.8343860352895897,0.7860751034409169,0.6179140682496482,-0.7212865541997907,0.794644369034962,-0.6750804491051134,0.3173828125,1.0,1.0,0.31582148620000516,0.3125,-0.6875,-0.0033214862000051637,-0.6875,-0.0048828125
tianyan-287__qaoa_0163,qaoa,1024,1024,1024,True,True,0.7785763700224149,0.7385693909696097,0.5454847452772202,0.0988261038913241,0.08734737035944966,0.007629563108710864,0.7939453125,0.7468834412001463,0.5578348747389723,0.16015625,0.1360466356661841,0.01850868707608744,0.7885360425728366,0.7513418220459552,0.5645145335553359,0.12194736173852636,0.10407348123969531,0.010831289497349211,0.04399720100634714,0.04966048986401519,0.002466164253533955,0.7749079402829411,0.7345888882013429,0.5396208346688851,-0.6797502661310908,0.7345791690160677,-0.6283797925728366,0.2958984375,1.0,0.9999999999999999,0.31542894351541567,0.3212890625,-0.6787109374999999,0.005860118984584328,-0.6787109375,0.025390625
tianyan-287__qaoa_0164,qaoa,1024,1024,1024,True,True,0.7921155264235722,0.7564055712579628,0.572149388230085,0.09100720405451743,0.08151732394065657,0.006645074102445941,0.7958984375,0.7591960542142784,0.5763786487345295,0.1474609375,0.13650873786646292,0.018634635513894684,0.814016709894267,0.7797269164880176,0.607974064295912,0.10244147732869993,0.09507312236314587,0.009038898595877708,0.042502768730978656,0.04764347051504418,0.0022699002827178843,0.7851711128753542,0.7563448623976312,0.5720575508752916,-0.7011083223690547,0.7496127576925935,-0.666555772394267,0.29296875,1.0,1.0,0.31534022576835435,0.310546875,-0.689453125,-0.004793350768354354,-0.689453125,0.017578125
tianyan-287__qaoa_0165,qaoa,1024,1024,1024,True,True,0.7265625,0.692608206507409,0.47970612772140964,0.0946491226614489,0.09329075958719114,0.008703165824355097,0.7265625,0.6925243820024158,0.47959001966782805,0.2568359375,0.2318984725274367,0.05377690156055832,0.8740234375,0.8072023312578537,0.6515756035881137,0.26015612595841414,0.2181277513785068,0.04757971592144367,0.018408177822173976,0.017536627283499015,0.000307533296480362,0.7259292269771482,0.6919078944913788,0.47873653445949294,-0.6319133773385511,0.708154322177826,-0.6171875,0.3095703125,1.0,1.0,0.3861105814705758,0.3779296875,-0.6220703125,-0.008180893970575809,-0.6220703125,0.068359375
tianyan-287__qaoa_0166,qaoa,1024,1024,1024,True,True,0.7236328125,0.6912749391756248,0.47786104153226366,0.07488525702298651,0.07145254573131786,0.00510546629148607,0.7236328125,0.6904895008454861,0.4767757507778486,0.2939453125,0.2553283924281709,0.06519258797995403,0.865234375,0.8093511960466098,0.6550493585420778,0.28714532568943274,0.25339590008813023,0.06420948218147368,0.022999922382600662,0.02375997687557223,0.0005645365011277271,0.7259292268898423,0.6919078944636396,0.4787365344211071,-0.6487475554770135,0.7006328901173994,-0.5712890625,0.314453125,1.0,1.0,0.38611058147856825,0.3828125,-0.6171875,-0.003298081478568249,-0.6171875,0.068359375
tianyan-287__qaoa_0167,qaoa,1024,1024,1024,True,True,0.7490234375,0.7084949274451561,0.501965062215517,0.10115819620874371,0.09188673607830561,0.00844317226712419,0.7490234375,0.7080948746731153,0.5013983515383349,0.2880859375,0.25214132381373944,0.06357524717454502,0.8515625,0.7943029694777968,0.6309172073212457,0.2787017625574381,0.24054156001222257,0.057860242093113676,0.025487132019598947,0.024064927801826966,0.0005791207501071444,0.7259292267885666,0.691907894431462,0.4787365343765791,-0.6478652412912563,0.723536305480401,-0.5634765625,0.3203125,1.0,1.0,0.38611058148784,0.3701171875,-0.6298828125,-0.01599339398784,-0.6298828125,0.0498046875
tianyan-287__qaoa_0168,qaoa,1024,1024,1024,True,True,0.734375,0.698006071763908,0.48721247621928193,0.09944652597338102,0.09409225795576401,0.008853353007214036,0.734375,0.6988536668046577,0.48839644760631545,0.2998046875,0.25929415917324605,0.06723346098136067,0.859375,0.8055761823031574,0.6489529854941298,0.2975603054670721,0.2513005656766047,0.0631519743093815,0.019827219752286705,0.016549361982743354,0.00027388138203587105,0.7259292269137703,0.691907894471242,0.4787365344316274,-0.634928474026619,0.7145477802477133,-0.5595703125,0.3017578125,1.0,1.0,0.38611058147637795,0.396484375,-0.603515625,0.010373793523622055,-0.603515625,0.0947265625
tianyan-287__qaoa_0169,qaoa,1024,1024,1024,True,True,0.736328125,0.6992494578882678,0.4889498043570364,0.09658266679111582,0.0848833049121918,0.007205175452816125,0.736328125,0.6993635183915703,0.48910933085703634,0.2841796875,0.2511887525769624,0.06309578942117043,0.849609375,0.7888744633620753,0.6223229189448024,0.2835816078069855,0.24177873503083744,0.05845695671311189,0.02130377889019141,0.020606521431027956,0.0004246287254874144,0.7259292267308408,0.6919078944131213,0.478736534351199,-0.6397454582088842,0.7150243461098086,-0.5654296875,0.3310546875,1.0,1.0,0.3861105814931247,0.3896484375,-0.6103515625,0.003537856006875284,-0.6103515625,0.05859375
tianyan-287__qaoa_0170,qaoa,1024,1024,1024,True,True,0.79383749358824,0.7420235785010706,0.5505989910515345,0.08411184176701317,0.07510442648340931,0.005640674877401835,0.7861328125,0.7407743523318417,0.5487466410726596,0.259765625,0.2226872189876216,0.04958959750044094,0.88172811858824,0.8221023314188772,0.6758522433243535,0.24209156536644266,0.2041033811247805,0.0416581901865674,0.035154255799945036,0.03413563962981005,0.0011652418929362584,0.8070078565226975,0.7494753388659555,0.5617132835682389,-0.7097256518212268,0.7586832377882949,-0.62196249358824,0.2958984375,1.0,0.9999999999999999,0.32671994374735075,0.3330078125,-0.6669921874999999,0.0062878687526492505,-0.6669921875,0.037109375
tianyan-287__qaoa_0171,qaoa,1024,1024,1024,True,True,0.780914465785864,0.7561394166981512,0.5717468174846204,0.1099454174122956,0.10008836490954767,0.010017680790266775,0.771484375,0.7506926136731881,0.5635394002234824,0.1748046875,0.15801377098408498,0.024968351820610857,0.8050353915616693,0.7867167317004253,0.6189232159373991,0.14796683240037883,0.13945402848422442,0.019447426060478872,0.03082270671969324,0.033266447379351166,0.00110665652124314,0.7557769139135635,0.7294480640214007,0.5320944781045696,-0.6709690483735684,0.7500917590661708,-0.6302307040616693,0.3095703125,1.0,1.0,0.3262476724957726,0.3017578125,-0.6982421875,-0.024489859995772578,-0.6982421875,-0.0078125
tianyan-287__qaoa_0172,qaoa,1024,1024,1024,True,True,0.8353160342279511,0.7661990995834653,0.587061060202513,0.0890906181651038,0.08701344035847458,0.007571338803017812,0.8369140625,0.7701814795052156,0.5931795113728429,0.20703125,0.1800169920869681,0.03240611744003953,0.8851207217279511,0.8184276829340718,0.6698238721928335,0.19808659282453317,0.16612084659068008,0.02759613567200427,0.03948126680648678,0.043738027627557394,0.0019130150607489737,0.825729883256191,0.7608544256885068,0.5788994570897875,-0.7462254160628473,0.7958347674214643,-0.6780894717279511,0.33203125,1.0,0.9999999999999998,0.32661756657482666,0.3359375,-0.6640624999999998,0.009319933425173343,-0.6640625,0.00390625
tianyan-287__qaoa_0173,qaoa,1024,1024,1024,True,True,0.7751916511074076,0.7474792204652999,0.5587251850274124,0.10323520183653438,0.09303231524408846,0.008655011679675455,0.7919921875,0.7542514664586244,0.5688952746549854,0.2099609375,0.19488309614160743,0.037979421161739,0.8086701584863942,0.7811270239986116,0.6101594276209275,0.18527351285365146,0.16256194922623107,0.026426387336231733,0.047883545469340816,0.06349635844762351,0.004031787536109089,0.7560758054872936,0.7295852727661845,0.5322946702373078,-0.6719564492708733,0.7273081056380668,-0.5987092209863942,0.3125,1.0,1.0,0.3262446942650703,0.2900390625,-0.7099609375,-0.0362056317650703,-0.7099609375,-0.0224609375
tianyan-287__qaoa_0174,qaoa,1024,1024,1024,True,True,0.7654281826361523,0.7378262791318193,0.5443876181775054,0.10875524178286283,0.09567598619841478,0.009153894335039254,0.7509765625,0.7365042083377105,0.5424384488991576,0.2099609375,0.1787572244172708,0.03195414528136652,0.8259425139780063,0.7885159127751739,0.6217573446996656,0.18272859020526816,0.14794212816150915,0.0218868732849564,0.04103704640989653,0.050017933850016814,0.0025017937066246576,0.7740204557093744,0.7418216416900046,0.5502993480796536,-0.6566729408532894,0.7243911362262558,-0.6159815764780063,0.302734375,1.0,1.0,0.3258474441459079,0.33984375,-0.66015625,0.013996305854092117,-0.66015625,0.037109375
tianyan-287__qaoa_0175,qaoa,1024,1024,1024,True,True,0.7866453936728912,0.7560625372249619,0.5716305601950469,0.09803308480656017,0.08717351695771146,0.007599222058776407,0.779296875,0.755967011020031,0.5714861217505598,0.169921875,0.155540085637254,0.024192718240044306,0.8324274657462136,0.7866037307411657,0.6187454292159204,0.1361726614576427,0.12559090606862025,0.015773075687136998,0.03918144947144774,0.042906266065293734,0.0018409476676657767,0.7981265009367875,0.7605135468815393,0.5783808549903393,-0.6886123088663311,0.7474639442014435,-0.6625055907462136,0.3017578125,1.0,0.9999999999999998,0.315917881485916,0.3125,-0.6874999999999998,-0.0034178814859159856,-0.6875,0.0107421875
tianyan-287__qaoa_0176,qaoa,1024,1024,1024,True,True,0.8002070554565731,0.7586280598602809,0.575516533207374,0.08461796275004341,0.0784580057055669,0.006155658659294768,0.8056640625,0.7610836365179402,0.5792483017753721,0.1513671875,0.14205369063342155,0.020179251022575836,0.8215957754487584,0.7888037482860228,0.6222113533100793,0.12902362519985922,0.11353549809666277,0.012890309328057315,0.02991746170033131,0.046374750339305014,0.0021506174690328703,0.8030319300774664,0.7649405337237813,0.5851340201336235,-0.7155890927065297,0.7702895937562418,-0.6702285879487584,0.2939453125,1.0,1.0,0.3154165865258615,0.2978515625,-0.7021484375,-0.01756502402586152,-0.7021484375,0.00390625
tianyan-287__qaoa_0177,qaoa,1024,1024,1024,True,True,0.8430816638373496,0.7877913594879847,0.6206152260839272,0.10592382386543567,0.09815023607825647,0.009633468842217479,0.849609375,0.7906703315721447,0.6251595732284052,0.173828125,0.14640736369934965,0.021435116145393646,0.844593121081619,0.7941609981646752,0.6306916910059133,0.10970805153356794,0.09815504480372983,0.009634412820422211,0.0510832543028784,0.05552172725318819,0.00308266219717742,0.8427232319101023,0.7901339784647525,0.624311703924538,-0.737157839971914,0.7919984095344712,-0.670764996081619,0.3203125,1.0,0.9999999999999999,0.31556875529735434,0.2998046875,-0.7001953124999999,-0.015764067797354342,-0.7001953125,-0.0205078125
tianyan-287__qaoa_0178,qaoa,1024,1024,1024,True,True,0.7684747064102029,0.7389324151477037,0.5460211141560183,0.10673061688157143,0.09630293503699834,0.009274255296740324,0.767578125,0.7411535567202966,0.5493085946391459,0.1455078125,0.13341600523525574,0.017799830452933787,0.7977715814102029,0.7727721418363488,0.597176783198338,0.1242561429279762,0.10790971390876991,0.011644506355872572,0.045184834189373975,0.04117635278505878,0.001695492028679618,0.7786730383510072,0.7463048074755825,0.5569708656611662,-0.6617440895286315,0.7232898722208289,-0.6522637689102029,0.3037109375,1.0,0.9999999999999999,0.31552969086676025,0.34375,-0.6562499999999999,0.02822030913323975,-0.65625,0.0400390625
tianyan-287__qaoa_0179,qaoa,1024,1024,1024,True,True,0.7762304374430893,0.7411320582531143,0.5492767277704977,0.10155101096193128,0.08642169868740208,0.007468710004016116,0.771484375,0.7418809341356407,0.5503873204339709,0.1591796875,0.14456034048459554,0.020897692041022195,0.8021692417759657,0.770800431653835,0.5941333054377385,0.11840490058931989,0.11061286358057153,0.012235205589494126,0.04357887519300721,0.05551661146982509,0.003082094149091515,0.7820005118081429,0.7500459715178013,0.5625689593900824,-0.674679426481158,0.7326515622500821,-0.6429895542759657,0.3173828125,1.0,1.0,0.3156127623614224,0.32421875,-0.67578125,0.008605987638577617,-0.67578125,0.0068359375
tianyan-287__qaoa_0180,qaoa,1024,1024,1024,True,True,0.7265625,0.6944037941208278,0.482196629289401,0.09931653366919128,0.09819948759932269,0.00964313936476953,0.7265625,0.6940853481048654,0.4817544704538523,0.2841796875,0.25680145786985853,0.06594698876408472,0.8564453125,0.7920567792115588,0.627353941494988,0.25604969382463383,0.21651182130136018,0.04687736876323212,0.038669578889554856,0.03332593606898854,0.001110618014874311,0.7293421942552862,0.6934571512720914,0.48088282065040433,-0.6272459663308088,0.6878929211104452,-0.572265625,0.3212890625,1.0,1.0,0.38577978203327407,0.380859375,-0.619140625,-0.004920407033274066,-0.619140625,0.0595703125
tianyan-287__qaoa_0181,qaoa,1024,1024,1024,True,True,0.736328125,0.6987618027814109,0.48826805702632736,0.09131611966675739,0.09142544123774879,0.008358611305517058,0.736328125,0.6983784061925199,0.48773239823600434,0.255859375,0.22590992080543107,0.05103529231831613,0.8310546875,0.7718116484715594,0.5956932207163859,0.24286316684104428,0.20865501532001052,0.04353691541819382,0.031373905359135056,0.02488158237838251,0.000619093141652235,0.7293421947413856,0.6934571515547945,0.48088282104248925,-0.6450120053332427,0.7049542196408649,-0.5751953125,0.361328125,1.0,1.0,0.3857797819836439,0.380859375,-0.619140625,-0.004920406983643877,-0.619140625,0.01953125
tianyan-287__qaoa_0182,qaoa,1024,1024,1024,True,True,0.7333984375,0.6967919624745895,0.4855190389691898,0.0932904323626158,0.08726157696305918,0.0076145828140799,0.7333984375,0.6965902290032998,0.4852379471428696,0.22265625,0.2071748530694765,0.042921419744359174,0.857421875,0.794953301347296,0.6319507513229649,0.2451802932699094,0.20470065180571106,0.041902356849682965,0.019407344731032863,0.016823876275554057,0.0002830428129351506,0.7293421948429821,0.6934571516138806,0.48088282112443653,-0.6401080051373842,0.7139910927689671,-0.634765625,0.3232421875,1.0,1.0,0.38577978197327095,0.3994140625,-0.6005859375,0.013634280526729048,-0.6005859375,0.076171875
tianyan-287__qaoa_0183,qaoa,1024,1024,1024,True,True,0.720703125,0.6878991776504324,0.47320527861214123,0.0906849350306208,0.08647166559782679,0.007477348951262381,0.720703125,0.6882716857968058,0.4737179134695769,0.2724609375,0.2363200174520622,0.05584715064854298,0.8623046875,0.7984029047838108,0.637447198367227,0.26734609483377547,0.2278817741278861,0.051930102979672904,0.029501707476401778,0.024493081531743767,0.0005999110429206477,0.7293421946833578,0.693457151521047,0.4808828209956844,-0.6300181899693792,0.6912014175235982,-0.58984375,0.31640625,1.0,1.0,0.38577978198956847,0.390625,-0.609375,0.004845218010431529,-0.609375,0.07421875
tianyan-287__qaoa_0184,qaoa,1024,1024,1024,True,True,0.74609375,0.7059559292420925,0.4983737740320663,0.10048268511197832,0.08943301394604396,0.007998263983473293,0.74609375,0.706750966564371,0.4994969287396726,0.2724609375,0.23808661551220364,0.05668523648605589,0.865234375,0.8040473409982898,0.6464921265664201,0.279911541541986,0.23925943881642556,0.05724507906275088,0.02727693680379219,0.02009013872927949,0.0004036136741616958,0.729342194385163,0.6934571513476244,0.48088282075516203,-0.6456110648880217,0.7188168131962078,-0.5927734375,0.30078125,1.0,1.0,0.3857797820200138,0.3623046875,-0.6376953125,-0.023475094520013784,-0.6376953125,0.0615234375
tianyan-287__qaoa_0185,qaoa,1024,1024,1024,True,True,0.7972227894275492,0.7561456056604838,0.57175617695966,0.09389510447424772,0.08283295783196565,0.0068612989031922,0.8056640625,0.7614616580489248,0.5798238566786178,0.1494140625,0.14565384132612916,0.02121504149305721,0.8359780709510316,0.7960149011457452,0.6336397228460706,0.17527834369680162,0.14880888665579742,0.022144084747737963,0.03642637891826821,0.049763588715585054,0.0024764147618539043,0.7784656210962626,0.7465751556281294,0.5573744630011657,-0.7033276849533014,0.760796410509281,-0.6865640084510316,0.314453125,1.0,1.0,0.32594273712580213,0.3271484375,-0.6728515625,0.0012057003741978711,-0.6728515625,0.0126953125
tianyan-287__qaoa_0186,qaoa,1024,1024,1024,True,True,0.7479600386861773,0.7246259965858376,0.5250828349280183,0.09769143079285136,0.08939765090221236,0.00799193998683383,0.7431640625,0.7232382295966423,0.5230735367500855,0.1953125,0.18586388939860654,0.03454538538237745,0.7815237894505671,0.7694638675436981,0.5920746434553058,0.14728648498118824,0.1402547407675522,0.019671392307773268,0.037169088621900534,0.04913798206662661,0.0024145412815801182,0.7417345055384614,0.7209714020855056,0.5197997626251398,-0.650268607893326,0.7107909500642768,-0.5862112894505671,0.310546875,1.0,1.0,0.3257359987498979,0.3125,-0.6875,-0.013235998749897893,-0.6875,0.001953125
tianyan-287__qaoa_0187,qaoa,1024,1024,1024,True,True,0.8221627311702173,0.7586005099491717,0.5754747336951435,0.10168435944119789,0.09452125459374776,0.008934267569976083,0.8232421875,0.7600250252685872,0.5776380390345166,0.203125,0.18347360416235362,0.03366256342432403,0.8748971061702173,0.8119052336774808,0.6591901084728847,0.2087605961105662,0.18179201436281364,0.033048336486089444,0.05953044924692483,0.05440737449181756,0.00296016239909288,0.8138759427291885,0.7523980787687767,0.5661028689349463,-0.7204783717290194,0.7626322819232925,-0.6717721061702173,0.3056640625,1.0,1.0,0.326408919763626,0.31640625,-0.68359375,-0.010002669763626015,-0.68359375,0.0107421875
tianyan-287__qaoa_0188,qaoa,1024,1024,1024,True,True,0.7913979938936937,0.7572335503830351,0.5734026498256966,0.11413960021916547,0.10012441696069539,0.010024898871719187,0.7880859375,0.7541678306303978,0.5687691167577604,0.2373046875,0.20120041513449965,0.040481607050295,0.8396690053882044,0.8006506607936967,0.6410414806293832,0.19776209588931454,0.1703744291359138,0.02902744610338852,0.044485634103731506,0.04788770335506208,0.002293232132622424,0.7771935105002827,0.7441849300211528,0.5538112100705881,-0.6772583936745282,0.7469123597899622,-0.6023643178882044,0.2783203125,1.0,1.0,0.32581030818911505,0.3095703125,-0.6904296875,-0.01623999568911505,-0.6904296875,0.03125
tianyan-287__qaoa_0189,qaoa,1024,1024,1024,True,True,0.7389497487715466,0.7231937345252214,0.5230091776565364,0.12360573586919167,0.11007941268360423,0.012117477096767247,0.736328125,0.7233186036998976,0.5231898024583697,0.20703125,0.1825764837892344,0.03333417243284058,0.7799937488069806,0.7617170644655502,0.5802128862980152,0.16794501858722588,0.14335331063273601,0.020550171669365708,0.03163115205962169,0.044472071650827866,0.0019777651569163673,0.7349877404285405,0.7177232466382885,0.5151266587650055,-0.615344012902355,0.7073185967119249,-0.5729624988069806,0.3095703125,1.0,1.0,0.32488552480839605,0.3369140625,-0.6630859375,0.012028537691603947,-0.6630859375,0.02734375
tianyan-287__qaoa_0190,qaoa,1024,1024,1024,True,True,0.7700998717653502,0.7352846244310075,0.5406434789246477,0.09092303261304699,0.08079361605642156,0.00652760839547246,0.767578125,0.7379762516474115,0.5446089479955637,0.15625,0.13562353825146745,0.01839374412784725,0.7700998717653502,0.7379420050657018,0.5445584028403883,0.12174512125447776,0.10584311465263196,0.011202764919370195,0.030240620629795885,0.03701330062073446,0.0013699844228408622,0.7663707358201854,0.7314450358089961,0.5350118404096237,-0.6791768391523032,0.7398592511355543,-0.6138498717653502,0.3076171875,1.0,0.9999999999999998,0.3153031001068787,0.31640625,-0.6835937499999998,0.0011031498931213246,-0.68359375,0.0087890625
tianyan-287__qaoa_0191,qaoa,1024,1024,1024,True,True,0.8000474332536429,0.7471158575507136,0.5581821046037383,0.10347797290897753,0.09510184354144895,0.009044360644982234,0.7998046875,0.7481035952130385,0.5596589891706738,0.193359375,0.16680847092584367,0.02782506597261803,0.8138653633564172,0.7650134428366181,0.5852455677207355,0.1529965056171999,0.12846220821900572,0.01650253894050318,0.03233211526653665,0.03810214735060224,0.0014517736327270053,0.7889452652186286,0.7412582164237446,0.5494637434157109,-0.6965694603446654,0.7677153179871062,-0.6205059883564172,0.30859375,1.0,1.0,0.3155967296407561,0.3115234375,-0.6884765625,-0.00407329214075608,-0.6884765625,0.0029296875
tianyan-287__qaoa_0192,qaoa,1024,1024,1024,True,True,0.8322745882346678,0.7756781338693597,0.6016765673630523,0.10788185017479215,0.09253481680297455,0.008562692320760061,0.8447265625,0.7826245026627756,0.6125011121681568,0.146484375,0.1307109913824386,0.017085363268179943,0.8490535132516688,0.7953247402457093,0.6325414424469049,0.10257481383974013,0.09250082345752773,0.008556402340320712,0.02222427939296025,0.03728604385634788,0.0013902490664574976,0.8426699314884957,0.7838810664458007,0.6144695263322059,-0.7243927380598757,0.8100503088417076,-0.7025691382516688,0.3193359375,1.0,1.0,0.31551514518665497,0.3056640625,-0.6943359375,-0.009851082686654966,-0.6943359375,-0.013671875
tianyan-287__qaoa_0193,qaoa,1024,1024,1024,True,True,0.8045113670147214,0.7587959309197243,0.575771264780331,0.11827771563104977,0.10440019519873336,0.01089940075753363,0.8046875,0.7626052973301256,0.5815668395159693,0.1552734375,0.14571318873670688,0.021232333371819165,0.7919044665326811,0.7712062504705496,0.5947590807648441,0.11608130722921137,0.10184397506212071,0.010372195256453866,0.02054888189851411,0.03444028174418181,0.001186133006618623,0.7902979327320448,0.7599962624718417,0.5775943189711685,-0.6862336513836715,0.7839624851162073,-0.6366310290326811,0.318359375,1.0,1.0,0.3154010708864138,0.333984375,-0.666015625,0.01858330411358622,-0.666015625,0.015625
tianyan-287__qaoa_0194,qaoa,1024,1024,1024,True,True,0.7866123742465804,0.7671232403901523,0.5884780659466875,0.08742122093363243,0.07728330615131207,0.0059727094096774305,0.7890625,0.7782872650405682,0.6057310669243277,0.1572265625,0.13577185736522915,0.01843399725240413,0.8092260585805752,0.7868423642495577,0.6191209061778337,0.13566295676528028,0.11538007061904546,0.013312560696055915,0.03041808103463168,0.05864908710179853,0.003439715417874351,0.7854760952665905,0.7601439872223706,0.5778188813103236,-0.6991911533129479,0.7561942932119486,-0.6519994960805752,0.3134765625,1.0,1.0,0.31548940040407025,0.310546875,-0.689453125,-0.004942525404070253,-0.689453125,-0.0029296875
tianyan-287__qaoa_0195,qaoa,1024,1024,1024,True,True,0.716796875,0.6852249601950718,0.46953324607433783,0.08186224670738851,0.08726445035968108,0.007615084296577243,0.716796875,0.6856217232294424,0.4700771473641101,0.3134765625,0.27087642827352887,0.07337403939422424,0.876953125,0.809928395322006,0.6559840055488797,0.2777625435423402,0.2354025521702868,0.055414361568284595,0.016299627454339518,0.015934252078731413,0.0002539003893085564,0.7290114502964147,0.6932686824167743,0.4806214660198903,-0.6349346282926115,0.7004972475456605,-0.5634765625,0.2958984375,1.0,1.0,0.38581339104821044,0.3896484375,-0.6103515625,0.003835046451789559,-0.6103515625,0.09375
tianyan-287__qaoa_0196,qaoa,1024,1024,1024,True,True,0.736328125,0.6995858222775874,0.489420322731808,0.09605100341528834,0.09850324245332027,0.009702888773817597,0.736328125,0.6997901433141518,0.4897062446796411,0.2802734375,0.23686548546658964,0.05610525820532319,0.8388671875,0.7790564272356231,0.6069289168171337,0.2656463343765791,0.22508097096265195,0.05066144348949017,0.014484879619276959,0.012808604924583362,0.00016406036011406118,0.7290114499288686,0.69326868221167,0.48062146573550557,-0.6402771215847116,0.7218432453807231,-0.55859375,0.353515625,1.0,1.0,0.3858133910853811,0.3837890625,-0.6162109375,-0.0020243285853810966,-0.6162109375,0.0302734375
tianyan-287__qaoa_0197,qaoa,1024,1024,1024,True,True,0.7265625,0.6915642403303468,0.47826109850368964,0.07595350204951926,0.07184717004822255,0.005162015843938208,0.7265625,0.6918289399837376,0.478627282199022,0.3173828125,0.2735605882885998,0.0748353954648048,0.8828125,0.8187455030663964,0.6703441987914465,0.293654355264397,0.25499076454544467,0.0650202900034704,0.01962980665189201,0.01619418591494883,0.00026225165744792707,0.7290114496545494,0.6932686820585898,0.4806214655232541,-0.6506089979504808,0.706932693348108,-0.5654296875,0.310546875,1.0,1.0,0.3858133911131234,0.3955078125,-0.6044921875,0.009694421386876595,-0.6044921875,0.0849609375
tianyan-287__qaoa_0198,qaoa,1024,1024,1024,True,True,0.7216796875,0.6887813645689804,0.4744197681775067,0.07999408606183644,0.07406439058340662,0.005485533952491411,0.7216796875,0.6893585336044753,0.47521518785331257,0.2919921875,0.24089948056603944,0.05803255973698761,0.8701171875,0.8036659229729466,0.6458789157479582,0.29132936443728763,0.2349949722528065,0.05522263698409729,0.02704781064373967,0.022600856799153978,0.0005107987280558645,0.7290114501152254,0.693268682315664,0.48062146587969706,-0.6416856014381636,0.6946318768562604,-0.578125,0.318359375,1.0,0.9999999999999999,0.3858133910665344,0.392578125,-0.6074218749999999,0.006764733933465605,-0.607421875,0.07421875
tianyan-287__qaoa_0199,qaoa,1024,1024,1024,True,True,0.7490234375,0.7097341923323611,0.5037226237656689,0.09382622526935196,0.08162709766037463,0.006662983072456338,0.7490234375,0.7100228781591544,0.5041324875094094,0.2744140625,0.23021380427686486,0.052998395679626636,0.8359375,0.7783393641480223,0.6058121657823476,0.2806027539491433,0.23339315750619935,0.054472365970713574,0.021013122025865114,0.019711012442312395,0.00038852401150099407,0.7290114500559032,0.69326868228256,0.48062146583379717,-0.6551972122306481,0.7280103154741349,-0.5615234375,0.33984375,1.0,1.0,0.38581339107253365,0.400390625,-0.599609375,0.014577233927466349,-0.599609375,0.060546875
tianyan-287__qaoa_0200,qaoa,1024,1024,1024,True,True,0.7463218617542373,0.7310621586488492,0.5344518798083151,0.10689740311979812,0.09375586321342862,0.008790161886895138,0.744140625,0.7336782378318553,0.5382837566680564,0.2001953125,0.17437331195397018,0.030406051921796604,0.7982434536410636,0.7819391443284429,0.6114288254330975,0.17301627550371862,0.15479063747327557,0.02396014144938302,0.04774025556443475,0.04621695158409947,0.0021360066137269943,0.7499388693503544,0.7264441722107255,0.5277211353389263,-0.6394244586344392,0.6985816061898026,-0.5980481411410636,0.298828125,1.0,0.9999999999999999,0.3261693203634081,0.3388671875,-0.6611328124999999,0.012697867136591878,-0.6611328125,0.0400390625
tianyan-287__qaoa_0201,qaoa,1024,1024,1024,True,True,0.7788826693305573,0.7494967617191695,0.5617453958275215,0.0933708674019422,0.08278923465898065,0.006854057375419762,0.7841796875,0.7522216860688528,0.5658374649922677,0.205078125,0.1778054361608944,0.03161477312836589,0.8228633714892312,0.8009207920086716,0.6414741150717977,0.181896576425998,0.16546642424852526,0.027379137553592947,0.034679968100112,0.0467544219443406,0.002185975971349438,0.7756399496073573,0.7432316921652403,0.5523933482388066,-0.685511801928615,0.7442027012304453,-0.6177852464892312,0.2802734375,1.0,0.9999999999999999,0.32580130474674934,0.3232421875,-0.6767578124999999,-0.002559117246749343,-0.6767578125,0.04296875
tianyan-287__qaoa_0202,qaoa,1024,1024,1024,True,True,0.8051243796479445,0.7495846860474694,0.5618772015568834,0.10154979468639273,0.09248063418993495,0.008552667700172564,0.79296875,0.7468919043805672,0.5578475168292303,0.22265625,0.19157297542824975,0.03670020491443278,0.8861790671479445,0.8258934037448675,0.6820999143492827,0.20778553610886283,0.17708171081899518,0.03135793230658223,0.0335856031622241,0.04447076594313331,0.0019776490235689456,0.8176058720674421,0.7557391289714612,0.5711416310585429,-0.7035745849615518,0.7715387764857203,-0.6635228171479445,0.302734375,1.0,1.0,0.326234190266042,0.34765625,-0.65234375,0.021422059733958,-0.65234375,0.044921875
tianyan-287__qaoa_0203,qaoa,1024,1024,1024,True,True,0.7719208979720956,0.7449700989308076,0.5549804483009773,0.09682160502044626,0.08717287869140665,0.007599110779346699,0.771484375,0.7476961947213142,0.5590495996007334,0.1826171875,0.1747237063637511,0.030528373565486315,0.8233773544045716,0.7967579818697199,0.6348232816731089,0.17614685100281727,0.1589655190081784,0.025270036233539527,0.03881708122417822,0.041580460461009355,0.0017289346921495626,0.7748331628696514,0.7427408138762496,0.5516639165975535,-0.6750992929516494,0.7331038167479174,-0.6407601669045716,0.2978515625,1.0,0.9999999999999998,0.32584508771035803,0.322265625,-0.6777343749999998,-0.003579462710358028,-0.677734375,0.0244140625
tianyan-287__qaoa_0204,qaoa,1024,1024,1024,True,True,0.7558456459770091,0.7242985847163755,0.5246084398221446,0.10399628303062453,0.09589803230619574,0.009196432600200163,0.7578125,0.7235432429605861,0.5235148244339218,0.1865234375,0.16404112991038675,0.026909492302276378,0.793427788655594,0.7571314244704948,0.5732479939207205,0.14827427282567643,0.13175015006138185,0.017358102041196637,0.04107252492887298,0.04992871452472244,0.0024928765340912293,0.7478557616480458,0.7240485077239336,0.5242462415372551,-0.6518493629463846,0.7147731210481361,-0.606904351155594,0.3056640625,1.0,1.0,0.325507148449415,0.318359375,-0.681640625,-0.007147773449414974,-0.681640625,0.0126953125
tianyan-287__qaoa_0205,qaoa,1024,1024,1024,True,True,0.7528018575617373,0.7255410478622433,0.526409812133042,0.10678819034511985,0.09393336076582896,0.008823476264763376,0.7529296875,0.7259561532255677,0.527012336406064,0.142578125,0.13449160926575543,0.01808799296289263,0.770351131842202,0.7352312013342727,0.5405649194154377,0.09002205885198931,0.08453244338184537,0.007145733984104894,0.03450309770574353,0.03443180927447226,0.001185549489913634,0.7608932139566631,0.7279810910299194,0.5299564688971117,-0.6460136672166175,0.7182987598559938,-0.627773006842202,0.3017578125,1.0,1.0,0.31527305667955635,0.3212890625,-0.6787109375,0.006016005820443648,-0.6787109375,0.01953125
tianyan-287__qaoa_0206,qaoa,1024,1024,1024,True,True,0.7817519636649114,0.7396607336295072,0.5470980008733409,0.09609362173980465,0.0919482461609347,0.00845447997207184,0.7822265625,0.7441780690601126,0.5538009984700378,0.18359375,0.15531981930879135,0.0241242462701156,0.8081853712464344,0.766187055788697,0.5870426044581518,0.13337130572098405,0.11184657662633063,0.01250965670302965,0.043808971626773746,0.04905684203453753,0.002406573750401568,0.7778760654471434,0.7372328112382354,0.5435122179662315,-0.6856583419251068,0.7379429920381376,-0.6245916212464344,0.3046875,1.0,1.0,0.3155975812477131,0.2958984375,-0.7041015625,-0.019699143747713088,-0.7041015625,-0.0087890625
tianyan-287__qaoa_0207,qaoa,1024,1024,1024,True,True,0.837046320790853,0.7924871541130174,0.6280358894341493,0.11029887726328763,0.09913044361949223,0.009826844852197328,0.8369140625,0.7967879532755563,0.6348710424850501,0.1396484375,0.13602550891663368,0.018502939076029186,0.8433918356446388,0.8055499130503228,0.6489106624153825,0.10926290982266817,0.09829360056590414,0.00966163191220951,0.03275606522408541,0.047815191384556206,0.002286292527141738,0.8241427738552167,0.7815643320219955,0.610842805088988,-0.7267474435275654,0.8042902555667676,-0.7037433981446388,0.2744140625,1.0,1.0,0.31585543589625625,0.2880859375,-0.7119140625,-0.027769498396256254,-0.7119140625,0.013671875
tianyan-287__qaoa_0208,qaoa,1024,1024,1024,True,True,0.761025201610997,0.7468289911617301,0.5577535420396476,0.1172138483964457,0.10091060822922054,0.010182950853191233,0.7666015625,0.7481299063848665,0.5596983568274292,0.1787109375,0.14929858439689964,0.02229006730291816,0.777768481494314,0.7548049222054545,0.5697304705855821,0.1175338798975551,0.10110399207918651,0.01022201721434821,0.040239733408133554,0.03880915498746525,0.0015061505108410985,0.7552291356048162,0.7407604964925293,0.5487261131638586,-0.6438113532145513,0.7207854682028634,-0.599057543994314,0.3095703125,1.0,1.0,0.31538294353707863,0.3076171875,-0.6923828125,-0.0077657560370786305,-0.6923828125,-0.001953125
tianyan-287__qaoa_0209,qaoa,1024,1024,1024,True,True,0.7903685643780382,0.7608458151180574,0.5788863543826612,0.0857891934315716,0.0793860476797638,0.006302144566213731,0.7978515625,0.7656461689235537,0.586214055987315,0.1396484375,0.1262864329117363,0.015948263137570473,0.8016394553991404,0.77257383615993,0.5968703323188704,0.10098225836375326,0.09210362986527117,0.00848307863435887,0.03389816870111882,0.055893522442323554,0.0031240858510105268,0.7856385512188666,0.7567406069095762,0.5726563461458738,-0.7045793709464665,0.7564703956769193,-0.6619910178991404,0.310546875,1.0,1.0,0.31553321398612877,0.3017578125,-0.6982421875,-0.013775401486128769,-0.6982421875,-0.0087890625
tianyan-287__qaoa_0210,qaoa,1024,1024,1024,True,True,0.74609375,0.7063289612923545,0.49890060156033633,0.09286754863869173,0.08217449355709532,0.006752647391365099,0.74609375,0.7064424636429842,0.49906095443796916,0.3056640625,0.256687900426706,0.06588867822547052,0.876953125,0.8151102485885515,0.6644047173540903,0.2837666613122257,0.2434694666487394,0.05927738119022163,0.01865832867761148,0.016974525873144842,0.00028813452861806366,0.726761595720538,0.6922015055233303,0.479142924248765,-0.6532262013613083,0.7274354213223885,-0.5712890625,0.3095703125,1.0,1.0,0.3860332595453941,0.361328125,-0.638671875,-0.02470513454539408,-0.638671875,0.0517578125
tianyan-287__qaoa_0211,qaoa,1024,1024,1024,True,True,0.734375,0.6991481916697952,0.4888081939151448,0.11346276878251624,0.10684832775513226,0.011416565144068167,0.734375,0.6998936144171248,0.4898510715018671,0.2421875,0.22084335103972175,0.048771785698453765,0.828125,0.769570621911663,0.5922389421095038,0.22983360871744246,0.19413539772319846,0.03768855264914445,0.04431231798000408,0.039871703661984836,0.0015897527529091348,0.72676159577726,0.6922015055452877,0.47914292427916294,-0.6209122312174837,0.6900626820199959,-0.5859375,0.33984375,1.0,1.0,0.3860332595400493,0.3857421875,-0.6142578125,-0.00029107204004930054,-0.6142578125,0.0458984375
tianyan-287__qaoa_0212,qaoa,1024,1024,1024,True,True,0.701171875,0.6763065890103253,0.45739060233878104,0.09468457488026341,0.08978529396525907,0.008061399012427988,0.701171875,0.6756936248988911,0.4565618747290033,0.3037109375,0.26695548845784894,0.07126523281776871,0.8681640625,0.810051858607394,0.6561840136332935,0.2901587694362156,0.24470065310443212,0.05987840962973562,0.040160529358059915,0.03182717374525125,0.0010129689886104105,0.7267615955276017,0.692201505448643,0.47914292414536774,-0.6064873001197366,0.6610113456419401,-0.564453125,0.30078125,1.0,1.0,0.3860332595635745,0.419921875,-0.580078125,0.03388861543642552,-0.580078125,0.119140625
tianyan-287__qaoa_0213,qaoa,1024,1024,1024,True,True,0.728515625,0.6924895083833716,0.4795417192210437,0.08696920120743373,0.07863915729543682,0.006184117060136454,0.728515625,0.6931831942276675,0.4805029407596722,0.2958984375,0.24864559431439592,0.06182463157195915,0.8505859375,0.7952090368012389,0.632357412210354,0.27983947236155027,0.233970188592976,0.05474204915023276,0.03331670808655756,0.03161785258895093,0.000999688602336631,0.7267615955837601,0.6922015054703825,0.479142924175464,-0.6415464237925663,0.6951989169134425,-0.5546875,0.3271484375,1.0,0.9999999999999999,0.38603325955828277,0.3837890625,-0.6162109374999999,-0.002244197058282771,-0.6162109375,0.056640625
tianyan-287__qaoa_0214,qaoa,1024,1024,1024,True,True,0.75,0.7093894146151486,0.5032333415680231,0.09874360669623417,0.0934085250122579,0.008725152544965609,0.75,0.7091143251102602,0.5028431260765798,0.2939453125,0.2579933716580907,0.06656057981950973,0.869140625,0.8076571691228122,0.6523101028354747,0.29096723063503527,0.24276732986711316,0.05893597645080774,0.02681979196693075,0.021818131068486627,0.0004760308433216614,0.7267615955274602,0.6922015054485884,0.47914292414529214,-0.6512563933037658,0.7231802080330693,-0.5751953125,0.3369140625,1.0,1.0,0.38603325956358786,0.3564453125,-0.6435546875,-0.02958794706358786,-0.6435546875,0.01953125
tianyan-287__qaoa_0215,qaoa,1024,1024,1024,True,True,0.7535058177622644,0.7286827290840844,0.5309785196654291,0.10647624639031876,0.09318764081595458,0.008683936400843365,0.7646484375,0.7322303278538549,0.5361612530289639,0.15625,0.1406624982528202,0.019785938414724646,0.7701073802622644,0.7516406433464304,0.5649636567302359,0.13080380068674805,0.11943050592851737,0.014263645746341622,0.05225655906432826,0.05334730516998722,0.0028459349688997456,0.7437925490199437,0.7196277482904746,0.5178640961096187,-0.6470295713719457,0.7012492586979362,-0.6138573802622644,0.3115234375,1.0,0.9999999999999999,0.3264257396758555,0.328125,-0.6718749999999999,0.0016992603241445248,-0.671875,0.0166015625
tianyan-287__qaoa_0216,qaoa,1024,1024,1024,True,True,0.7598795250098609,0.7293976685208087,0.5320209588435915,0.09084963165174854,0.08662991472997729,0.007504742126123136,0.767578125,0.7288473263025036,0.5312184250583081,0.1787109375,0.16223687191938688,0.026320802610187544,0.7805632158205409,0.7644106602436791,0.5843236574941774,0.1363711292330513,0.12294233578192502,0.015114817927515603,0.043676466491884315,0.044958979947310296,0.0020213098779026492,0.7470299831810283,0.7283086995577478,0.5304335618514977,-0.6690298933581124,0.7162030585179766,-0.6018522783205409,0.3154296875,1.0,1.0,0.32603627514225875,0.3203125,-0.6796875,-0.005723775142258747,-0.6796875,0.0048828125
tianyan-287__qaoa_0217,qaoa,1024,1024,1024,True,True,0.7899466704432284,0.7396921299732151,0.5471444471443118,0.0983628034307148,0.09275734700536566,0.008603925423473817,0.7919921875,0.7431478953928197,0.5522687944267772,0.22265625,0.1897343299712239,0.035999115969629264,0.8728600260898675,0.8075393265162697,0.6521197638703504,0.19640942640058018,0.16597430933594914,0.027547471359545335,0.02177394300900616,0.03035735711477596,0.0009215691309940387,0.8066500445248739,0.7484115199030128,0.5601198031235377,-0.6915838670125136,0.7681727274342223,-0.6502037760898675,0.3056640625,1.0,1.0,0.32661349985919164,0.3349609375,-0.6650390625,0.008347437640808364,-0.6650390625,0.029296875
tianyan-287__qaoa_0218,qaoa,1024,1024,1024,True,True,0.7361818073169419,0.7194361741825892,0.5175884087224809,0.09682610255401944,0.09009343294168928,0.008116826659218665,0.74609375,0.7244277925141551,0.5247956265669318,0.1630859375,0.15295563737349524,0.023395427004332173,0.7873639122156537,0.7747801274894394,0.6002842459525519,0.14683584788400916,0.1359575513361886,0.018484455765332353,0.03249966134633553,0.04892351867355024,0.002393510679401219,0.7469884733351586,0.7282790307735014,0.5303903466643907,-0.6393557047629225,0.7036821459706064,-0.6242779747156537,0.3037109375,1.0,1.0,0.32603367970063235,0.330078125,-0.669921875,0.004044445299367649,-0.669921875,0.0263671875
tianyan-287__qaoa_0219,qaoa,1024,1024,1024,True,True,0.7502607998794688,0.721925724935595,0.5211767523237845,0.09218491506194948,0.08603532007759306,0.0074020763008538866,0.75,0.7211340521468744,0.520034321165771,0.193359375,0.15846863221844726,0.0251123073971855,0.781504548802173,0.7576305783559669,0.5740040932599969,0.13860909868071233,0.12062948906520375,0.014551473632132111,0.04052614325605307,0.048341344743467206,0.0023368856116067448,0.7461786567952357,0.7251092843381733,0.525783474233418,-0.6580758848175193,0.7097346566234157,-0.588145173802173,0.2919921875,1.0,1.0000000000000002,0.3261190527518276,0.3115234375,-0.6884765625000002,-0.01459561525182762,-0.6884765625,0.01953125
tianyan-287__qaoa_0220,qaoa,1024,1024,1024,True,True,0.8052252212811075,0.7529803593326867,0.566979421540782,0.08946408399188752,0.08372879825507636,0.007010511657239277,0.7998046875,0.75238483882162,0.5660829456886352,0.1357421875,0.11887520746836101,0.014131314950645874,0.8222772494376389,0.7635734221753927,0.5830443710526405,0.10220359005099364,0.08977990889745871,0.008060432041635986,0.037416990890378816,0.0507304886444134,0.002573582478100957,0.8131312730774958,0.7555529197071744,0.5708602144780359,-0.71576113728922,0.7678082303907287,-0.6865350619376389,0.3115234375,1.0,1.0,0.3153452359997282,0.3193359375,-0.6806640625,0.003990701500271809,-0.6806640625,0.0078125
tianyan-287__qaoa_0221,qaoa,1024,1024,1024,True,True,0.8400638975396758,0.7716369973234282,0.5954236556383162,0.09750382468319685,0.0873354768946712,0.0076274855244196456,0.8369140625,0.7734367838632922,0.5982044586327929,0.1865234375,0.16110287539244234,0.025954136459712805,0.9015873350396758,0.8252154508159947,0.6809805402654454,0.15062695521332065,0.12712242387678876,0.016160110652309954,0.030911241669641504,0.03976845204124253,0.0015815297777566073,0.8558846365057227,0.7808138126007763,0.6096702099481602,-0.742560072856479,0.8091526558700343,-0.7150638975396758,0.2958984375,1.0,1.0,0.3150813328357487,0.3271484375,-0.6728515625,0.012067104664251316,-0.6728515625,0.03125
tianyan-287__qaoa_0222,qaoa,1024,1024,1024,True,True,0.8173464961252326,0.7778794234270762,0.6050963973912404,0.10440339060408506,0.09273554790429843,0.00859988184511043,0.8271484375,0.7842383979459912,0.6150298648128948,0.154296875,0.13492733593377607,0.01820538598218606,0.8331125319695021,0.8014263638197087,0.64228421662528,0.10518207605357682,0.09533750234631341,0.009089239353633316,0.03965175982880209,0.05651694867435771,0.0031941654874599844,0.8179567868572211,0.7815328679361492,0.6107936236645024,-0.7129431055211475,0.7776947362964305,-0.6788156569695021,0.2900390625,1.0,0.9999999999999999,0.31585704903730516,0.306640625,-0.6933593749999999,-0.00921642403730516,-0.693359375,0.0166015625
tianyan-287__qaoa_0223,qaoa,1024,1024,1024,True,True,0.7948609774175484,0.7510817821043402,0.5641238434090315,0.08564909539270979,0.07828529642199633,0.006128587635879831,0.7890625,0.7509672941379806,0.5639518768649203,0.142578125,0.1308670638249806,0.017126188394171543,0.8184080148640882,0.7763710922472586,0.6027520728772013,0.11156584101576979,0.09535703709471825,0.009092964523483474,0.02875586506988837,0.041550992936304834,0.0017264850139928544,0.79488342899562,0.7562110444693707,0.5718551437774565,-0.7092118820248385,0.76610511234766,-0.6758298898640882,0.298828125,1.0,0.9999999999999999,0.3154974726295959,0.3291015625,-0.6708984374999999,0.013604089870404124,-0.6708984375,0.0302734375
tianyan-287__qaoa_0224,qaoa,1024,1024,1024,True,True,0.7556750048535117,0.7217455280600367,0.5209166072746612,0.10484585522531059,0.09474707405237848,0.008977008041486892,0.755859375,0.7218462081887059,0.5210619482764126,0.1669921875,0.14626344317179524,0.021392994808468978,0.8103625048535117,0.7697135244906103,0.5924589097837573,0.12181748719457981,0.10644197467819697,0.011329893973393923,0.02736044334623821,0.039558284049408664,0.0015648578369336997,0.7857505865216105,0.7484388336197538,0.5601606876700976,-0.650829149628201,0.7283145615072735,-0.6433703173535117,0.3173828125,1.0,0.9999999999999999,0.315480452460132,0.3623046875,-0.6376953124999999,0.04682423503986799,-0.6376953125,0.044921875
tianyan-287__qaoa_0225,qaoa,1024,1024,1024,True,True,0.7333984375,0.6984008534128204,0.4877637520477559,0.10465834425133055,0.10561753336546234,0.011155063354204551,0.7333984375,0.6985744102549062,0.48800620666299,0.28125,0.2470824687993913,0.061049746388002174,0.853515625,0.7923564459600655,0.6278287374544661,0.26233907195417544,0.23037649569634988,0.05307332976933031,0.01726425358434324,0.027903763808201792,0.0007786200346639121,0.7364224322885493,0.6992704143470687,0.4889791123811212,-0.6287400932486694,0.7161341839156568,-0.572265625,0.3447265625,1.0,1.0,0.3849926284753505,0.3642578125,-0.6357421875,-0.020734815975350485,-0.6357421875,0.01953125
tianyan-287__qaoa_0226,qaoa,1024,1024,1024,True,True,0.740234375,0.7016504991029261,0.49231342289138524,0.10729052638303113,0.10268018691396699,0.0105432207846872,0.740234375,0.7018042645647876,0.49252922576132246,0.2626953125,0.22724539674204647,0.051640470340450106,0.8525390625,0.7902833339671609,0.6245477479462512,0.2372843223559604,0.20492047982657047,0.04199240305235187,0.037170855729880284,0.029829908343146368,0.0008898234317605133,0.7364224328243258,0.6992704149167579,0.4889791131778548,-0.6329438486169688,0.7030635192701197,-0.58984375,0.3193359375,1.0,1.0,0.3849926284116687,0.3779296875,-0.6220703125,-0.0070629409116687025,-0.6220703125,0.05859375
tianyan-287__qaoa_0227,qaoa,1024,1024,1024,True,True,0.7373046875,0.6998702683194504,0.48981839247753955,0.0954701125708924,0.09699026074259949,0.009407110678917436,0.7373046875,0.7005978899921237,0.49083740346141586,0.29296875,0.2653588070476987,0.0704152964777778,0.892578125,0.8305721107330686,0.6898500311275848,0.27482926953926484,0.2438476118549041,0.059461657807339974,0.02306500181140788,0.020576360689775884,0.00042338661923575424,0.7364224326982735,0.6992704147827268,0.4889791129904067,-0.6418345749291076,0.7142396856885921,-0.599609375,0.3310546875,1.0,1.0,0.38499262842665105,0.3876953125,-0.6123046875,0.0027026840733489488,-0.6123046875,0.056640625
tianyan-287__qaoa_0228,qaoa,1024,1024,1024,True,True,0.7236328125,0.6899762989837578,0.47606729315932395,0.0809342927277985,0.08087276999374597,0.006540404926461338,0.7236328125,0.6902951946037316,0.4765074556930037,0.267578125,0.22911546884643344,0.05249389806472102,0.869140625,0.8027573558964273,0.6444193724458233,0.2522273574926014,0.20745875763063573,0.043039136117646856,0.01939254959976249,0.021183579188547075,0.0004487440272374447,0.7364224318815304,0.6992704139142868,0.48897911177585796,-0.6426985197722015,0.7042402629002376,-0.6015625,0.3251953125,1.0,1.0,0.3849926285237282,0.3916015625,-0.6083984375,0.006608933976271825,-0.6083984375,0.06640625
tianyan-287__qaoa_0229,qaoa,1024,1024,1024,True,True,0.7363281249999999,0.6998328872944017,0.48976607013881873,0.08890001282659188,0.08477344593783084,0.0071865371361743285,0.736328125,0.7001397290214111,0.49019564015417494,0.271484375,0.2378423347823673,0.05656897621472769,0.8388671874999999,0.7816651313174031,0.6110003775174531,0.24918858794820514,0.2152769518259946,0.0463441659874916,0.04541223858610185,0.037529185034652766,0.001408439729365205,0.7364224333919249,0.6992704155202837,0.4889791140219102,-0.647428112173408,0.690915886413898,-0.5673828124999999,0.31640625,1.0,0.9999999999999999,0.3849926283442044,0.3857421875,-0.6142578124999999,0.0007495591557956094,-0.6142578125,0.0693359375
tianyan-287__qaoa_0230,qaoa,1024,1024,1024,True,True,0.8076209071194502,0.7484074973134721,0.5601137820350147,0.1009649487849047,0.09788469313530311,0.009581413150192456,0.8095703125,0.7535113115549192,0.5677792966412145,0.216796875,0.20543353306187911,0.042202936506286176,0.8964880946194502,0.8281216310792889,0.6857854358614219,0.17843169473465015,0.1616741431743699,0.026138528571166657,0.035464652403972736,0.05225081230539294,0.0027301473865734022,0.8326361626679102,0.7656495060950993,0.5862191661836695,-0.7066559583345455,0.7721562547154774,-0.6796912196194502,0.310546875,1.0,1.0,0.3267917932425942,0.3525390625,-0.6474609375,0.02574726925740578,-0.6474609375,0.0419921875
tianyan-287__qaoa_0231,qaoa,1024,1024,1024,True,True,0.80081159813136,0.7458508671868879,0.5562935160834327,0.11127361939837849,0.10509294053040966,0.01104452614932822,0.8037109375,0.7516062993696371,0.5649120292521206,0.259765625,0.22738209125356232,0.05170261542284334,0.8862857847173952,0.8226326079844632,0.6767244077193195,0.22977645882755768,0.19492647547245162,0.03799633084011229,0.035047005773374044,0.03717161413776308,0.001381728897606748,0.8013284095148681,0.7444653233414688,0.5542286176579176,-0.6895379787329816,0.765764592357986,-0.6265201597173952,0.2939453125,1.0,0.9999999999999998,0.326715441715401,0.3330078125,-0.6669921874999998,0.0062923707845989885,-0.6669921875,0.0390625
tianyan-287__qaoa_0232,qaoa,1024,1024,1024,True,True,0.7877437529382396,0.7351184956099825,0.5403992025878839,0.08629881587633617,0.09453735488301117,0.008937311468276397,0.7939453125,0.7397254449827726,0.547193733954961,0.2626953125,0.2318136163290309,0.053737552715543146,0.8576071393889334,0.8102294625238834,0.6564717819417409,0.24677168690404688,0.21016655732978928,0.04416998181985561,0.03419130620186595,0.03601587417172401,0.0012971431923534567,0.7902956290596015,0.7397631557977088,0.5472495266757852,-0.7014449370619035,0.7535524467363737,-0.5949118268889334,0.3046875,1.0,0.9999999999999999,0.3267564358823836,0.3310546875,-0.6689453124999999,0.004298251617616378,-0.6689453125,0.0263671875
tianyan-287__qaoa_0233,qaoa,1024,1024,1024,True,True,0.8104819955239368,0.7526826112358467,0.5665311132568127,0.10583429178171977,0.09309053446598409,0.008665847607162571,0.814453125,0.7582120381516112,0.5748854947980203,0.2275390625,0.1993154143352618,0.03972663439163708,0.8655311724478826,0.8093847128090582,0.6551036133290016,0.21843617642862534,0.19514114570119384,0.03808006674557456,0.030597688605885322,0.040497174690900126,0.0016400211579452816,0.8016893148551416,0.7446616094833639,0.554520912638354,-0.7046477037422171,0.7798843069180516,-0.6379921099478826,0.3115234375,1.0,0.9999999999999999,0.3267150307146156,0.3330078125,-0.6669921874999999,0.006292781785384394,-0.6669921875,0.021484375
tianyan-287__qaoa_0234,qaoa,1024,1024,1024,True,True,0.809398651164581,0.7519543527380155,0.5654353486016478,0.10042258661954612,0.09528552513355526,0.009079331299977391,0.814453125,0.7569585797815812,0.5729862915049484,0.236328125,0.20466425059877383,0.0418874554731577,0.869945526164581,0.8087707249374234,0.6541100855158054,0.2121573980626679,0.17933123021666492,0.032159690131022475,0.02716680098327161,0.03300321723689973,0.0010892123479859955,0.802523428665777,0.7453041188202456,0.5554782295304228,-0.7089760645450349,0.7822318501813094,-0.633617401164581,0.3232421875,1.0,1.0,0.3267134550454057,0.3095703125,-0.6904296875,-0.01714314254540572,-0.6904296875,-0.013671875
tianyan-287__qaoa_0235,qaoa,1024,1024,1024,True,True,0.7969986605525258,0.7680168314611714,0.5898498534076573,0.0944730263271363,0.08648222301620712,0.007479174897824984,0.80859375,0.7802607755837544,0.608806877914562,0.1416015625,0.1310525562057391,0.01717477248805841,0.8116470980525258,0.7847316575426501,0.615803774349635,0.12401591164227765,0.10943945678940215,0.011976994702359418,0.03501676778569519,0.04737706303893281,0.0022445861021950135,0.803262376467102,0.7692646603811601,0.5917681177113416,-0.7025256342253895,0.7619818927668306,-0.6700455355525258,0.3173828125,1.0,1.0,0.3156800932650565,0.3330078125,-0.6669921875,0.017327719234943473,-0.6669921875,0.015625
tianyan-287__qaoa_0236,qaoa,1024,1024,1024,True,True,0.7620219134656687,0.7228585460952839,0.5225244776629876,0.11414982475842293,0.10250275436848706,0.010506814653126395,0.7724609375,0.7277053973696865,0.5295551453609734,0.1630859375,0.14434145603758092,0.020834455931048906,0.7670863645227133,0.7386758932365818,0.545642075248862,0.1270464042662628,0.11607205244822487,0.013472721359543466,0.04381739801466986,0.05150787423650683,0.002653061108363804,0.7558879990666811,0.7206786739628644,0.5193777511048727,-0.6478720887072458,0.7182045154509988,-0.6040004270227133,0.3291015625,1.0,1.0000000000000002,0.31552452596425684,0.3291015625,-0.6708984375000002,0.013577036535743159,-0.6708984375,0.0
tianyan-287__qaoa_0237,qaoa,1024,1024,1024,True,True,0.8115902837813266,0.7634073110695617,0.5827907225944586,0.08498116068717607,0.0783813768848717,0.0061436402423683,0.8037109375,0.7630264903195855,0.5822094249294245,0.140625,0.1273126122530494,0.016208501238695307,0.8057309087813266,0.7601037366668668,0.5777576904949335,0.1314304410971392,0.11689940115814539,0.013665469991133002,0.03133664920036604,0.04923432091375029,0.002424018355838149,0.7974315235073595,0.7536746891745937,0.5680255371024204,-0.7266091230941505,0.7802536345809605,-0.6651059087813266,0.3251953125,1.0,1.0,0.31595969175620225,0.302734375,-0.697265625,-0.013225316756202254,-0.697265625,-0.0224609375
tianyan-287__qaoa_0238,qaoa,1024,1024,1024,True,True,0.7765565982841572,0.7533980306709793,0.5676085926189098,0.10364371959103984,0.0927244920775756,0.008597831431044381,0.7861328125,0.7561252675076451,0.5717254201635079,0.1904296875,0.1781632346213844,0.03174213817075446,0.7987159445700959,0.7802755284221778,0.6088299002545088,0.15846159848806685,0.14293934411281478,0.02043165609540168,0.03587357515819542,0.04496827403431412,0.002022145669625169,0.7774339807490205,0.7487797966017773,0.560671183798999,-0.6729128786931174,0.7406830231259618,-0.6082862570700959,0.2841796875,1.0,1.0000000000000002,0.31546445643006804,0.302734375,-0.6972656250000002,-0.012730081430068041,-0.697265625,0.0185546875
tianyan-287__qaoa_0239,qaoa,1024,1024,1024,True,True,0.7333483580305935,0.711900969078801,0.5068029897753359,0.10398923171959287,0.09038099498587411,0.0081687242546366,0.7353515625,0.7168234443916688,0.5138358504295358,0.1337890625,0.12592931543034797,0.015858192484756072,0.74215980997017,0.7163973881041824,0.5132252176824945,0.10735853404010795,0.10723635014661735,0.011499634792767919,0.04781698045750207,0.05178531868560478,0.0026817192313696473,0.7381991095959579,0.7173378409390032,0.5145735780430306,-0.6293591263110007,0.6855313775730915,-0.60837074747017,0.3193359375,1.0,1.0,0.31542163089814523,0.328125,-0.671875,0.012703369101854767,-0.671875,0.0087890625
tianyan-287__qaoa_0240,qaoa,1024,1024,1024,True,True,0.7353515625,0.6986944732395793,0.4881739669355333,0.09508968110744805,0.09428853127844794,0.008890327130646856,0.7353515625,0.6983220389683799,0.48765367010895544,0.2685546875,0.24717606842672984,0.06109600880289543,0.8720703125,0.8093150877380442,0.6549909112404382,0.2466055905873925,0.2270918288099604,0.051570698712252366,0.03155970293772981,0.028549780494663512,0.000815089966293469,0.7316252783334958,0.6949644857403657,0.48297563644037095,-0.6402618813925519,0.7037918595622702,-0.603515625,0.3134765625,1.0,1.0,0.38553936941019185,0.376953125,-0.623046875,-0.008586244410191846,-0.623046875,0.0634765625
tianyan-287__qaoa_0241,qaoa,1024,1024,1024,True,True,0.716796875,0.6853532181564155,0.4697090336373553,0.09659374789800758,0.10911718777245906,0.01190656066737009,0.716796875,0.685448322694234,0.4698394030843387,0.2880859375,0.2595117506767148,0.06734634873929338,0.8671875,0.8006854554216819,0.6410971985238262,0.26996955286788116,0.23022440833281343,0.05300327819219401,0.029370265865844753,0.022670567953850314,0.0005139546513501448,0.7316252776954004,0.6949644852699259,0.48297563578649316,-0.6202031271019924,0.6874266091341552,-0.5791015625,0.33984375,1.0,0.9999999999999999,0.38553936947935274,0.412109375,-0.5878906249999999,0.026570005520647255,-0.587890625,0.072265625
tianyan-287__qaoa_0242,qaoa,1024,1024,1024,True,True,0.70703125,0.6807423067867432,0.46341008824933644,0.10064509825093158,0.09853918179592651,0.009709970349010656,0.70703125,0.6809231288609284,0.46365630741775654,0.275390625,0.2569941640345558,0.06604600034782018,0.8798828125,0.8140104545108303,0.6626130200529285,0.2578823461962092,0.22610385733123034,0.05112295430006137,0.026747303132329033,0.025452838561969462,0.0006478469908616797,0.7316252774943479,0.6949644851216987,0.48297563558046785,-0.6063861517490684,0.680283946867671,-0.6044921875,0.3232421875,1.0,1.0,0.3855393695011441,0.40625,-0.59375,0.02071063049885591,-0.59375,0.0830078125
tianyan-287__qaoa_0243,qaoa,1024,1024,1024,True,True,0.7314453125,0.6946358824058384,0.48251900912573775,0.10662110684667017,0.09979762325644373,0.009959565607635078,0.7314453125,0.6942608884067195,0.4819981811712874,0.3271484375,0.2742299658282144,0.07520207415814364,0.8603515625,0.7994120225761938,0.639059581839361,0.27898351625639967,0.23462176712015176,0.055047373606582725,0.030494184951703363,0.025299337223699335,0.0006400564639584587,0.7316252779097588,0.694964485427963,0.48297563600615334,-0.6248242056533299,0.7009511275482967,-0.533203125,0.31640625,1.0,1.0,0.3855393694561191,0.3828125,-0.6171875,-0.0027268694561191076,-0.6171875,0.06640625
tianyan-287__qaoa_0244,qaoa,1024,1024,1024,True,True,0.7265625,0.6924683202779617,0.4795123745885817,0.09078742345231167,0.09455323051354485,0.008940313400547548,0.7265625,0.6920724497300261,0.4789642756753195,0.2900390625,0.2421226070635776,0.0586233568512636,0.8603515625,0.7969424025487177,0.6351171929801225,0.27450028006622174,0.2194301983467371,0.04814961194648838,0.03272044753307421,0.028976258359102666,0.0008396235484934671,0.7316252782095768,0.6949644856490058,0.48297563631338725,-0.6357750765476884,0.6938420524669258,-0.5703125,0.3134765625,1.0,1.0,0.38553936942362294,0.3798828125,-0.6201171875,-0.005656556923622935,-0.6201171875,0.06640625
tianyan-287__qaoa_0245,qaoa,1024,1024,1024,True,True,0.8174242046961879,0.7555336531605602,0.5708311010581416,0.0994265229963964,0.08558184382148318,0.007324251991884738,0.8173828125,0.7567972165037712,0.5727420269078559,0.21484375,0.18288351086126553,0.03344637854494263,0.8769945171961879,0.8074441873585829,0.6519661156991623,0.16731175577003848,0.14146538152441765,0.020012454169849044,0.03986300757949682,0.05831014919282669,0.0034000734988897073,0.8335289247186397,0.7683184667785472,0.5903132663929375,-0.7179976816997915,0.7775611971166911,-0.6621507671961879,0.306640625,1.0,1.0,0.3268108285783359,0.33984375,-0.66015625,0.013032921421664123,-0.66015625,0.033203125
tianyan-287__qaoa_0246,qaoa,1024,1024,1024,True,True,0.7806991676116891,0.740814007733943,0.5488053940548266,0.11048303391229942,0.09777565618434499,0.00956007894227924,0.7841796875,0.7437429331918275,0.5531535506727832,0.2314453125,0.20967127308521089,0.04396204275717308,0.8754257301116892,0.8115547701346052,0.6586211449282319,0.1926374971864959,0.17224173263701073,0.029667214461799492,0.04041643439720475,0.03732783078827164,0.0013933669513578404,0.8031778704497305,0.7462954896535492,0.5569569578772308,-0.6702161336993897,0.7402827332144843,-0.6439804176116892,0.296875,1.0,1.0,0.32674988129060456,0.3359375,-0.6640625,0.00918761870939544,-0.6640625,0.0390625
tianyan-287__qaoa_0247,qaoa,1024,1024,1024,True,True,0.8030544457786036,0.7485488332172663,0.5603253557109307,0.08274695510239102,0.07415283243424825,0.005498642558021699,0.810546875,0.7543712607749171,0.569075999083138,0.21875,0.19284297116610252,0.03718841152817025,0.8909731928148921,0.829668213398989,0.6883493443246704,0.21344667984409565,0.18424745932469525,0.033947126267605224,0.029181909125746336,0.037311989122618155,0.0013921845322863754,0.8030582591468859,0.7462397960299623,0.5568738331788398,-0.7203074906762126,0.7738725366528573,-0.6722231928148921,0.29296875,1.0,1.0000000000000002,0.32675105571431834,0.3193359375,-0.6806640625000002,-0.007415118214318339,-0.6806640625,0.0263671875
tianyan-287__qaoa_0248,qaoa,1024,1024,1024,True,True,0.8016996198476809,0.7457065253643942,0.5560782219710378,0.09700341634537771,0.09102583456488576,0.008285702558233951,0.796875,0.7450960165837681,0.5551680739289988,0.22265625,0.1994956022060887,0.039798495299569976,0.8896210413499269,0.8347065486723041,0.6967350223964295,0.21702510847759485,0.19502049388799297,0.0380329930363167,0.04293377937606259,0.04735470858443189,0.002242468425116467,0.8015833703324975,0.7455360689479387,0.5558240301023456,-0.7046962035023032,0.7587658404716183,-0.6669647913499269,0.294921875,1.0,0.9999999999999999,0.3267604574178633,0.3251953125,-0.6748046874999999,-0.0015651449178633037,-0.6748046875,0.0302734375
tianyan-287__qaoa_0249,qaoa,1024,1024,1024,True,True,0.7870545626839641,0.7360708352358343,0.5418002744847787,0.10272399123197364,0.10406786360519271,0.010830120235348992,0.77734375,0.734945869665131,0.5401454313378358,0.2734375,0.241614534326498,0.05837758319781048,0.8788514376839641,0.8187072161706033,0.6702815058098189,0.21272319916059357,0.18443103719355491,0.03401480748029044,0.04650124199613079,0.0536730259823312,0.0028807937181000005,0.8046573277809718,0.7471553462512633,0.5582411114318452,-0.6843305714519905,0.7405533206878333,-0.6054139376839641,0.2763671875,1.0,1.0,0.3267458497438404,0.326171875,-0.673828125,-0.0005739747438404108,-0.673828125,0.0498046875
tianyan-287__qaoa_0250,qaoa,1024,1024,1024,True,True,0.7859518839238013,0.7529556627578665,0.566942230079138,0.09582798266615987,0.08646110122637685,0.007475522025277783,0.7822265625,0.7566241639537195,0.572480125478665,0.1650390625,0.14405393203104033,0.02075153533360359,0.7976706339238013,0.7753011667416873,0.6010918991510215,0.12520149364875655,0.1077700583625062,0.011614385479457992,0.03401359410021837,0.05466650965548182,0.0029884272779128864,0.7958813715098301,0.7647405316637172,0.5848280807693049,-0.6901239012576414,0.7519382898235829,-0.6326315714238013,0.33203125,1.0,1.0,0.31567675358860087,0.3310546875,-0.6689453125,0.015377933911399133,-0.6689453125,-0.0009765625
tianyan-287__qaoa_0251,qaoa,1024,1024,1024,True,True,0.7297149820565303,0.7096955055499878,0.5036677105978529,0.09326666151451203,0.08682453033963436,0.007538499068698087,0.73046875,0.7098283325760594,0.5038562617277087,0.158203125,0.14613111604311324,0.021354303076005825,0.7707306070565303,0.7334954867078372,0.5380156290207669,0.1349990498280812,0.11565195521161047,0.013375374744268354,0.05169073793678243,0.048485409154900586,0.0023508349009181174,0.7396859823254918,0.7102473535782818,0.5044513032649529,-0.6364483205420183,0.6780242441197478,-0.6125274820565303,0.3056640625,1.0,0.9999999999999999,0.3155800366637707,0.318359375,-0.6816406249999999,0.0027793383362292867,-0.681640625,0.0126953125
tianyan-287__qaoa_0252,qaoa,1024,1024,1024,True,True,0.8136134048144583,0.7605920940799138,0.5785003335768685,0.08668455652023233,0.08434374299700247,0.007113866982744401,0.802734375,0.7586590821935405,0.5755636029947453,0.13671875,0.1228679744556788,0.01509653914684134,0.8155665298144583,0.7741745608074444,0.5993462506013995,0.10638985204053268,0.09012082068178306,0.008121762320358099,0.0317793963275251,0.043150900141732354,0.001862000183041757,0.8039726691628197,0.7596738246398,0.5771043198428617,-0.726928848294226,0.7818340084869332,-0.6788477798144583,0.314453125,1.0,1.0,0.3159635216540887,0.30859375,-0.69140625,-0.007369771654088697,-0.69140625,-0.005859375
tianyan-287__qaoa_0253,qaoa,1024,1024,1024,True,True,0.7680602217017533,0.734138879687353,0.5389598946686018,0.08743513354900698,0.07878953068512963,0.006207790145582984,0.77734375,0.7416948559751764,0.5501112593800377,0.14453125,0.12584377025337976,0.015836654511585425,0.7866149092017533,0.7433882620034108,0.5526261080844517,0.11770209530268146,0.10307024897513693,0.010623476223796717,0.06263410832110936,0.06206100088113794,0.003851567830368604,0.7780300418299907,0.7407460096827506,0.5487046508609177,-0.6806250881527462,0.7054261133806439,-0.6420836592017533,0.33203125,1.0,0.9999999999999998,0.3156003409837309,0.33203125,-0.6679687499999998,0.01643090901626909,-0.66796875,0.0
tianyan-287__qaoa_0254,qaoa,1024,1024,1024,True,True,0.7368294083526399,0.7262220563668141,0.5273984751536441,0.08756537480051733,0.08193568970050666,0.006713457246697713,0.7333984375,0.7275571547871537,0.5293394134819782,0.1513671875,0.1344512792923371,0.018077146503346037,0.7647896436563142,0.7551321485018273,0.5702245617009858,0.11974349095445942,0.10579516062548126,0.011192616011771381,0.03472746420748179,0.03768210565513442,0.0014199410866047133,0.7387722972873783,0.7230398138180326,0.5227865723660152,-0.6492640335521226,0.7021019441451581,-0.6134224561563142,0.306640625,1.0,1.0,0.3154789355028005,0.31640625,-0.68359375,0.0009273144971995162,-0.68359375,0.009765625
tianyan-287__qaoa_0255,qaoa,1024,1024,1024,True,True,0.7255859375,0.6926416621693624,0.4797524721727372,0.08720687250476875,0.08920096194170628,0.00795681161132573,0.7255859375,0.6922361089081652,0.4791908304763172,0.2783203125,0.24888146330524197,0.061941982776958504,0.853515625,0.797193317027894,0.6355171847139363,0.27286816151352855,0.23359955409952698,0.05456875167549784,0.02474530843423427,0.023280632352303793,0.000541987842723134,0.7242002364937145,0.691492392662977,0.47816172911076876,-0.6383790649952312,0.7008406290657657,-0.5751953125,0.3037109375,1.0,1.0,0.38626392105747503,0.3818359375,-0.6181640625,-0.004427983557475035,-0.6181640625,0.078125
tianyan-287__qaoa_0256,qaoa,1024,1024,1024,True,True,0.7265625,0.6922375483625006,0.47919282336292546,0.09535995328270458,0.09743859379249017,0.009494279560257906,0.7265625,0.6921582822440938,0.4790830876790946,0.27734375,0.2493852363549866,0.06219299611183253,0.861328125,0.7989029522062528,0.6382459270438663,0.2641802493115016,0.22569514842633193,0.050938300023184,0.02238246462481102,0.018944417488348023,0.00035889095397282646,0.7242002363675213,0.6914923926428601,0.4781617290829474,-0.6312025467172955,0.704180035375189,-0.583984375,0.3017578125,1.0,1.0,0.38626392106830093,0.39453125,-0.60546875,0.00826732893169907,-0.60546875,0.0927734375
tianyan-287__qaoa_0257,qaoa,1024,1024,1024,True,True,0.7294921875,0.6957112825683831,0.48401418869294466,0.09386155479332925,0.08759671343141519,0.007673184203985475,0.7294921875,0.6963450201013442,0.4848963870199416,0.30078125,0.25820755271652845,0.06667114027985882,0.8447265625,0.7904899315632843,0.624874331902926,0.28265232418273484,0.23809382652968542,0.05668867023154793,0.042616095549274174,0.03881128479378054,0.0015063158273439408,0.7242002368050262,0.6914923927126041,0.47816172917940236,-0.6356306327066708,0.6868760919507259,-0.5439453125,0.345703125,1.0,0.9999999999999999,0.3862639210307687,0.37890625,-0.6210937499999999,-0.0073576710307686755,-0.62109375,0.033203125
tianyan-287__qaoa_0258,qaoa,1024,1024,1024,True,True,0.7353515625,0.6998379699201707,0.4897731841419857,0.08260215716505126,0.07711819638978691,0.005947216214413743,0.7353515625,0.6999121402049371,0.48987700400625556,0.302734375,0.25265683707586956,0.0638354773211825,0.84375,0.7889934725024199,0.6225106996514269,0.28971255533958334,0.2426401023128701,0.05887421925040007,0.03722367521082095,0.030602175247387658,0.0009364931298718258,0.7242002366260659,0.6914923926840755,0.47816172913994764,-0.6527494053349487,0.6981278872891791,-0.541015625,0.3271484375,1.0,1.0,0.3862639210461213,0.384765625,-0.615234375,-0.0014982960461212835,-0.615234375,0.0576171875
tianyan-287__qaoa_0259,qaoa,1024,1024,1024,True,True,0.7294921875,0.695783675948775,0.48411492371679,0.08864175119512575,0.09728591249627706,0.009464548770233278,0.7294921875,0.6956626641357687,0.48394654227247536,0.3076171875,0.28106994510531985,0.07900031404150751,0.8642578125,0.8053517881959592,0.6485915027504291,0.2942213312649009,0.24985646886165763,0.06242825503201649,0.021158396671209164,0.02211254010531416,0.0004889644299091272,0.7242002363873217,0.6914923926460165,0.47816172908731264,-0.6408504363048743,0.7083337908287909,-0.556640625,0.3037109375,1.0,0.9999999999999999,0.3862639210666022,0.365234375,-0.6347656249999999,-0.02102954606660218,-0.634765625,0.0615234375
tianyan-287__qaoa_0260,qaoa,1024,1024,1024,True,True,0.8039614574563402,0.7485035986372878,0.5602576371729701,0.09022742482273396,0.08041021565549938,0.006465802781763919,0.794921875,0.74702925167452,0.5580527028573933,0.19921875,0.17166386916953033,0.029468483978253624,0.8684145824563401,0.8055346639142041,0.6488860947673698,0.18779663209902253,0.15896289194933622,0.025269201016896344,0.03332010100633616,0.03779547168510858,0.001428497679899844,0.8082253172519769,0.7522242523994578,0.5658413258979231,-0.7137340326336062,0.770641356450004,-0.6691958324563401,0.3115234375,1.0,1.0000000000000002,0.3267830144932473,0.33203125,-0.6679687500000002,0.005248235506752685,-0.66796875,0.0205078125
tianyan-287__qaoa_0261,qaoa,1024,1024,1024,True,True,0.8362419599721684,0.7751011351517922,0.6007817697135969,0.0904246031529248,0.0866509405392157,0.007508385496330695,0.8388671875,0.7829681574665232,0.6130391356065221,0.224609375,0.20060430640559698,0.040242087748470635,0.8694450849721684,0.8134777916113601,0.6617461174448954,0.19241223273724045,0.1726049997598502,0.029792485942097883,0.016290012204410412,0.04985516552814316,0.002485537529838554,0.8221321730928679,0.7604686118263544,0.5783125095731025,-0.7458173568192437,0.819951947767758,-0.6448357099721684,0.3154296875,1.0,1.0,0.32674151051731554,0.3134765625,-0.6865234375,-0.013264948017315537,-0.6865234375,-0.001953125
tianyan-287__qaoa_0262,qaoa,1024,1024,1024,True,True,0.7978879237631274,0.7492850834140132,0.5614281362267448,0.09693918917848313,0.09463070390059593,0.008954970120722262,0.7978515625,0.7512332391668549,0.5643513796291251,0.197265625,0.17598473220232025,0.030970625968322375,0.8740597987631274,0.8109460657403839,0.657633521539807,0.19316396224227228,0.17286135035133554,0.029881046445287177,0.01316342298083226,0.016767963810568016,0.0002811646103525186,0.8074300668233942,0.752021305126966,0.5655360433648652,-0.7009487345846444,0.7847245007822952,-0.6767941737631274,0.3017578125,1.0,0.9999999999999999,0.32678812301777455,0.326171875,-0.6738281249999999,-0.0006162480177745455,-0.673828125,0.0244140625
tianyan-287__qaoa_0263,qaoa,1024,1024,1024,True,True,0.7217759544426537,0.7087114961159836,0.5022719847269559,0.10976650363390392,0.09127437327239803,0.008331011216269047,0.7275390625,0.7146515964998744,0.5107269043798193,0.173828125,0.15479412647822646,0.023961221592157172,0.7215108384422879,0.7224238499412047,0.5218962189638723,0.12393923016746572,0.11506452767727614,0.013239845529594648,0.04849748911047862,0.050666747825962664,0.0025671193352596925,0.731676127856528,0.7128721567522921,0.5081867118726645,-0.6120094508087498,0.6732784653321752,-0.5476827134422879,0.337890625,1.0,1.0,0.32623813065822665,0.32421875,-0.67578125,-0.002019380658226655,-0.67578125,-0.013671875
tianyan-287__qaoa_0264,qaoa,1024,1024,1024,True,True,0.8390612623881469,0.7747047681066391,0.6001674777271615,0.10331860672670942,0.0915379236820629,0.008379191472023172,0.8408203125,0.7831321140469607,0.6132959080516618,0.1982421875,0.17866867084341337,0.031922493940951986,0.8947253248881468,0.8298907415783929,0.688718642957535,0.21226952926184772,0.18190986675636409,0.033091199623318135,0.03439689016610569,0.04500480497975904,0.0020254324712661444,0.8245757146147182,0.7635529513979276,0.583013109588486,-0.7357426556614375,0.8046643722220412,-0.6964831373881468,0.3154296875,1.0,1.0000000000000002,0.32673967140626753,0.33984375,-0.6601562500000002,0.013104078593732471,-0.66015625,0.0244140625
tianyan-287__qaoa_0265,qaoa,1024,1024,1024,True,True,0.7903711202929469,0.7580335283351883,0.5746148300802948,0.11505481498494023,0.10045692273344753,0.010091593325073846,0.779296875,0.758120800790927,0.5747471485918765,0.162109375,0.14159886200006896,0.02005023771971457,0.8009595238344828,0.779142015663277,0.6070622805718342,0.12339244709996901,0.10502627842875642,0.011030519160594665,0.04179157500426039,0.051414082445976485,0.0026434078737616676,0.7862709076964245,0.7641833200613558,0.5839761466599966,-0.6753163053080067,0.7485795452886865,-0.6388501488344828,0.3310546875,1.0,1.0,0.31570830200535926,0.337890625,-0.662109375,0.022182322994640735,-0.662109375,0.0068359375
tianyan-287__qaoa_0266,qaoa,1024,1024,1024,True,True,0.8351524363836009,0.780045917921455,0.6084716340659253,0.10571144062005673,0.09174845964973895,0.008417779848099775,0.8359375,0.7864118173741553,0.6184435465057219,0.1611328125,0.14845192683303998,0.02203797458044226,0.8582378909761499,0.7926347059528103,0.628269777080898,0.15163332946912317,0.126922590068918,0.016109343869802607,0.021631503054554798,0.04801557940492267,0.002305495865590434,0.8293562139279642,0.7676314091135439,0.589257980257645,-0.7294409957635442,0.8135209333290462,-0.6971050784761499,0.32421875,1.0,1.0,0.31516533512665496,0.3095703125,-0.6904296875,-0.005595022626654955,-0.6904296875,-0.0146484375
tianyan-287__qaoa_0267,qaoa,1024,1024,1024,True,True,0.8232553872777958,0.7948819029759501,0.6318372396786678,0.1131107029068327,0.09774561189733515,0.009554204645184465,0.8232421875,0.7983091267921882,0.6372974619197062,0.1533203125,0.14648584827806058,0.02145810374574298,0.8382469520131712,0.8176136874687988,0.6684921419363266,0.11839043278389993,0.11088236365807538,0.012294898570401678,0.03647400431771492,0.05721672157419209,0.0032737532276986185,0.8206123954271551,0.7891182856419204,0.6227076687344435,-0.7101446843709631,0.7867813829600808,-0.6849266395131712,0.2978515625,1.0,1.0,0.3158219486149876,0.3134765625,-0.6865234375,-0.00234538611498758,-0.6865234375,0.015625
tianyan-287__qaoa_0268,qaoa,1024,1024,1024,True,True,0.8131084773041632,0.762769073907924,0.5818166601103522,0.10587769449214704,0.09232229055328912,0.008523405333005938,0.8193359375,0.7704219796858922,0.5935500267831293,0.142578125,0.1304492892272176,0.01701701705988627,0.8306866023041631,0.7814006866158605,0.6105870330437383,0.10995107624878639,0.09558208873605548,0.009135935687147184,0.03799192994493821,0.04587167822901143,0.002104210863545961,0.8018827069670791,0.7567814337294699,0.5727181384376321,-0.7072307828120162,0.7751165473592251,-0.6881084773041631,0.2978515625,1.0,0.9999999999999998,0.3155715817505032,0.30078125,-0.6992187499999998,-0.014790331750503205,-0.69921875,0.0029296875
tianyan-287__qaoa_0269,qaoa,1024,1024,1024,True,True,0.8082752092199674,0.7705748503845453,0.5937856000451645,0.10079844310659283,0.08719366235346394,0.0076027347546098745,0.814453125,0.7744801222262802,0.5998194597236339,0.1513671875,0.1316334638848118,0.017327368814314053,0.7838611467199674,0.7517000273940146,0.5650529311841623,0.10972299968069003,0.09488023023806479,0.009002258090028184,0.03398583992632739,0.035619879160006085,0.0012687757913734357,0.8000433470922816,0.7606549319916756,0.5785959255632606,-0.7074767661133746,0.77428936929364,-0.6324939592199674,0.3310546875,1.0,1.0000000000000002,0.3150640119724954,0.2919921875,-0.7080078125000002,-0.023071824472495395,-0.7080078125,-0.0390625
tianyan-287__qaoa_0270,qaoa,1024,1024,1024,True,True,0.8330078125,0.7689949430840011,0.591353222488766,0.09123001824921328,0.10127845844183932,0.010257326144355374,0.8330078125,0.7689949440946032,0.5913532240430619,0.3447265625,0.3128104182285119,0.09785035775229653,0.95703125,0.890343163701493,0.7927109491499835,0.35719872363112776,0.29617262376823184,0.0877182230697586,1.575325360882444e-17,3.969036861610691e-09,1.575325360882444e-17,0.8300565299750947,0.7666537642642561,0.5877579942605536,-0.7417777942507867,0.8330078125,-0.6123046875,0.341796875,1.0,1.0,0.3872418736821733,0.369140625,-0.630859375,-0.018101248682173277,-0.630859375,0.02734375
tianyan-287__qaoa_0271,qaoa,1024,1024,1024,True,True,0.8369140624999996,0.7721146268334603,0.5961609969701738,0.10057062753997364,0.11250320037200824,0.012656970093944236,0.8369140625,0.7721146291330371,0.5961610005212473,0.3447265625,0.3038443018050997,0.09232135973942852,0.9179687499999996,0.8447419811918278,0.7135890147878943,0.32151596519266057,0.25992160025509575,0.0675592382791698,4.538182671579138e-16,1.5224114497496478e-08,2.317736622328825e-16,0.8264478380481142,0.763808925320694,0.5834040743995534,-0.736343434960026,0.8369140624999991,-0.5732421874999996,0.3349609375,1.0,1.0,0.382721307828356,0.359375,-0.640625,-0.023346307828356005,-0.640625,0.0244140625
tianyan-287__qaoa_0272,qaoa,1024,1024,1024,True,True,0.8232421875,0.7612977386445107,0.5795742468652456,0.07879405732219003,0.08688735286899185,0.007549412088580706,0.8232421875,0.761297739737185,0.5795742485289466,0.3837890625,0.31506355764595323,0.0992650453565249,0.9482421875,0.8789178368205838,0.7724965638813743,0.3798098357059238,0.30828108851284913,0.09503722953466712,5.403265281404892e-17,7.350690635174964e-09,5.403265281404891e-17,0.8264478380481143,0.7638089266514059,0.5834040764323727,-0.74444813017781,0.8232421875,-0.564453125,0.3359375,1.0,1.0,0.3827213078283561,0.3896484375,-0.6103515625,0.0069271296716438835,-0.6103515625,0.0537109375
tianyan-287__qaoa_0273,qaoa,1024,1024,1024,True,True,0.8388671875,0.7736837085504017,0.5985864808763028,0.0934592383308014,0.09925617920092109,0.00985178910956536,0.8388671875,0.7736837092227771,0.5985864819167147,0.369140625,0.3141621439465713,0.09869785268910619,0.9365234375,0.86490140722176,0.7480544442141807,0.37300518879559924,0.2977987243763098,0.08868408024015732,1.9017734814495858e-17,4.360932791788457e-09,1.901773481449586e-17,0.8264478380481144,0.7638089271567142,0.5834040772042908,-0.7454079491691986,0.8388671875,-0.5673828125,0.3330078125,1.0,1.0,0.3827213078283561,0.373046875,-0.626953125,-0.009674432828356117,-0.626953125,0.0400390625
tianyan-287__qaoa_0274,qaoa,1024,1024,1024,True,True,0.8134765625,0.7537349707665478,0.5681164061564487,0.07826239688226834,0.08663322171435078,0.007505315104607859,0.8134765625,0.7537349716353128,0.5681164074660858,0.388671875,0.3246348749979907,0.10538780206496107,0.9384765625,0.8671567407912708,0.7519608130997393,0.3868224377081149,0.3107352497837002,0.09655639545813854,2.895108702241345e-17,5.380621434594098e-09,2.895108702241345e-17,0.8264478380481146,0.7638089269843735,0.58340407694102,-0.7352141656177317,0.8134765625,-0.5498046875,0.30859375,1.0,1.0,0.382721307828356,0.3984375,-0.6015625,0.015716192171643995,-0.6015625,0.08984375
tianyan-287__qaoa_0275,qaoa,1024,1024,1024,True,True,0.9531240884048222,0.8850604176076807,0.7833319428158821,0.11446438506728526,0.10534412729699902,0.011097385155966335,0.953125,0.8851517661135239,0.7834936490538904,0.26953125,0.24107958928496967,0.05811936836980967,0.9814444009048222,0.9293119821439826,0.8636207601563779,0.24005525581941278,0.20858441941794986,0.04350746002392322,9.115951778032355e-07,0.0006751279084624395,4.5579769278486807e-07,0.9409395614778043,0.8699435377363084,0.7568017588491638,-0.8386597033375369,0.9531231768096444,-0.7119131509048222,0.298828125,1.0,1.0,0.32321685331278227,0.32421875,-0.67578125,0.0010018966872177293,-0.67578125,0.025390625
tianyan-287__qaoa_0276,qaoa,1024,1024,1024,True,True,0.8279518414747099,0.7628712901299463,0.5819726053045287,0.10916962980065538,0.09438083499184173,0.008907742013757255,0.828125,0.7629213246841231,0.5820489476577771,0.193359375,0.1694730987377989,0.028721131195791734,0.8738502789747099,0.8184903421316313,0.6699264401627548,0.18106676629663448,0.14688561787836837,0.021575384739510053,0.02942663110274196,0.038437036214335,0.0014774057529421002,0.8340928110089798,0.7702599726920132,0.5933004255315009,-0.7187822116740545,0.798525210371968,-0.6804909039747099,0.30078125,1.0,0.9999999999999999,0.32600294031422816,0.345703125,-0.6542968749999999,0.019700184685771838,-0.654296875,0.044921875
tianyan-287__qaoa_0277,qaoa,1024,1024,1024,True,True,0.9433564078324128,0.8727246673072269,0.7616483449265099,0.07570597597220419,0.07651374761984357,0.005854353574833118,0.943359375,0.8729301750092918,0.7620070904417529,0.251953125,0.22752775290351926,0.05176887834132492,0.9902314078324128,0.9491905871594044,0.9009627707520149,0.2536678679106917,0.22817863793443313,0.05206549080961313,2.967167587210263e-06,0.001218024997333373,1.4835848941289634e-06,0.9409375873135175,0.8698483563150909,0.7566361629840654,-0.8676504318602086,0.9433534406648256,-0.7382782828324128,0.283203125,1.0,1.0,0.3232168653332752,0.330078125,-0.669921875,0.006861259666724795,-0.669921875,0.046875
tianyan-287__qaoa_0278,qaoa,1024,1024,1024,True,True,0.9423826201551146,0.8717077082425244,0.7598743286094342,0.10224180672086239,0.09574256227080206,0.009166638230178412,0.9423828125,0.871759253107821,0.759964195379106,0.2548828125,0.2314967035020749,0.05359072373232758,0.9833982451551146,0.9333076645711581,0.8710631967472693,0.23274252104589516,0.2159018053087893,0.04661358953559436,1.9234488547486014e-07,0.00031011682857865733,9.617244736768433e-08,0.9409402517695422,0.869994568754955,0.7568905496631201,-0.8401408134342523,0.9423824278102292,-0.7285154326551146,0.3271484375,1.0,1.0,0.32321685053241656,0.3203125,-0.6796875,-0.0029043505324165553,-0.6796875,-0.0068359375
tianyan-287__qaoa_0279,qaoa,1024,1024,1024,True,True,0.9394531224639948,0.8682893274525969,0.7539263561680831,0.09478135149209847,0.08809046920565196,0.007759930764871917,0.939453125,0.8682956028548866,0.753937253937131,0.263671875,0.23272433955877933,0.05416061822307003,0.9824218724639948,0.9313479551910225,0.8674090136384989,0.23841916044393185,0.20876255366697163,0.04358180381355521,2.536005302063011e-09,3.560902491702644e-05,1.2680026555414097e-09,0.940940434558553,0.8700391911985995,0.7569681942215133,-0.8446717709718964,0.9394531199279895,-0.7187499974639948,0.3017578125,1.0,1.0,0.32321684959709157,0.3125,-0.6875,-0.010716849597091571,-0.6875,0.0107421875
tianyan-287__qaoa_0280,qaoa,1024,1024,1024,True,True,0.7645068021594728,0.7502099478688549,0.56281496588139,0.10047432041909812,0.09262085117184361,0.008578622071796804,0.7587890625,0.7466761946594741,0.5575253396711528,0.1513671875,0.1350435809566706,0.018236768757600844,0.7615771146594729,0.7458908995827793,0.5563532340804077,0.11629035371958804,0.10819876142785043,0.011706971974520893,0.049934502862989665,0.05808789393736186,0.003374203422078201,0.7435493979072874,0.7274144272560554,0.5291317489802552,-0.6640324817403747,0.7145722992964831,-0.6102099271594729,0.3095703125,1.0,0.9999999999999998,0.31569902884204926,0.294921875,-0.7050781249999998,-0.020777153842049256,-0.705078125,-0.0146484375
tianyan-287__qaoa_0281,qaoa,1024,1024,1024,True,True,0.8568785215294528,0.7841781311466732,0.6149353413686891,0.10787141072248159,0.09575037156332715,0.009168133654515208,0.8564453125,0.7871485117440868,0.6196027795409309,0.146484375,0.13008360480860254,0.01692174424000068,0.8471128965294528,0.7807283547313887,0.6095367638815811,0.13374853367530415,0.115190309160834,0.013268807324568518,0.026507109220812255,0.050584843721144475,0.0025588264142926095,0.8392346171955187,0.7670216153413453,0.5883221584008467,-0.7490071108069711,0.8303714123086405,-0.7006285215294528,0.3134765625,1.0,1.0,0.31568480279027245,0.2900390625,-0.7099609375,-0.025645740290272445,-0.7099609375,-0.0234375
tianyan-287__qaoa_0282,qaoa,1024,1024,1024,True,True,0.7762215711624575,0.7386913491393005,0.5456649092932399,0.07942107191588557,0.0723569200741815,0.005235523882621489,0.7880859375,0.7434344657878729,0.5526948049212999,0.154296875,0.13566110435991616,0.01840393523615206,0.7939581464965766,0.7548025942239687,0.5697269562472331,0.12332273540078947,0.1142929852644681,0.013062886480663921,0.04206859359253699,0.06140724336691384,0.0037708495379233835,0.7634564046959351,0.7299106042673582,0.53276949022194,-0.696800499246572,0.7341529775699205,-0.6396612714965766,0.3125,1.0,0.9999999999999999,0.3155907127301619,0.3095703125,-0.6904296874999999,-0.006020400230161926,-0.6904296875,-0.0029296875
tianyan-287__qaoa_0283,qaoa,1024,1024,1024,True,True,0.9744202220958267,0.9148901340604773,0.837023957401198,0.1133326105899477,0.10628560376087157,0.011296629566812995,0.9755859375,0.9185586535436918,0.84375,0.1884765625,0.16988251383569267,0.028860068507134313,0.9812561595958267,0.9288373759601254,0.8627388709804913,0.14781598618822972,0.1328796000494413,0.01765698810929948,0.0011657154041733427,0.02414596576479038,0.000583027662714429,0.9682044940314427,0.9047294035343162,0.8185352936195596,-0.861087611505879,0.9732545066916534,-0.7927795970958267,0.294921875,1.0,1.0,0.3146099979585936,0.3291015625,-0.6708984375,0.014491564541406377,-0.6708984375,0.0341796875
tianyan-287__qaoa_0284,qaoa,1024,1024,1024,True,True,0.9583386858094789,0.8908555946755583,0.7936236905647426,0.09343877304412847,0.0787181583584479,0.006196548455345682,0.958984375,0.8930155951464422,0.7974768531747544,0.1748046875,0.15998330366166325,0.02559465745049995,0.9876355608094789,0.9418836550508227,0.8871448196518972,0.14468907939454262,0.13300532769622211,0.017690417195579428,0.0006456891905211913,0.017969327377744187,0.00032289672640854674,0.9687077436568522,0.905695947179142,0.8202851487367233,-0.8648999127653504,0.9576929966189577,-0.8128308733094789,0.291015625,1.0,0.9999999999999998,0.31460894940299383,0.31640625,-0.6835937499999998,0.0017973005970061684,-0.68359375,0.025390625
tianyan-287__qaoa_0285,qaoa,1024,1024,1024,True,True,0.8154296875,0.7552373987141464,0.5703835284165106,0.07962084721382649,0.08742223899358194,0.007642647870650958,0.8154296875,0.7552373988342275,0.57038352859789,0.3564453125,0.30936801115484286,0.09570856632590297,0.951171875,0.8826262689914679,0.7790291307137991,0.35169447901687545,0.2889088096645965,0.08346830030181404,2.0011276107146625e-19,4.473396484456372e-10,2.0011276107146625e-19,0.8300565299750949,0.7666537651564539,0.5877579956285671,-0.7358088402861735,0.8154296875,-0.5947265625,0.330078125,1.0,1.0,0.38724187368217317,0.4208984375,-0.5791015625,0.033656563817826834,-0.5791015625,0.0908203125
tianyan-287__qaoa_0286,qaoa,1024,1024,1024,True,True,0.8359374999999996,0.7713324197450703,0.5949537017497852,0.08376875934759005,0.0852500122120663,0.007267564582157453,0.8359375,0.7713324227267442,0.5949537063495087,0.3720703125,0.30315983118644424,0.09190588324499338,0.9394531249999996,0.8682956004435864,0.7539372497496882,0.38033540716300906,0.30528372129434006,0.09319815048732029,4.53818268076341e-16,1.5224114527660046e-08,2.3177366315130964e-16,0.826447838048114,0.7638089253206937,0.583404074399553,-0.7521687406524095,0.8359374999999991,-0.5673828124999996,0.3330078125,1.0,1.0,0.38272130782835606,0.3759765625,-0.6240234375,-0.006744745328356061,-0.6240234375,0.04296875
tianyan-287__qaoa_0287,qaoa,1024,1024,1024,True,True,0.80859375,0.7499999998636052,0.5624999997954078,0.08609694258105051,0.0925753454596951,0.00857019458698189,0.80859375,0.75,0.5625,0.384765625,0.323890608283855,0.10490512613448562,0.9541015625,0.8864314939714183,0.7857607935044005,0.3632873663547143,0.29984027683881376,0.08990419161477646,7.151681106649912e-19,8.45676126342107e-10,7.151681106649912e-19,0.8264478380481148,0.763808927750839,0.5834040781118863,-0.7224968074189495,0.80859375,-0.5693359375,0.33203125,1.0,1.0,0.38272130782835595,0.3935546875,-0.6064453125,0.01083337967164405,-0.6064453125,0.0615234375
tianyan-287__qaoa_0288,qaoa,1024,1024,1024,True,True,0.84765625,0.7808249636940978,0.6096876239278891,0.09956001045162738,0.09765888910379572,0.00953725862098747,0.84765625,0.7808249644447212,0.6096876251001001,0.345703125,0.2877004317427431,0.0827715384249608,0.9267578125,0.8540298942103924,0.7293670602050142,0.3563643508753887,0.28318988688327085,0.08019651203295974,1.9017735083202103e-17,4.360932822596801e-09,1.9017735083202106e-17,0.8264478380481145,0.7638089271567142,0.5834040772042908,-0.7480962395483726,0.84765625,-0.5810546875,0.3251953125,1.0,1.0,0.38272130782835606,0.3427734375,-0.6572265625,-0.03994787032835606,-0.6572265625,0.017578125
tianyan-287__qaoa_0289,qaoa,1024,1024,1024,True,True,0.8330078125,0.7689949431070311,0.591353222524186,0.08297452706572656,0.09476960559941855,0.008981278145469344,0.8330078125,0.7689949440946032,0.5913532240430619,0.33203125,0.28920379702228854,0.08363883621210909,0.9189453125,0.8457534801669666,0.7152989492145356,0.3325409692400241,0.271863292900505,0.07390965002670577,2.8951086377155943e-17,5.380621374632854e-09,2.8951086377155943e-17,0.8264478380481143,0.7638089269843734,0.5834040769410199,-0.7500332854342735,0.8330078125,-0.5869140625,0.326171875,1.0,1.0,0.382721307828356,0.400390625,-0.599609375,0.017669317171643995,-0.599609375,0.07421875
tianyan-287__qaoa_0290,qaoa,1024,1024,1024,True,True,0.9433590804713803,0.8728736621523072,0.7619084300791801,0.09376663873500238,0.08509610052908878,0.007241346325256784,0.943359375,0.8729301750092918,0.7620070904417529,0.2666015625,0.22161214588967326,0.04911194320582582,0.9765622054713803,0.9202238537492103,0.846811941009048,0.24330376839533477,0.20674679940173982,0.04274423906286324,2.945286197361841e-07,0.0003837503364453233,1.4726432072189882e-07,0.9409401539744225,0.8699826795990355,0.756869862802318,-0.8495924417363779,0.9433587859427606,-0.7099606429713803,0.3330078125,1.0,1.0,0.3232168511821926,0.3212890625,-0.6787109375,-0.0019277886821926216,-0.6787109375,-0.01171875
tianyan-287__qaoa_0291,qaoa,1024,1024,1024,True,True,0.8175046219488257,0.7629680490973164,0.582120243943365,0.10982811972869468,0.0979687449035855,0.009597874977983808,0.8251953125,0.7719823661737422,0.5959567736832098,0.1943359375,0.17521601008915974,0.030700650191564524,0.8800046219488257,0.8193737355345204,0.6713733184837942,0.17008925700971647,0.15141857214908394,0.02292758399166734,0.04351665791798204,0.0577910252584588,0.003339802600423823,0.8354866069594116,0.772713814464171,0.5970866390637692,-0.707676502220131,0.7739879640308436,-0.6856686844488257,0.3017578125,1.0,1.0,0.32596966605922123,0.3505859375,-0.6494140625,0.02461627144077877,-0.6494140625,0.048828125
tianyan-287__qaoa_0292,qaoa,1024,1024,1024,True,True,0.9482392207281833,0.8787512295095471,0.7722037233645407,0.10549062806819656,0.09316795323550683,0.008680267510093587,0.9482421875,0.878917838003066,0.7724965659599838,0.26171875,0.22440781672659674,0.05035886820799783,0.9814423457281833,0.9292270938060128,0.8634629918631684,0.22234996200624635,0.1963426847590682,0.03855044985839883,2.9667718166728258e-06,0.0012179437624790799,1.4833870085616971e-06,0.9409375877136925,0.8698483163985493,0.7566360935413907,-0.8427485926599868,0.9482362539563667,-0.7197235957281833,0.2880859375,1.0,1.0,0.3232168653392474,0.3115234375,-0.6884765625,-0.011693427839247372,-0.6884765625,0.0234375
tianyan-287__qaoa_0293,qaoa,1024,1024,1024,True,True,0.9228513711100441,0.8497986235986541,0.7221577006701669,0.09567847709210861,0.08974307875303618,0.008053820184073654,0.9228515625,0.8498493539792142,0.7222439244588879,0.2548828125,0.2270584372494475,0.05155553392616129,0.9814451211100441,0.929361570548049,0.8637129288115364,0.20419296195293127,0.18170301608193457,0.03301598605327177,1.9138995594340562e-07,0.00030934605626198173,9.569498252484117e-08,0.9409402527011661,0.8699946941161422,0.7568907677902398,-0.8271728940179355,0.9228511797200881,-0.7265623086100441,0.3115234375,1.0,1.0,0.3232168505315925,0.33203125,-0.66796875,0.008814399468407508,-0.66796875,0.0205078125
tianyan-287__qaoa_0294,qaoa,1024,1024,1024,True,True,0.9404296849791847,0.8694362874547025,0.755919457943016,0.09638037444458489,0.08517273532331893,0.007254394842456139,0.9404296875,0.8694421761266916,0.7559296976279171,0.1962890625,0.1762257936937602,0.031055530362995732,0.9775390599791847,0.9220196101279352,0.8501201614604696,0.18848365248042223,0.16213622760983906,0.02628815630354954,2.520815331849615e-09,3.550222057165891e-05,1.2604076655187215e-09,0.9409404345733725,0.870039208591531,0.7569682244865776,-0.8440493105345998,0.9404296824583693,-0.7812499974791847,0.310546875,1.0,1.0,0.3232168495970787,0.3046875,-0.6953125,-0.018529349597078693,-0.6953125,-0.005859375
tianyan-287__qaoa_0295,qaoa,1024,1024,1024,True,True,0.7665127820876817,0.7451892280902367,0.5553069856617228,0.09901180242881433,0.09114120558620663,0.008306719355707181,0.76953125,0.7461890890167402,0.5567981565676325,0.1240234375,0.12426832951855685,0.015442617721332628,0.7899502820876817,0.7546277749936376,0.5694630787918482,0.09812205335268559,0.09257422824029196,0.00856998773428567,0.04576250321542012,0.044344202015492495,0.001966408252390809,0.7581141199432997,0.730268467394386,0.5332920344705454,-0.6675009796588673,0.7207502788722616,-0.6659268445876817,0.3037109375,1.0,1.0,0.3156876928158065,0.31640625,-0.68359375,0.0007185571841935023,-0.68359375,0.0126953125
tianyan-287__qaoa_0296,qaoa,1024,1024,1024,True,True,0.8414228873063155,0.7682521780356392,0.5902114090565034,0.0963023580522673,0.08563094190269134,0.0073326582111421,0.8291015625,0.7672531194472724,0.5886773493015703,0.1298828125,0.12033203597581715,0.014479798882085353,0.8326338248063155,0.7704528531621583,0.5935975989457102,0.10947002415337362,0.09467232273284001,0.008962848691631017,0.04442132840249275,0.061507512897546635,0.0037831741428418658,0.8405281742876651,0.7688035571273335,0.5910589094516412,-0.7451205292540483,0.7970015589038227,-0.7027510123063155,0.31640625,1.0,0.9999999999999999,0.3156894391629242,0.322265625,-0.6777343749999999,0.00657618583707581,-0.677734375,0.005859375
tianyan-287__qaoa_0297,qaoa,1024,1024,1024,True,True,0.7802649434862148,0.7454711094601931,0.5557271750398112,0.09770570120905037,0.09064289436013163,0.008216134297981985,0.7822265625,0.7466296832659256,0.5574558839337764,0.1435546875,0.1337925495129781,0.017900446305182692,0.783004151592422,0.752333393196225,0.5660055345181457,0.11671865696366276,0.11102779790216835,0.01232717190700474,0.04415558834140215,0.05329181160259528,0.002840017183886509,0.7684104202415526,0.7332830310457029,0.5377040036195734,-0.6825592422771645,0.7361093551448126,-0.639449464092422,0.2861328125,1.0,1.0000000000000004,0.31559969419795164,0.28515625,-0.7148437500000004,-0.03044344419795164,-0.71484375,-0.0009765625
tianyan-287__qaoa_0298,qaoa,1024,1024,1024,True,True,0.9612189740065338,0.894376755668594,0.7999097810802798,0.10549771072760972,0.0967364016282043,0.009357931399973245,0.9619140625,0.8971308781610686,0.8048438125500501,0.1904296875,0.1678350847693135,0.02816861567952265,0.9827033490065337,0.930846778730843,0.866475725473587,0.14773099528790753,0.13017832928224599,0.01694639741471686,0.000695088493466356,0.018644158903888493,0.00034760466123344463,0.9686603463201041,0.9054915000810112,0.8199148567189599,-0.8557212632789241,0.9605238855130674,-0.7922736615065337,0.298828125,1.0,1.0,0.31460962485472344,0.3017578125,-0.6982421875,-0.012851812354723435,-0.6982421875,0.0029296875
tianyan-287__qaoa_0299,qaoa,1024,1024,1024,True,True,0.9668514527826795,0.9035253870064985,0.816358124965243,0.0938996215519791,0.08498541737416783,0.007222521166261507,0.966796875,0.9041324513875973,0.817455489652146,0.1875,0.17632738013058188,0.031091344983714724,0.9727108277826795,0.9147596299180472,0.8367851805278026,0.16596889048607097,0.14488291168664644,0.020991058098800593,0.0015095842246225133,0.017470257523756368,0.000305209897946366,0.9655573180122519,0.9014360602782765,0.8125869707700206,-0.8729518312307004,0.9653418685580569,-0.7852108277826795,0.3095703125,1.0,0.9999999999999997,0.3146127519271575,0.3134765625,-0.6865234374999997,-0.0011361894271574857,-0.6865234375,0.00390625
tianyan-287__qaoa_0300,qaoa,1024,1024,1024,True,True,0.8369140625,0.772114629024451,0.5961610003535657,0.07756794350631735,0.09324980339885851,0.008695525833925764,0.8369140625,0.7721146291330371,0.5961610005212473,0.380859375,0.33204298322925846,0.1102525427117856,0.9599609375,0.8943726110452201,0.7999023673878447,0.3743937114120876,0.30745797865492003,0.09453040863856926,2.0011283276710216e-19,4.4733972858120054e-10,2.0011283276710216e-19,0.8300565299750952,0.7666537651564539,0.5877579956285672,-0.7593461189936827,0.8369140625,-0.5791015625,0.3544921875,1.0,1.0,0.3872418736821731,0.380859375,-0.619140625,-0.00638249868217311,-0.619140625,0.0263671875
tianyan-287__qaoa_0301,qaoa,1024,1024,1024,True,True,0.8203125,0.7590153987913071,0.576104375602327,0.06908428388253614,0.08960518922312838,0.008029089935712642,0.8203125,0.7590153990892877,0.5761043760546707,0.4033203125,0.329670315671071,0.10868251703466361,0.9306640625,0.8583022888656918,0.7366828190720855,0.37556959085617825,0.2993909621760412,0.08963494823269574,3.8211601891342165e-18,1.9547788082374477e-09,3.821160189134216e-18,0.8264478380481144,0.7638089275633857,0.5834040778255294,-0.7512282161174638,0.8203125,-0.52734375,0.337890625,1.0,1.0,0.382721307828356,0.373046875,-0.626953125,-0.009674432828356005,-0.626953125,0.03515625
tianyan-287__qaoa_0302,qaoa,1024,1024,1024,True,True,0.8173828125,0.7567447899726216,0.5726626771507072,0.08461954846400056,0.08953814846267609,0.008017080030124224,0.8173828125,0.7567447899726221,0.572662677150708,0.4072265625,0.344951129470229,0.1189912817227867,0.947265625,0.8777017355651497,0.7703603366140761,0.3773470200432989,0.30372921205754755,0.0922514342570987,2.372970058067521e-30,1.5404447598234482e-15,2.372970058067521e-30,0.8264478380481146,0.7638089278937689,0.5834040783302287,-0.7327632640359995,0.8173828125,-0.5400390625,0.345703125,1.0,1.0,0.382721307828356,0.3828125,-0.6171875,9.119217164399451e-05,-0.6171875,0.037109375
tianyan-287__qaoa_0303,qaoa,1024,1024,1024,True,True,0.8271484375,0.7643597251836687,0.5842457894828534,0.06935283920306656,0.08016816597903134,0.006426934836441519,0.8271484375,0.764359726019716,0.5842457907609353,0.3369140625,0.278656714018229,0.07764956426743705,0.931640625,0.8593856762481519,0.7385437405404933,0.3403378311354456,0.27835878305136263,0.07748361210183556,1.9017735171580298e-17,4.360932832729748e-09,1.9017735171580304e-17,0.8264478380481144,0.7638089271567142,0.5834040772042908,-0.7577955982969334,0.8271484375,-0.5947265625,0.3125,1.0,1.0,0.3827213078283561,0.3935546875,-0.6064453125,0.010833379671643883,-0.6064453125,0.0810546875
tianyan-287__qaoa_0304,qaoa,1024,1024,1024,True,True,0.8125,0.752985588648853,0.5669872967128597,0.07396924459191025,0.0785324226106792,0.006167341401102318,0.8125,0.7529855895751131,0.5669872981077807,0.4130859375,0.3357703766174009,0.11274174581379125,0.9462890625,0.8764951772801561,0.7682437957953724,0.4054429400673121,0.32261061097810995,0.1040776063156694,2.895108622836631e-17,5.380621360806419e-09,2.895108622836631e-17,0.8264478380481142,0.7638089269843735,0.58340407694102,-0.7385307554080898,0.8125,-0.533203125,0.326171875,1.0,1.0,0.3827213078283561,0.4052734375,-0.5947265625,0.022552129671643883,-0.5947265625,0.0791015625
tianyan-287__qaoa_0305,qaoa,1024,1024,1024,True,True,0.932616337201607,0.8603645484172779,0.7402271561732665,0.1035030093072262,0.09601211081413123,0.009218325422985016,0.9326171875,0.8604754524585871,0.7404180042838102,0.2509765625,0.21519661244434654,0.04630958200752229,0.979491337201607,0.9255505034138028,0.8566437343695439,0.2310659499234401,0.19770347597774102,0.03908666441368122,8.5029839310715e-07,0.0006520347283028729,4.251492869130012e-07,0.9409396201467791,0.869949759879877,0.7568125847150556,-0.8291133278943807,0.9326154869032138,-0.728514774701607,0.3154296875,1.0,1.0,0.3232168522126729,0.357421875,-0.642578125,0.03420502278732712,-0.642578125,0.0419921875
tianyan-287__qaoa_0306,qaoa,1024,1024,1024,True,True,0.7598537559403884,0.7253306575442983,0.526104562773644,0.09682028778027055,0.0866997188964878,0.007516841256730003,0.7607421875,0.7295889713987035,0.5323000671866182,0.201171875,0.18179701291420497,0.03305015390452761,0.7948153639081827,0.7733089720936048,0.5980067663204677,0.16448768003795777,0.14702476430426523,0.021616281318724742,0.04781896367075302,0.051429120130239536,0.002644954397370609,0.7643584535493084,0.7336727212861225,0.5382756619593844,-0.6630334681601179,0.7120347922696354,-0.5936434889081827,0.3310546875,1.0,0.9999999999999997,0.3259038636725789,0.3271484375,-0.6728515624999997,0.0012445738274211027,-0.6728515625,-0.00390625
tianyan-287__qaoa_0307,qaoa,1024,1024,1024,True,True,0.947243662896896,0.8771849083926749,0.7694533635118654,0.08516790567374798,0.0793190818599399,0.006291516747103846,0.947265625,0.8777017355651503,0.770360336614077,0.2470703125,0.21611048909493083,0.04670374349685022,0.977517100396896,0.921530566095423,0.8492185842481509,0.20819998227141545,0.18322574284544552,0.03357167284126533,2.196210310402255e-05,0.0033137760703501546,1.0981111844425311e-05,0.9409193022975655,0.8695195765018775,0.7560642939200044,-0.862075757223148,0.947221700793792,-0.730446787896896,0.3388671875,1.0,1.0,0.32321693968227866,0.314453125,-0.685546875,-0.008763814682278659,-0.685546875,-0.0244140625
tianyan-287__qaoa_0308,qaoa,1024,1024,1024,True,True,0.9355467769260412,0.8637496496736149,0.7460634573112924,0.09726115557014761,0.0945249044929033,0.008934957569392488,0.935546875,0.8637845795423337,0.7461237998551262,0.2900390625,0.24721224671492173,0.06111389492583933,0.9804686519260412,0.9274675677885406,0.8601960892995911,0.237706678654185,0.2081963118578601,0.04334570427121534,9.807395887742004e-08,0.0002214429511245074,4.9036980602730975e-08,0.9409403437815145,0.8700090926314108,0.7569158212613307,-0.8382856213558936,0.9355466788520823,-0.6904295894260412,0.3125,1.0,0.9999999999999999,0.32321684988938065,0.3388671875,-0.6611328124999999,0.015650337610619347,-0.6611328125,0.0263671875
tianyan-287__qaoa_0309,qaoa,1024,1024,1024,True,True,0.944335936028255,0.8741048967360405,0.764059370497924,0.0934516679567586,0.08789361516472742,0.007725287586725202,0.9443359375,0.8741096463818421,0.7640676738977891,0.2470703125,0.21430108535031558,0.04592495518232325,0.974609373528255,0.916868842456206,0.8406484742669831,0.21396658034769372,0.18677339887123678,0.03488430252591411,1.4717450597298405e-09,2.7126970535290522e-05,7.358725304225201e-10,0.9409404355835405,0.8700405694642799,0.7569705925137284,-0.8508842680714964,0.94433593455651,-0.727539061028255,0.2998046875,1.0,1.0,0.3232168495959818,0.314453125,-0.685546875,-0.008763724595981792,-0.685546875,0.0146484375
tianyan-287__qaoa_0310,qaoa,1024,1024,1024,True,True,0.7554689760579818,0.7256711505625568,0.526598618758785,0.10082110852057462,0.0958093933481271,0.009179439853736142,0.7548828125,0.7343694457302948,0.5392984828222205,0.146484375,0.1368356543214547,0.018723996293580646,0.7633860256810734,0.7304092347302297,0.5334976501791997,0.09735859603173748,0.08696857775642909,0.007563533516976054,0.060191910051606644,0.05831966805086243,0.003401183681562784,0.7416607809750235,0.7189026648286647,0.5168210414977554,-0.6546478675374072,0.6952770660063752,-0.6169016506810734,0.3212890625,1.0,1.0,0.3156344079046492,0.306640625,-0.693359375,-0.008993782904649195,-0.693359375,-0.0146484375
tianyan-287__qaoa_0311,qaoa,1024,1024,1024,True,True,0.8402988703344517,0.7685419325113823,0.59065670202833,0.10993949823154467,0.09614449289038121,0.009243763513148562,0.8466796875,0.773828195666749,0.5988100764088563,0.1650390625,0.14484488830620038,0.02098004166843566,0.8520176203344517,0.7886694913997413,0.6219995666647267,0.11439037658036474,0.10169905434260021,0.01034269765417915,0.038843911325094675,0.05597820237344522,0.0031335591409623878,0.8529414112990099,0.7811954786502381,0.6102663758635746,-0.730359372102907,0.801454959009357,-0.6869785578344517,0.3095703125,1.0,1.0000000000000002,0.3157483593147052,0.310546875,-0.6894531250000002,-0.005201484314705185,-0.689453125,0.0009765625
tianyan-287__qaoa_0312,qaoa,1024,1024,1024,True,True,0.7691450313933204,0.7430301193046565,0.552093758193892,0.11844133046702808,0.10535401731272294,0.011099468963929524,0.7734375,0.7485436413048654,0.560317582937947,0.1669921875,0.14626622681947923,0.021393809108007346,0.7795570150486307,0.7635043370773353,0.5829388727359013,0.10970035331021852,0.09858899021819745,0.009719788992243832,0.03508809052048739,0.04205499619551491,0.0017686227050047732,0.7709662808449255,0.7433927250201153,0.5526327436128329,-0.6507037009262923,0.734056940872833,-0.6125648275486307,0.3125,1.0,0.9999999999999998,0.31559972471999,0.3193359375,-0.6806640624999998,0.0037362127800100176,-0.6806640625,0.0068359375
tianyan-287__qaoa_0313,qaoa,1024,1024,1024,True,True,0.9454696356177383,0.8910446516839877,0.7939605712946389,0.09491248181837766,0.08708518859558542,0.007583830072728681,0.951171875,0.9000928308982626,0.8101671042344484,0.169921875,0.15791942916983484,0.024938546109326484,0.9562118231177381,0.9150282016752507,0.8372766098610431,0.13475168902752327,0.12142356463047325,0.014743682047570714,0.007415870972644545,0.038610290321932556,0.0014907545187439189,0.9400430449463348,0.8837651978497603,0.7810409249304259,-0.8505571537993607,0.9380537646450938,-0.7862899481177381,0.298828125,1.0,0.9999999999999999,0.3146498745028609,0.3330078125,-0.6669921874999999,0.018357937997139084,-0.6669921875,0.0341796875
tianyan-287__qaoa_0314,qaoa,1024,1024,1024,True,True,0.9755491611239782,0.9179082777592174,0.8425556063788925,0.1090115880083123,0.09339542876929215,0.008722706114999923,0.9755859375,0.9185586535436918,0.84375,0.2158203125,0.18337284960693626,0.03362560197296806,0.9872679111239783,0.9413832288112446,0.8862023834870841,0.1654051711211706,0.14433448997788959,0.020832444997177506,3.6776376021721526e-05,0.0042881647679041636,1.838835707669457e-05,0.9693096067201492,0.9076199076067759,0.8237738966841325,-0.8665375731156658,0.9755123847479564,-0.7714475986239783,0.2939453125,1.0,0.9999999999999999,0.3146087142964649,0.3134765625,-0.6865234374999999,-0.0011321517964649197,-0.6865234375,0.01953125
tianyan-287__qaoa_0315,qaoa,1024,1024,1024,True,True,0.83203125,0.76821877877525,0.5901600920629365,0.08062687838331489,0.08225491318220741,0.006765870742612479,0.83203125,0.7682187788847166,0.590160092231125,0.375,0.31714766771506026,0.10058264313710226,0.9521484375,0.8838834763856487,0.7812499998275795,0.36805489743529485,0.3110191679787392,0.09673292285018717,2.0011261375297135e-19,4.473394837849341e-10,2.0011261375297133e-19,0.8300565299750949,0.7666537651564539,0.5877579956285672,-0.7514043716166852,0.83203125,-0.5771484375,0.345703125,1.0,1.0,0.38724187368217305,0.3798828125,-0.6201171875,-0.0073590611821730545,-0.6201171875,0.0341796875
tianyan-287__qaoa_0316,qaoa,1024,1024,1024,True,True,0.798828125,0.7426157294273604,0.5514781215929305,0.12098034678313166,0.12018659215289582,0.01444481693332652,0.798828125,0.7426157297349492,0.5514781220497711,0.3974609375,0.33808381987082664,0.11430066925844955,0.943359375,0.8729301747069994,0.7620070899139925,0.3946389303379769,0.3142240533645699,0.09873675571286004,3.8211605210215386e-18,1.954778893128719e-09,3.8211605210215386e-18,0.8264478380481145,0.7638089275633858,0.5834040778255295,-0.6778477782168684,0.798828125,-0.5458984375,0.3037109375,1.0,1.0,0.3827213078283561,0.3984375,-0.6015625,0.015716192171643883,-0.6015625,0.0947265625
tianyan-287__qaoa_0317,qaoa,1024,1024,1024,True,True,0.8408203125,0.7752591231935617,0.6010267080948501,0.10446315381601862,0.10331378454101957,0.010673738076188214,0.8408203125,0.7752591233177358,0.6010267082873842,0.34375,0.28475304243058464,0.08108429517347433,0.9384765625,0.8671567415071015,0.7519608143412141,0.361762420574256,0.29051792994388187,0.08440066761887824,7.15167884995257e-19,8.456759929164697e-10,7.15167884995257e-19,0.8264478380481145,0.7638089277508388,0.583404078111886,-0.7363571586839814,0.8408203125,-0.5947265625,0.31640625,1.0,1.0,0.38272130782835606,0.365234375,-0.634765625,-0.01748693282835606,-0.634765625,0.048828125
tianyan-287__qaoa_0318,qaoa,1024,1024,1024,True,True,0.826171875,0.7635921664496349,0.5830729966632469,0.06770663840712968,0.0855614256797825,0.0073207575643569455,0.826171875,0.7635921673223555,0.5830729979960521,0.3857421875,0.3284210032442772,0.10786035537197755,0.943359375,0.8729301743420916,0.7620070892769144,0.3872402307652041,0.31014418062083055,0.09618941277296636,1.9017735179441605e-17,4.36093283363108e-09,1.9017735179441605e-17,0.8264478380481146,0.7638089271567143,0.583404077204291,-0.7584652365928704,0.826171875,-0.5576171875,0.287109375,1.0,1.0,0.3827213078283559,0.4013671875,-0.5986328125,0.018645879671644106,-0.5986328125,0.1142578125
tianyan-287__qaoa_0319,qaoa,1024,1024,1024,True,True,0.83984375,0.7744706151919836,0.5998047337958495,0.09121593922746361,0.11361977025589123,0.012909452193001507,0.83984375,0.7744706160729709,0.599804735160447,0.3720703125,0.3279726764232107,0.10756607648020407,0.9404296875,0.8694421752497357,0.755929696102992,0.36343472084323447,0.29302112913392697,0.08586138211892151,2.89510866596043e-17,5.38062140087967e-09,2.89510866596043e-17,0.8264478380481145,0.7638089269843734,0.5834040769410199,-0.7486278107725364,0.83984375,-0.568359375,0.3203125,1.0,1.0,0.38272130782835606,0.3642578125,-0.6357421875,-0.01846349532835606,-0.6357421875,0.0439453125
tianyan-287__qaoa_0320,qaoa,1024,1024,1024,True,True,0.9404292786129875,0.8693806970930288,0.7558227964779607,0.10916265442337197,0.09784730708898831,0.009574095504566782,0.9404296875,0.8694421761266916,0.7559296976279171,0.2451171875,0.2229908019480962,0.049724897753455066,0.9833980286129875,0.9333057669370574,0.8710596545979689,0.24213473530246601,0.20605183872621227,0.04245736024245299,4.088870124401086e-07,0.00045215431779791827,2.044435271033009e-07,0.9409400439639188,0.8699714968675001,0.7568504053618788,-0.8312666241896156,0.9404288697259751,-0.7382808411129875,0.287109375,1.0,0.9999999999999999,0.323216850248173,0.3271484375,-0.6728515624999999,0.003931587251827018,-0.6728515625,0.0400390625
tianyan-287__qaoa_0321,qaoa,1024,1024,1024,True,True,0.9384759672243566,0.8670682784334868,0.7518073994656106,0.07328063053837637,0.07260470715216852,0.005271443500652151,0.9384765625,0.8671567416492214,0.7519608145876946,0.2041015625,0.18681837607261265,0.03490110563840813,0.9824212797243566,0.9312821953111262,0.8672865273035106,0.19553481062248934,0.1725415332317359,0.029770580689958227,5.952756435088403e-07,0.0005455619726714465,2.976378660251601e-07,0.9409398662558189,0.8699578237845729,0.7568266151639899,-0.8651953366859801,0.938475371948713,-0.7783197172243566,0.2724609375,1.0,0.9999999999999999,0.32321685075811285,0.3291015625,-0.6708984374999999,0.00588471174188715,-0.6708984375,0.056640625
tianyan-287__qaoa_0322,qaoa,1024,1024,1024,True,True,0.942382633065731,0.8717142019583652,0.7598856498959097,0.08541661345135002,0.07559298561659689,0.005714299474431023,0.9423828125,0.871759253107821,0.759964195379106,0.2236328125,0.19352222320006274,0.0374508508722949,0.9765623205657311,0.9202363320267963,0.8468349067821321,0.20771858655820208,0.17694031077926686,0.03130787357866354,1.794342690247505e-07,0.00029952819324729303,8.971713854998772e-08,0.940940265402195,0.8699967131818492,0.7568942809472208,-0.856966019614381,0.942382453631462,-0.7529295080657311,0.291015625,1.0,1.0,0.32321685066890654,0.3046875,-0.6953125,-0.01852935066890654,-0.6953125,0.013671875
tianyan-287__qaoa_0323,qaoa,1024,1024,1024,True,True,0.9326169568931261,0.860429510412495,0.7403389423886859,0.09278101077270381,0.09023725813226192,0.00814276275522847,0.9326171875,0.8604754524585871,0.7404180042838102,0.22265625,0.20656678207081788,0.04266983545509277,0.9765622693931261,0.9202330614905856,0.8468288874603358,0.21306367685322292,0.18051912688942187,0.03258715517291919,2.3060687388181298e-07,0.00033956360753808676,1.153034435642798e-07,0.9409402142147706,0.8699899650204308,0.7568825392362504,-0.8398359461204222,0.9326167262862521,-0.7539060193931261,0.3017578125,1.0,0.9999999999999999,0.32321685027672314,0.33984375,-0.6601562499999999,0.016626899723276856,-0.66015625,0.0380859375
tianyan-287__qaoa_0324,qaoa,1024,1024,1024,True,True,0.9267578099314292,0.8540235508654306,0.7293562254327988,0.08945129305970197,0.08547302126541013,0.0073056373642372534,0.9267578125,0.8540298948616277,0.7293670613173628,0.2353515625,0.2115768661132175,0.044764770274290364,0.9843749974314292,0.9354096717905486,0.8749912540793019,0.21552717452501013,0.18953304662273363,0.035922775762095314,2.56857084708601e-09,3.583692854670207e-05,1.28428544766143e-09,0.9409404345269357,0.8700391580329726,0.7569681365107238,-0.8373065168717272,0.9267578073628584,-0.7490234349314292,0.287109375,1.0,1.0,0.32321684959713315,0.3515625,-0.6484375,0.02834565040286685,-0.6484375,0.064453125
tianyan-287__qaoa_0325,qaoa,1024,1024,1024,True,True,0.7801700961787513,0.7550483249763132,0.5700979730495364,0.11101184363216468,0.09975583957454251,0.00995122752922186,0.7734375,0.7524201671864073,0.566136107988821,0.1884765625,0.16687876302975072,0.027848521550339695,0.800698820888331,0.7696182955718762,0.5923123208789598,0.12411728084661311,0.10921318906558365,0.011927520665874922,0.03303752042388094,0.040811707527862055,0.0016655954713397521,0.7911499643012609,0.7562015991637966,0.5718408585778834,-0.6691582525465867,0.7471325757548704,-0.612222258388331,0.30078125,1.0,0.9999999999999999,0.3157577127193864,0.3076171875,-0.6923828124999999,-0.008140525219386407,-0.6923828125,0.0068359375
tianyan-287__qaoa_0326,qaoa,1024,1024,1024,True,True,0.797838200822846,0.7523634232365484,0.5660507206242176,0.09377522716714798,0.08749613827523484,0.007655574213079015,0.7900390625,0.7499520169969626,0.5624280277978124,0.14453125,0.13484339375369514,0.01818274083901407,0.8158869985399244,0.76751094864451,0.5890730562891956,0.09426934695798857,0.0864214280497665,0.007468663226160969,0.03670911933010108,0.04399722910503895,0.0019357561689212865,0.800242709003322,0.7544743096359809,0.5692314839006901,-0.704062973655698,0.7611290814927448,-0.6713557485399244,0.328125,1.0,0.9999999999999999,0.3157211211688964,0.314453125,-0.6855468749999999,-0.0012679961688963903,-0.685546875,-0.013671875
tianyan-287__qaoa_0327,qaoa,1024,1024,1024,True,True,0.8642607019515922,0.8345528234378701,0.6964784151081207,0.08962048433300963,0.08227844234965119,0.006769742075484874,0.8779296875,0.8441293434894105,0.7125543485398631,0.1279296875,0.11678081939499313,0.013637759778566004,0.875808343897944,0.8514707723116768,0.7250024761010433,0.10722541970904947,0.09938701715198431,0.009877779178368823,0.016206613307708246,0.04319433640015005,0.0018657506970493276,0.8607720678757271,0.8367921391458928,0.7002210841363592,-0.7746402176185826,0.848054088643884,-0.747878656397944,0.31640625,1.0,0.9999999999999998,0.31592821305061775,0.330078125,-0.6699218749999998,0.014149911949382254,-0.669921875,0.013671875
tianyan-287__qaoa_0328,qaoa,1024,1024,1024,True,True,0.945612027174971,0.886731695970345,0.7862931006384444,0.10386084732892199,0.0947491951305999,0.008977409977896495,0.94921875,0.8929622249871851,0.7973815352540643,0.21484375,0.1824472768682831,0.03328700883665195,0.9592839021749708,0.9142994533850679,0.835943490460234,0.17069904520949142,0.1442394493723763,0.020805018755246305,0.0049205534959058115,0.02966652019505571,0.0008801024204836483,0.9422583938708864,0.8833598507391368,0.78032462589787,-0.841751179846049,0.9406914736790651,-0.7444401521749708,0.3427734375,1.0,1.0,0.31466139773355,0.3310546875,-0.6689453125,0.016393289766449992,-0.6689453125,-0.01171875
tianyan-287__qaoa_0329,qaoa,1024,1024,1024,True,True,0.9694448123040149,0.9074289616306772,0.8234273204061291,0.0886895825680826,0.08265346371046214,0.0068315950633366825,0.9697265625,0.9088494724989181,0.8260073636615618,0.177734375,0.15617662092921136,0.024391136924866576,0.982140124804015,0.9296614625945595,0.8642704350334556,0.14347769134188582,0.12468883755222303,0.015547306210124663,0.00028175019598493926,0.011869499664569013,0.00014088502228720392,0.9690682275032381,0.9066437753282175,0.8220029353414033,-0.8807552297359323,0.9691630621080299,-0.804405749804015,0.3193359375,1.0,1.0,0.31460904126070993,0.314453125,-0.685546875,-0.0001559162607099318,-0.685546875,-0.0048828125
tianyan-287__qaoa_0330,qaoa,1024,1024,1024,True,True,0.8330078125,0.7689949431700782,0.5913532226211519,0.0746455695888423,0.08692791277701742,0.007556462019768749,0.8330078125,0.7689949440946032,0.5913532240430619,0.3896484375,0.32521213248713987,0.10576293111683302,0.96484375,0.9013878179743913,0.8124999983926344,0.39045606870479094,0.3237820919421656,0.10483484306244498,1.575325379743637e-17,3.969036885371106e-09,1.575325379743637e-17,0.8300565299750948,0.7666537642642562,0.5877579942605538,-0.7583622429111577,0.8330078125,-0.5751953125,0.33203125,1.0,1.0,0.38724187368217333,0.392578125,-0.607421875,0.005336251317826668,-0.607421875,0.060546875
tianyan-287__qaoa_0331,qaoa,1024,1024,1024,True,True,0.8193359375,0.7582572426772238,0.5749540460724663,0.07691542147002628,0.09422897530597561,0.008879099787214162,0.8193359375,0.7582572430264134,0.5749540466020173,0.3720703125,0.31233805798832326,0.09755506246791719,0.9296875,0.8572251492524898,0.7348349565109535,0.36254778962088735,0.28392341162540535,0.08061250366900938,3.821159985645247e-18,1.9547787561883435e-09,3.821159985645248e-18,0.8264478380481146,0.7638089275633859,0.5834040778255297,-0.7424205160299737,0.8193359375,-0.5576171875,0.3212890625,1.0,1.0,0.3827213078283559,0.3984375,-0.6015625,0.015716192171644106,-0.6015625,0.0771484375
tianyan-287__qaoa_0332,qaoa,1024,1024,1024,True,True,0.83984375,0.7744706157877386,0.599804734718639,0.0782436974017334,0.07965942580341721,0.006345624119330133,0.83984375,0.7744706160729709,0.599804735160447,0.34375,0.2793849613095564,0.07805595660594233,0.9501953125,0.881379805268673,0.7768303611354439,0.35432802482984715,0.28744280282403084,0.08262336489533467,2.860668135869828e-18,1.6913509795042032e-09,2.8606681358698277e-18,0.8264478380481145,0.7638089276079084,0.5834040778935431,-0.7616000525982666,0.83984375,-0.6064453125,0.296875,1.0,1.0,0.3827213078283561,0.35546875,-0.64453125,-0.027252557828356117,-0.64453125,0.05859375
tianyan-287__qaoa_0333,qaoa,1024,1024,1024,True,True,0.841796875,0.7760492474814046,0.6022524345164544,0.08576785903596554,0.097173924608062,0.009442771623733318,0.841796875,0.7760492481682892,0.602252435582567,0.3818359375,0.31791430079811217,0.10106950265195255,0.9296875,0.8572251487816309,0.7348349557036893,0.3850754478276068,0.30277173524953827,0.0916707236660165,1.9017735095574954e-17,4.360932824015403e-09,1.9017735095574954e-17,0.8264478380481143,0.7638089271567141,0.5834040772042907,-0.7560290159640345,0.841796875,-0.5478515625,0.353515625,1.0,1.0,0.3827213078283561,0.373046875,-0.626953125,-0.009674432828356117,-0.626953125,0.01953125
tianyan-287__qaoa_0334,qaoa,1024,1024,1024,True,True,0.833984375,0.7697725953346983,0.5925498485283172,0.08699703200961195,0.10300486131597468,0.010610001454723177,0.833984375,0.76977259607941,0.5925498496748345,0.3720703125,0.31667267187538983,0.10028158111269833,0.943359375,0.8729301741393047,0.7620070889228769,0.36085617624462235,0.2933108816257569,0.0860312732800788,2.895108639620444e-17,5.380621376402955e-09,2.895108639620444e-17,0.8264478380481145,0.7638089269843735,0.58340407694102,-0.746987342990388,0.833984375,-0.5712890625,0.3193359375,1.0,1.0,0.38272130782835606,0.37109375,-0.62890625,-0.011627557828356061,-0.62890625,0.0517578125
tianyan-287__qaoa_0335,qaoa,1024,1024,1024,True,True,0.9404292786412244,0.8693677617478245,0.755800305166422,0.10609313020719069,0.10076272479065315,0.010153126707236908,0.9404296875,0.8694421761266916,0.7559296976279171,0.275390625,0.24397840486276437,0.05952546203937896,0.9833980286412244,0.9333014274356694,0.871051554453458,0.23596276195792074,0.20999592914809134,0.0440982902587702,4.0885877559902496e-07,0.0004521387051425474,2.0442940868797944e-07,0.9409400439914064,0.8699714994385448,0.75685040983535,-0.8343361484340337,0.9404288697824488,-0.7080074036412244,0.271484375,1.0,0.9999999999999999,0.3232168502481198,0.3203125,-0.6796874999999999,-0.0029043502481198025,-0.6796875,0.048828125
tianyan-287__qaoa_0336,qaoa,1024,1024,1024,True,True,0.9501937135661246,0.8812555695767403,0.7766113789100251,0.08942714253715038,0.08020875440648866,0.0064334442834404135,0.9501953125,0.8813798055367708,0.7768303616080359,0.224609375,0.20284014868701206,0.041144125919369154,0.9804671510661247,0.9273757481418125,0.8600257782415864,0.2141896388981156,0.1916757963705329,0.03673961091427799,1.5989338753507125e-06,0.0008941293291653489,7.994672572736768e-07,0.9409388992807582,0.8698996672522498,0.7567254310855749,-0.8607665710289742,0.9501921146322493,-0.7558577760661247,0.3017578125,1.0,1.0,0.32321685804733563,0.328125,-0.671875,0.004908141952664369,-0.671875,0.0263671875
tianyan-287__qaoa_0337,qaoa,1024,1024,1024,True,True,0.9306584126341697,0.8580789797066893,0.736299535414473,0.08762241491548162,0.08576089669069983,0.007354931401192891,0.9306640625,0.8583022891663745,0.7366828195882388,0.248046875,0.21841489545737208,0.047705066557654774,0.9794865376341697,0.9253782546584095,0.8563249141946443,0.22798989160603966,0.19454723595441847,0.037848627017504174,5.649865830305404e-06,0.0016807548617491066,2.8249369052932583e-06,0.9409349762204429,0.8697734805418894,0.7565059074539524,-0.8430359977186881,0.9306527627683394,-0.7314396626341697,0.3291015625,1.0,0.9999999999999999,0.3232168608885313,0.3212890625,-0.6787109374999999,-0.0019277983885312988,-0.6787109375,-0.0078125
tianyan-287__qaoa_0338,qaoa,1024,1024,1024,True,True,0.9423827102983696,0.8717225499939241,0.7599002041679095,0.10687581370918227,0.10140187832278479,0.01028234092738885,0.9423828125,0.871759253107821,0.759964195379106,0.2431640625,0.2207045148968544,0.04871048289585582,0.9785155227983696,0.9237782848534983,0.853366319566871,0.22940766815315272,0.20305195185985875,0.041230095154098395,1.0220163037010489e-07,0.00022605489706111284,5.110081648531032e-08,0.9409403400788567,0.8700092526141256,0.7569160996341895,-0.8355068965891873,0.9423826080967392,-0.7353514602983696,0.3388671875,1.0,1.0,0.323216849912335,0.3017578125,-0.6982421875,-0.021459037412335014,-0.6982421875,-0.037109375
tianyan-287__qaoa_0339,qaoa,1024,1024,1024,True,True,0.938476559923561,0.867151844399083,0.7519523212447314,0.0842341279870867,0.08663205116681598,0.007505112289369821,0.9384765625,0.8671567416492214,0.7519608145876946,0.224609375,0.20733981365992857,0.042989798328533904,0.977539059923561,0.9220204811680733,0.8501217676934054,0.20971193924352166,0.18700919760701712,0.03497243998962038,2.576438885103715e-09,3.589177434883357e-05,1.2882194659075872e-09,0.940940434519268,0.8700391496238632,0.7569681218782149,-0.8542424319364743,0.9384765573471222,-0.752929684923561,0.2919921875,1.0,1.0,0.32321684959715247,0.3408203125,-0.6591796875,0.017603462902847533,-0.6591796875,0.048828125
tianyan-287__qaoa_0340,qaoa,1024,1024,1024,True,True,0.7416480801726856,0.7274826446096457,0.529230998208244,0.11461500719531822,0.09928597683907643,0.009857705196889622,0.7373046875,0.723964286965862,0.524124288801989,0.1708984375,0.14847084175716962,0.022043590852082504,0.7632623135555973,0.7486632186481356,0.560496614956586,0.12240811305239682,0.1044649352266976,0.010912922691918125,0.039810764159776905,0.04181725258240537,0.001748682613540689,0.7529141883427353,0.7371512629409479,0.5433919844554345,-0.6270330729773673,0.7018373160129087,-0.5923638760555973,0.3095703125,1.0,1.0,0.3155496819182192,0.34375,-0.65625,0.028200318081780806,-0.65625,0.0341796875
tianyan-287__qaoa_0341,qaoa,1024,1024,1024,True,True,0.8129217368573524,0.7644024363035028,0.5843110846267306,0.07663951304611764,0.06658130726315893,0.00443307047687118,0.81640625,0.770589214982053,0.5938077382466567,0.1015625,0.0899962974607499,0.008099333556643778,0.8197576743573524,0.7744333019122082,0.5997469391106454,0.09776538370619092,0.08819654447397324,0.00777863045714954,0.041801515746075116,0.0549699463553463,0.00302169500230965,0.799413498075976,0.7545795775218807,0.5693903388130999,-0.7362822238112348,0.7711202211112772,-0.7181951743573524,0.2978515625,1.0,1.0,0.31572132796911423,0.30078125,-0.69921875,-0.01494007796911423,-0.69921875,0.0029296875
tianyan-287__qaoa_0342,qaoa,1024,1024,1024,True,True,0.9661209330431344,0.9004787594117647,0.8108619961517508,0.08239351099039888,0.07920088655940463,0.006272780431795681,0.9658203125,0.9016589908516871,0.8129889357836828,0.138671875,0.12845216640487234,0.01649995905410501,0.9797928080431344,0.9239698732891917,0.8537203267460449,0.11506696025349447,0.103845640776218,0.01078391710822331,0.0009129207810920977,0.024020080853779158,0.000576964284222088,0.9680811139679173,0.9037580943437667,0.8167786930918768,-0.8837274220527356,0.9652080122620423,-0.8411209330431344,0.3125,1.0,0.9999999999999999,0.31596485548227693,0.33984375,-0.6601562499999999,0.02387889451772307,-0.66015625,0.02734375
tianyan-287__qaoa_0343,qaoa,1024,1024,1024,True,True,0.9685970994402293,0.9061582545423859,0.8211227822753034,0.07991166057661078,0.07610521189956299,0.005792003278277383,0.96875,0.9073165405212026,0.8232233047033631,0.17578125,0.1462854406221816,0.02139943013802582,0.9842220994402293,0.934360526989369,0.8730295943958514,0.15903111868949382,0.136944109834774,0.018753689218438646,0.0001529005597705979,0.008743752194075013,7.645320243139162e-05,0.9691966685228343,0.9071046653825667,0.8228388739588183,-0.8886854388636185,0.9684441988804587,-0.8084408494402293,0.287109375,1.0,0.9999999999999999,0.3146090752194616,0.306640625,-0.6933593749999999,-0.007968450219461576,-0.693359375,0.01953125
tianyan-287__qaoa_0344,qaoa,1024,1024,1024,True,True,0.9734634053124961,0.9138210446878383,0.8350689017143721,0.09639021784657503,0.08324966901820943,0.00693050739164142,0.9736328125,0.9152159509047129,0.8376202367904177,0.1904296875,0.16025250837341315,0.025680866439970855,0.9881118428124961,0.94301275996068,0.889273065448659,0.17204405457451782,0.14538326984410416,0.021136295150563603,0.00016940718750381757,0.009203650439103393,8.470718140520808e-05,0.9691792462795168,0.9069009762152661,0.8224693806602026,-0.877073187465921,0.9732939981249923,-0.7976821553124961,0.3134765625,1.0,0.9999999999999999,0.3146088432861716,0.32421875,-0.6757812499999999,0.009609906713828387,-0.67578125,0.0107421875
tianyan-287__qaoa_0345,qaoa,1024,1024,1024,True,True,0.8408203124999999,0.7752591219886563,0.6010267062266224,0.08856491427967801,0.09405987782249504,0.008847260615982696,0.8408203125,0.7752591233177358,0.6010267082873842,0.39453125,0.32717555288863287,0.10704384240798259,0.9482421874999999,0.878917836603015,0.7724965634989241,0.38629414365399406,0.3072665766810362,0.0944127491452831,1.7326750224972832e-16,7.889562712040047e-09,6.224519978721269e-17,0.8264478380481143,0.7638089265603293,0.5834040762932425,-0.7522553982203218,0.8408203124999997,-0.5537109374999999,0.330078125,1.0,1.0,0.382721307828356,0.39453125,-0.60546875,0.011809942171643995,-0.60546875,0.064453125
tianyan-287__qaoa_0346,qaoa,1024,1024,1024,True,True,0.8476562499999993,0.7808249611363788,0.6096876199336274,0.09247530291545311,0.09350858186056278,0.008743854881573572,0.84765625,0.7808249644447212,0.6096876251001001,0.3740234375,0.3091394996060166,0.09556723021665835,0.9384765624999993,0.8671567383514238,0.7519608088682797,0.37776182456642826,0.30173784527334824,0.09104572727020305,6.991643253286152e-16,1.9133672358987137e-08,3.660974179410684e-16,0.826447838048114,0.7638089246599274,0.5834040733901548,-0.7551809470845462,0.8476562499999987,-0.5644531249999993,0.3388671875,1.0,1.0,0.3827213078283561,0.3720703125,-0.6279296875,-0.010650995328356117,-0.6279296875,0.033203125
tianyan-287__qaoa_0347,qaoa,1024,1024,1024,True,True,0.8212890624999999,0.7597748572667439,0.577257833734701,0.08695657776737245,0.09449426519040217,0.008929166153874053,0.8212890625,0.7597748585422222,0.5772578356728537,0.3818359375,0.32840929857511153,0.10785266739059673,0.9462890624999999,0.8764951767137722,0.7682437948025067,0.3708591385430265,0.29799635996623497,0.08880183055312588,1.8227986681708247e-16,8.441419569868969e-09,7.125756435456682e-17,0.8264478380481143,0.7638089264670583,0.5834040761507602,-0.7343324847326275,0.8212890624999997,-0.5644531249999999,0.3251953125,1.0,1.0,0.38272130782835617,0.3837890625,-0.6162109375,0.001067754671643828,-0.6162109375,0.05859375
tianyan-287__qaoa_0348,qaoa,1024,1024,1024,True,True,0.837890624999999,0.7728983819028351,0.5973719087480207,0.08452930694252916,0.08794165301742779,0.007733734335437666,0.837890625,0.7728983858113819,0.5973719147898398,0.337890625,0.27872865729582724,0.07768966439793472,0.911132812499999,0.8377911402596965,0.7018939946976424,0.34645670106973603,0.27330203727648045,0.07469400357947471,1.0598634307954412e-15,2.246668463487355e-08,5.047519184828633e-16,0.8264478380481136,0.7638089240966047,0.5834040725296129,-0.7533613180574699,0.8378906249999979,-0.573242187499999,0.3330078125,1.0,1.0,0.38272130782835606,0.3935546875,-0.6064453125,0.010833379671643939,-0.6064453125,0.060546875
tianyan-287__qaoa_0349,qaoa,1024,1024,1024,True,True,0.831054687499998,0.7674440797841536,0.5889704155957464,0.08306405245155035,0.10290430369168366,0.01058929571827026,0.8310546875,0.7674440851381717,0.5889704238135655,0.361328125,0.3160285156137371,0.0998740226810221,0.920898437499998,0.8477912436252498,0.7187499927676476,0.35427012751928655,0.287450975270331,0.08262806318386443,1.9664277804287206e-15,3.110027424744161e-08,9.6722705826608e-16,0.8264478380481128,0.7638089226374148,0.5834040703005284,-0.7479906350484476,0.831054687499996,-0.559570312499998,0.32421875,1.0,1.0,0.38272130782835606,0.3466796875,-0.6533203125,-0.03604162032835606,-0.6533203125,0.0224609375
tianyan-287__qaoa_0350,qaoa,1024,1024,1024,True,True,0.7790971237756554,0.7426763771547487,0.5515682011837024,0.0954209498041329,0.08693997824588817,0.007558559817395508,0.7861328125,0.7469276005290373,0.5579008404320651,0.1982421875,0.18003568943465523,0.03241284947021163,0.8085826084965564,0.781123213568044,0.6101534747748681,0.1565902289751191,0.14392368710083372,0.020714027708698693,0.04522933366014034,0.04587908253692953,0.002104890214430392,0.775620748863403,0.7420933314395312,0.5507025125670219,-0.6836761739715225,0.7338677901155151,-0.6103404209965564,0.30078125,1.0,1.0,0.3260417794056466,0.322265625,-0.677734375,-0.0037761544056466034,-0.677734375,0.021484375
tianyan-287__qaoa_0351,qaoa,1024,1024,1024,True,True,0.775069540865873,0.7449797561055441,0.5549948370070761,0.10686382547265921,0.09912490847888752,0.009825747480947828,0.779296875,0.746910751002438,0.5578756699630258,0.1689453125,0.15640317867826256,0.024461954300664522,0.8046197035511315,0.7832778258119434,0.6135241524086851,0.13851894649386703,0.11961901396640695,0.014308708502295462,0.03437594953598767,0.04555179312394249,0.002074965856806454,0.7767166474998483,0.7450840135344049,0.5551501872245372,-0.6682057153932137,0.7406935913298853,-0.6356743910511315,0.2978515625,1.0,0.9999999999999999,0.3260219821143547,0.3291015625,-0.6708984374999999,0.0030795803856453197,-0.6708984375,0.03125
tianyan-287__qaoa_0352,qaoa,1024,1024,1024,True,True,0.826837203251389,0.7708883914892768,0.5942689121329245,0.0854269096402556,0.07980752507131966,0.0063692410580093155,0.8359375,0.7804060412815744,0.6090335892687784,0.19921875,0.16941576318349383,0.028701700815045667,0.8815696896005362,0.832674994243004,0.6933476460375866,0.20697473147675763,0.17461744181068956,0.030491250984509555,0.020468342795461204,0.04320401201887663,0.0018665866545272362,0.8226917890026,0.7689511164574456,0.5912858195011521,-0.7414102936111334,0.8063688604559278,-0.6823509396005362,0.310546875,1.0,1.0,0.3251117440202485,0.330078125,-0.669921875,0.004966380979751495,-0.669921875,0.01953125
tianyan-287__qaoa_0353,qaoa,1024,1024,1024,True,True,0.7689256188381699,0.7447195218226319,0.5546071661837295,0.10513072692965075,0.09962016292755961,0.009924176861713523,0.7724609375,0.7473972415193525,0.5586026366307373,0.1728515625,0.15782004891673385,0.02490716784008026,0.7972459313381699,0.7735635569190136,0.5984005765931959,0.13570385419620828,0.12623806410967944,0.01593604883015954,0.03339634646645759,0.03792090043437933,0.0014379946897541103,0.7767624981760194,0.7440555786031802,0.5536187040505133,-0.6637948919085191,0.7355292723717123,-0.6243943688381699,0.2998046875,1.0,0.9999999999999999,0.32605134528536067,0.328125,-0.6718749999999999,0.002073654714639328,-0.671875,0.0283203125
tianyan-287__qaoa_0354,qaoa,1024,1024,1024,True,True,0.9384765610302925,0.8671523262564078,0.7519531569318996,0.08796562911006198,0.0783307193301242,0.0061357015907746925,0.9384765625,0.8671567416492214,0.7519608145876946,0.236328125,0.2063501190308337,0.04258037162403923,0.9726562485302925,0.9135824538702947,0.834632900019669,0.21713565355650843,0.18812902871169,0.03539253144400388,1.469707400349999e-09,2.7108185529681403e-05,7.348537227116282e-10,0.9409404356510465,0.8700405748807969,0.7569706019389075,-0.8505109319202305,0.9384765595605852,-0.7363281235302925,0.3388671875,1.0,1.0,0.3232168496131865,0.328125,-0.671875,0.004908150386813526,-0.671875,-0.0107421875
tianyan-287__qaoa_0355,qaoa,1024,1024,1024,True,True,0.8373875866267997,0.8064507275793813,0.6503627760133135,0.09591943703188457,0.08756457212050482,0.007667554290647091,0.83984375,0.8099329259645272,0.6559913445614601,0.15625,0.14462285222841764,0.020915769386682725,0.8896706361583768,0.855486695168034,0.7318574856095248,0.11178854001527466,0.10194420621846467,0.010392621181512851,0.017528205800261824,0.028243300062485065,0.0007976839984195688,0.8559606190092095,0.8238845037389705,0.6787856755012096,-0.7414681495949151,0.8198593808265379,-0.7334206361583768,0.298828125,1.0,1.0,0.31591399322601443,0.322265625,-0.677734375,0.0063516317739855666,-0.677734375,0.0234375
tianyan-287__qaoa_0356,qaoa,1024,1024,1024,True,True,0.7138979242498588,0.7023883831104112,0.49334944072845777,0.08233569990880538,0.07572462298466595,0.0057342185261698,0.7138671875,0.7040861572125325,0.495737316778311,0.1318359375,0.11471896815204828,0.013160441653870668,0.7334291742498588,0.7185915660614064,0.5163738388145845,0.10182913582674268,0.0912149395933407,0.008320165205016794,0.037715335813740605,0.03476877928435089,0.0012088680129239077,0.722238748574878,0.7105079938147078,0.5048216092746008,-0.6315622243410534,0.6761825884361181,-0.6015932367498588,0.31640625,1.0,1.0000000000000002,0.3157082256762146,0.3203125,-0.6796875000000002,0.004604274323785407,-0.6796875,0.00390625
tianyan-287__qaoa_0357,qaoa,1024,1024,1024,True,True,0.8129469113975282,0.7697089459914863,0.5924518615393248,0.10134987582826992,0.09001814697166066,0.0081032667842115,0.8154296875,0.7761805547574964,0.6024562535836548,0.1650390625,0.1534083181547768,0.02353411207907722,0.8285719113975282,0.7803805183466331,0.6089937534149599,0.13499624589672993,0.12120735400788385,0.014691222665592477,0.03009201141009212,0.04988048388157738,0.0024880626722603005,0.80089858404064,0.7594074952188474,0.5766997437945638,-0.7115970355692582,0.7828548999874361,-0.6635328488975282,0.279296875,1.0,0.9999999999999999,0.3158707700970918,0.2998046875,-0.7001953124999999,-0.016066082597091802,-0.7001953125,0.0205078125
tianyan-287__qaoa_0358,qaoa,1024,1024,1024,True,True,0.8126004608840769,0.7836869298933409,0.6141652040856502,0.11344157199297951,0.10304757627367298,0.01061880297587845,0.818359375,0.7863974210521101,0.6184209038374098,0.1484375,0.1352129799475515,0.01828254994629696,0.8186630989257581,0.7743311178734457,0.5995886801071401,0.1066873147215865,0.09703718152041682,0.009416214597426323,0.06090246221350688,0.060015204331887215,0.0036018247509981742,0.7935236179760512,0.7588198904520637,0.5758076261456819,-0.6991588888910973,0.75169799867057,-0.6702255989257581,0.294921875,1.0,1.0000000000000002,0.3156180853534308,0.2880859375,-0.7119140625000002,-0.027532147853430777,-0.7119140625,-0.0068359375
tianyan-287__qaoa_0359,qaoa,1024,1024,1024,True,True,0.8273150763100598,0.7874507341400029,0.6200786586976295,0.09549883846333138,0.08900137267813883,0.007921244338592958,0.8330078125,0.7992527064692815,0.6388048887984714,0.16796875,0.14523226692378263,0.021092411355820843,0.849778890639203,0.8094205006356828,0.6551615468493195,0.13058226646474977,0.11998573136669478,0.014396575731600643,0.032626315050864135,0.061564582017053546,0.003790197758934513,0.8232001784918777,0.7831288488764013,0.6132907939424774,-0.7318162378467284,0.7946887612591957,-0.681810140639203,0.3173828125,1.0,0.9999999999999998,0.31494870136444136,0.30859375,-0.6914062499999998,-0.0063549513644413635,-0.69140625,-0.0087890625
tianyan-287__qaoa_0360,qaoa,1024,1024,1024,True,True,0.8427734375,0.7768410065852938,0.6034819495124525,0.08112293207487625,0.0849677838695689,0.007219524295705771,0.8427734375,0.7768410080968643,0.6034819518609524,0.35546875,0.3049837078992099,0.0930150620839506,0.955078125,0.8877230344511324,0.7880521858951264,0.3585190100438314,0.29791908165293685,0.08875577921292924,3.884807216702955e-17,6.232822167126987e-09,3.8848072167029553e-17,0.8300565299750948,0.7666537636907419,0.58775799338118,-0.7616505054251237,0.8427734375,-0.599609375,0.326171875,1.0,1.0,0.38724187368217344,0.376953125,-0.623046875,-0.010288748682173443,-0.623046875,0.05078125
tianyan-287__qaoa_0361,qaoa,1024,1024,1024,True,True,0.8427734375,0.7768410078189031,0.6034819514290891,0.0897649825562542,0.09540121303038376,0.009101391447668665,0.8427734375,0.7768410080968643,0.6034819518609524,0.353515625,0.28865858422402885,0.08332377824622075,0.93359375,0.8615717600949753,0.7423058977931536,0.3496183745090892,0.2797725398935759,0.07827267407850252,3.8211605699090855e-18,1.9547789056333417e-09,3.8211605699090855e-18,0.8264478380481143,0.7638089275633857,0.5834040778255294,-0.7530084549437458,0.8427734375,-0.580078125,0.3212890625,1.0,1.0,0.382721307828356,0.36328125,-0.63671875,-0.019440057828356005,-0.63671875,0.0419921875
tianyan-287__qaoa_0362,qaoa,1024,1024,1024,True,True,0.8203125,0.7590153976697759,0.576104373899808,0.09527503832364756,0.10732433313549744,0.011518512482979235,0.8203125,0.7590153990892877,0.5761043760546707,0.408203125,0.350392294757516,0.12277476022543797,0.9541015625,0.8864314928623885,0.7857607915382427,0.4069700247758526,0.3244994002169053,0.1052998607411313,5.4032653251884286e-17,7.350690664956884e-09,5.403265325188428e-17,0.8264478380481144,0.7638089266514059,0.5834040764323727,-0.7250374616763524,0.8203125,-0.5458984375,0.3330078125,1.0,1.0,0.38272130782835606,0.400390625,-0.599609375,0.01766931717164394,-0.599609375,0.0673828125
tianyan-287__qaoa_0363,qaoa,1024,1024,1024,True,True,0.8203125,0.7590153983167357,0.5761043748819129,0.08001241427362549,0.09182801171296749,0.008432383735156895,0.8203125,0.7590153990892877,0.5761043760546707,0.4052734375,0.33687832135474954,0.11348700339879389,0.9609375,0.8957441850176041,0.8023576449928518,0.40644405296003755,0.32973864388466423,0.10872757327089741,1.901773521561349e-17,4.3609328377783455e-09,1.901773521561349e-17,0.8264478380481145,0.7638089271567143,0.5834040772042909,-0.7403000857263745,0.8203125,-0.5556640625,0.3330078125,1.0,1.0,0.382721307828356,0.3974609375,-0.6025390625,0.014739629671643995,-0.6025390625,0.064453125
tianyan-287__qaoa_0364,qaoa,1024,1024,1024,True,True,0.822265625,0.7605356335308473,0.5784144498701672,0.09757184560404472,0.10940747073007921,0.011969994651553139,0.822265625,0.7605356343715912,0.5784144511489987,0.404296875,0.34943885536749314,0.12210751364054379,0.958984375,0.8930155944286624,0.7974768518927773,0.3819325409346548,0.3187260467595618,0.10158629288297838,2.895108765418107e-17,5.38062149330178e-09,2.895108765418107e-17,0.8264478380481143,0.7638089269843732,0.5834040769410196,-0.7246937793959553,0.822265625,-0.5546875,0.3291015625,1.0,1.0,0.38272130782835617,0.423828125,-0.576171875,0.04110681717164383,-0.576171875,0.0947265625
tianyan-287__qaoa_0365,qaoa,1024,1024,1024,True,True,0.9355442284604283,0.8635870437805977,0.7457825821857119,0.12070108897434072,0.11262588186845982,0.012684589266648266,0.935546875,0.8637845795423337,0.7461237998551262,0.3095703125,0.26975608114318067,0.07276834331372628,0.9873020409604283,0.9418500986632449,0.8870816083519641,0.24984147941714974,0.21679266753285018,0.04699906069600891,2.646539571756395e-06,0.0011503350213834132,1.323270661421178e-06,0.9409378933692523,0.8698666434373312,0.7566679773649292,-0.8148431394860876,0.9355415819208566,-0.6777317284604283,0.28125,1.0,1.0,0.32321685750527146,0.32421875,-0.67578125,0.0010018924947285401,-0.67578125,0.04296875
tianyan-287__qaoa_0366,qaoa,1024,1024,1024,True,True,0.9374999087209324,0.8659813282422338,0.7499236608641835,0.08727670919596581,0.08072472366139204,0.006516481010208108,0.9375,0.8660254037844386,0.75,0.2763671875,0.2444216182475882,0.05974192746676975,0.9882811587209324,0.944289800153603,0.8916832266741314,0.25196600754318565,0.21969476892925324,0.04826579149487798,9.127906761939189e-08,0.00021363411441530412,4.5639534842011254e-08,0.9416516608773804,0.8708499807695604,0.7583796890063438,-0.8502231995249665,0.9374998174418647,-0.7119139712209324,0.345703125,1.0,1.0,0.3232031319744357,0.345703125,-0.654296875,0.022499993025564324,-0.654296875,0.0
tianyan-287__qaoa_0367,qaoa,1024,1024,1024,True,True,0.9414047121577088,0.8703953509554235,0.757588066964815,0.09338210586753072,0.08534797916920911,0.007284277548267753,0.94140625,0.8705966579662688,0.7579385408620365,0.2216796875,0.20236325436912503,0.0409508867188632,0.9902328371577087,0.9491357202422205,0.9008586154397187,0.21236747470276235,0.20161930223308328,0.04065034303295537,1.5378422912574342e-06,0.0008768816574848854,7.689214412334399e-07,0.941650276073046,0.8706818047394561,0.7580868051043564,-0.8480226062901781,0.9414031743154175,-0.7685531496577087,0.3193359375,1.0,1.0,0.32320313621003477,0.31640625,-0.68359375,-0.006796886210034769,-0.68359375,-0.0029296875
tianyan-287__qaoa_0368,qaoa,1024,1024,1024,True,True,0.9443356248853998,0.8740392405250172,0.7639445939775489,0.08334643449910423,0.08474862988444307,0.007182330267290316,0.9443359375,0.8741096463818421,0.7640676738977891,0.2265625,0.20516628384467472,0.042093204026633635,0.9814449998853998,0.9293515097642072,0.8636942287010114,0.21626000955214572,0.19072567811441524,0.036376284292203534,3.1261460028439544e-07,0.0003953571958895975,1.5630731234168557e-07,0.9409401638845555,0.8699806026895699,0.7568662490561073,-0.8609891903862956,0.9443353122707995,-0.7548824998853998,0.2998046875,1.0,0.9999999999999999,0.32321685287338237,0.330078125,-0.6699218749999999,0.006861272126617635,-0.669921875,0.0302734375
tianyan-287__qaoa_0369,qaoa,1024,1024,1024,True,True,0.9345703100661731,0.8626685046509143,0.7441969489166446,0.08678028340959679,0.08139186915440337,0.00662463636444752,0.9345703125,0.8626747509223774,0.7442077258789859,0.234375,0.20686839456763476,0.042794532670990613,0.9794921850661731,0.9256270653735047,0.8567854641519663,0.21164294951770388,0.18315828087371905,0.03354695585261616,2.433826986407422e-09,3.488428690322507e-05,1.21691347274652e-09,0.9409404346650118,0.8700393081998914,0.7569683978129457,-0.8477900266565763,0.934570307632346,-0.7451171850661731,0.3232421875,1.0,1.0,0.32321684960487856,0.33984375,-0.66015625,0.016626900395121436,-0.66015625,0.0166015625
tianyan-287__qaoa_0370,qaoa,1024,1024,1024,True,True,0.9704354917923179,0.9087157875305962,0.8257643825073516,0.11215364159689781,0.10135603439316145,0.010273045707907727,0.970703125,0.9104046906621448,0.8288367007796356,0.1884765625,0.1731401370595716,0.02997750706100724,0.9889901792923179,0.9454733313383236,0.8939198202719874,0.15445418716896459,0.14191146124213885,0.02013886283187908,0.00026763320768194226,0.011568299722995732,0.0001338255584810631,0.9690836308671937,0.9066166624898845,0.8219537727042971,-0.8582818501954201,0.970167858584636,-0.8005136167923179,0.302734375,1.0,1.0000000000000002,0.31460899134781684,0.3134765625,-0.6865234375000002,-0.0011324288478168354,-0.6865234375,0.0107421875
tianyan-287__qaoa_0371,qaoa,1024,1024,1024,True,True,0.9706306192038962,0.9092143764052603,0.8266707822620062,0.07943314811817757,0.07476689415189745,0.005590088461121037,0.970703125,0.9104046906621448,0.8288367007796356,0.2060546875,0.1765145807161241,0.031157397205389094,0.980396244203896,0.9264843618509985,0.858373272754452,0.18640523632602674,0.15735775147347952,0.024761461948789344,7.250579610389385e-05,0.006021092526447845,3.62535552120461e-05,0.9693120628400052,0.9070542724784855,0.8227474532214746,-0.8911974710857186,0.9705581134077923,-0.774341556703896,0.296875,1.0,0.9999999999999999,0.3153631401269162,0.31640625,-0.6835937499999999,0.001043109873083814,-0.68359375,0.01953125
tianyan-287__qaoa_0372,qaoa,1024,1024,1024,True,True,0.8780110446534415,0.8281340997043627,0.6858060870931553,0.09250046652890695,0.08816873959429262,0.007773726641646184,0.8837890625,0.8393853046618162,0.70456768968221,0.16796875,0.14532670657372146,0.021119851643564534,0.8926594821534415,0.8547915119629612,0.7306685289239253,0.14543526984275695,0.12610846026926337,0.015903343751484375,0.018961394283576183,0.04552868875125789,0.0020728614994089166,0.8694095438035053,0.8267543709095541,0.6835227898180525,-0.7855105781245345,0.8590496503698652,-0.7246907321534415,0.3095703125,1.0,1.0,0.3153397071271009,0.3173828125,-0.6826171875,0.00204310537289909,-0.6826171875,0.0078125
tianyan-287__qaoa_0373,qaoa,1024,1024,1024,True,True,0.964358693593061,0.8997203054723052,0.8094966280791782,0.09149615190658861,0.08666796371801688,0.00751133593502749,0.96484375,0.9006961299418328,0.811253518492195,0.2158203125,0.18785777396470263,0.0352905432389733,0.979983693593061,0.9272979976162745,0.8598815763831523,0.17356758967755231,0.1567839165963832,0.024581196503301636,0.0006817261721973613,0.007130238398254537,5.0840299615943425e-05,0.9659765633529984,0.9019895646436079,0.8135851747259653,-0.8728625416864724,0.9636769674208636,-0.764163381093061,0.287109375,1.0,0.9999999999999999,0.31461275835957225,0.333984375,-0.6660156249999999,0.019371616640427747,-0.666015625,0.046875
tianyan-287__qaoa_0374,qaoa,1024,1024,1024,True,True,0.9627965139846684,0.8975547136021544,0.8056044639094455,0.1038755044222466,0.09057615408575856,0.008204039688967076,0.9619140625,0.8960332933184926,0.8028756627351837,0.1826171875,0.1657038521438402,0.027457766615307657,0.9901402639846684,0.9484348166579665,0.8995286014490305,0.1759169918887028,0.1615557879938025,0.026100272634298455,0.0008982921182186458,0.016092348549161105,0.0002589636818276875,0.9692529963903497,0.9072956996422058,0.8231854865892396,-0.8589210095624218,0.9618982218664497,-0.8075230764846684,0.328125,1.0,1.0,0.31460881590545203,0.32421875,-0.67578125,0.009609934094547967,-0.67578125,-0.00390625
tianyan-287__qaoa_0375,qaoa,1024,1024,1024,True,True,0.8544921875,0.7864764048425319,0.6185451353740341,0.1014034768749272,0.1008637020666305,0.010173486394586002,0.8544921875,0.7864764058815253,0.6185451370083218,0.3984375,0.3328592138685361,0.11079525625717988,0.9619140625,0.8971308773513769,0.8048438110972512,0.3719531652395027,0.31312849235835466,0.09804945272661618,1.5753254678947684e-17,3.969036996419621e-09,1.5753254678947684e-17,0.830056529975095,0.7666537642642562,0.5877579942605539,-0.7530887106250728,0.8544921875,-0.5634765625,0.3505859375,1.0,1.0,0.3872418736821733,0.3818359375,-0.6181640625,-0.0054059361821732765,-0.6181640625,0.03125
tianyan-287__qaoa_0376,qaoa,1024,1024,1024,True,True,0.857421875,0.7889263672478878,0.6224048129389491,0.10204379047379374,0.09793567788082307,0.009591397001976337,0.857421875,0.7889263674926638,0.6224048133251696,0.38671875,0.3188361470959735,0.10165648869500528,0.935546875,0.8637845792482576,0.7461237993470894,0.36752936014298687,0.29419329616697537,0.08654969550958969,3.821160162948662e-18,1.954778801539617e-09,3.8211601629486605e-18,0.8264478380481144,0.7638089275633857,0.5834040778255294,-0.7553780845262063,0.857421875,-0.548828125,0.3388671875,1.0,1.0,0.3827213078283562,0.3466796875,-0.6533203125,-0.03604162032835623,-0.6533203125,0.0078125
tianyan-287__qaoa_0377,qaoa,1024,1024,1024,True,True,0.8203125,0.7590153989829349,0.5761043758932238,0.08513210532742235,0.09775349909802482,0.009555746585907538,0.8203125,0.7590153990892877,0.5761043760546707,0.3896484375,0.33002161492061394,0.10891426631481,0.9560546875,0.8890267863523278,0.7903686268519475,0.3804208621599129,0.3115007316738052,0.097032705833316,7.151678547707554e-19,8.456759750464449e-10,7.151678547707554e-19,0.8264478380481144,0.7638089277508386,0.5834040781118858,-0.7351803946725777,0.8203125,-0.56640625,0.333984375,1.0,1.0,0.382721307828356,0.369140625,-0.630859375,-0.013580682828356005,-0.630859375,0.03515625
tianyan-287__qaoa_0378,qaoa,1024,1024,1024,True,True,0.84375,0.777634420154351,0.6047152914087938,0.08562939156306523,0.08952133262043635,0.008014068994138802,0.84375,0.7776344208424371,0.6047152924789525,0.3984375,0.3246632837924499,0.10540624784289687,0.9326171875,0.8604754517396874,0.7404180030466191,0.37166110367864913,0.2926675058114484,0.08565426895789417,1.9017735065653205e-17,4.360932820584743e-09,1.9017735065653205e-17,0.8264478380481143,0.7638089271567142,0.5834040772042908,-0.7581206084369347,0.84375,-0.5341796875,0.341796875,1.0,1.0,0.3827213078283561,0.3623046875,-0.6376953125,-0.020416620328356117,-0.6376953125,0.0205078125
tianyan-287__qaoa_0379,qaoa,1024,1024,1024,True,True,0.8193359375,0.758257242042616,0.5749540451100743,0.07640145329083844,0.09959973525676885,0.009920107263218444,0.8193359375,0.7582572430264134,0.5749540466020173,0.369140625,0.31052753684316137,0.09642735113788095,0.935546875,0.8637845787232382,0.7461237984400821,0.3592265623841744,0.28844378649082086,0.08319981796516226,2.895108691898152e-17,5.3806214249825755e-09,2.895108691898152e-17,0.8264478380481144,0.7638089269843735,0.58340407694102,-0.7429344842091615,0.8193359375,-0.56640625,0.31640625,1.0,1.0,0.38272130782835606,0.388671875,-0.611328125,0.005950567171643939,-0.611328125,0.072265625
tianyan-287__qaoa_0380,qaoa,1024,1024,1024,True,True,0.9413775326577042,0.8699378745297118,0.7567919055412726,0.10899052696104006,0.10580360672150552,0.011194403195279009,0.94140625,0.8705966579662688,0.7579385408620365,0.2578125,0.24262392574018604,0.05886636934157931,0.9843462826577042,0.9348542842997695,0.8739525328736342,0.23204859904446792,0.21004493075798167,0.04411887293712531,2.8717342295737242e-05,0.0037892973273529747,1.4358774235084397e-05,0.9409128332614496,0.8694301662755206,0.7559088140298794,-0.8323870056966641,0.9413488153154085,-0.7265337826577042,0.2998046875,1.0,1.0,0.32321689897680855,0.3037109375,-0.6962890625,-0.019505961476808553,-0.6962890625,0.00390625
tianyan-287__qaoa_0381,qaoa,1024,1024,1024,True,True,0.9550781016988309,0.8876999659029327,0.7880112294640678,0.11643248002378687,0.11093104976621591,0.012305697802234672,0.955078125,0.8877230356520751,0.7880521880273353,0.2353515625,0.2117073254322039,0.04481999164165709,0.9853515391988309,0.9375125546836263,0.8789297901894194,0.22284608747496662,0.19703457446912742,0.038822623536230116,2.330116912535818e-08,0.00010793787398577026,1.165058464056802e-08,0.9416517262031135,0.8708627562478752,0.7584019402196462,-0.838645621675044,0.9550780783976618,-0.7499999766988309,0.2919921875,1.0,1.0,0.32320313168133064,0.2919921875,-0.7080078125,-0.031210944181330635,-0.7080078125,0.0
tianyan-287__qaoa_0382,qaoa,1024,1024,1024,True,True,0.9423638719020352,0.8712661886993475,0.759104771570687,0.07617075223888958,0.07219915376087378,0.005212717803786295,0.94140625,0.869654654843679,0.7562992186912785,0.2373046875,0.20071979359646833,0.040288435541408846,0.9765435594020351,0.9198384538621197,0.846102781203455,0.22066985865855523,0.18701393240945577,0.034974210915248494,0.0009665365859077711,0.01997290912583617,0.00039891709894890966,0.9409222326042544,0.8695454208509991,0.7561092389229411,-0.8661931196631456,0.9413973353161275,-0.7392388719020351,0.3076171875,1.0,1.0,0.3232169431937517,0.3076171875,-0.6923828125,-0.015599755693751716,-0.6923828125,0.0
tianyan-287__qaoa_0383,qaoa,1024,1024,1024,True,True,0.9394530832340688,0.8682737949883971,0.7538993830635531,0.09398570079938955,0.08492076705281862,0.007211536676839084,0.939453125,0.8682956028548866,0.753937253937131,0.2880859375,0.24570531511665855,0.060371101876576475,0.9833983957340688,0.9333337492915821,0.8711118875666819,0.24715956339541592,0.21425259468206168,0.0459041743279958,4.1765931263117655e-08,0.00014450939708769857,2.0882965846650146e-08,0.9409404179158729,0.8700213948228436,0.7569372274494863,-0.8454673824346793,0.9394530414681376,-0.6953124582340688,0.30859375,1.0,1.0,0.32321685245301424,0.3291015625,-0.6708984375,0.005884710046985764,-0.6708984375,0.0205078125
tianyan-287__qaoa_0384,qaoa,1024,1024,1024,True,True,0.9296874975984148,0.8572197597190928,0.7348257164528592,0.09078896666787714,0.08484120180554394,0.007198029523809033,0.9296875,0.857225149569846,0.7348349570550448,0.267578125,0.23055339468312938,0.05315486779991483,0.9863281225984148,0.9397143564724375,0.8830630717604074,0.21926516894611464,0.19197593272015154,0.03685475874377215,2.4015851796688e-09,3.465245451488723e-05,1.2007926039063283e-09,0.9409404347153442,0.8700393456487352,0.7569684629768794,-0.8388985309305377,0.9296874951968297,-0.7187499975984148,0.31640625,1.0,1.0,0.3232168495972615,0.337890625,-0.662109375,0.01467377540273851,-0.662109375,0.021484375
tianyan-287__qaoa_0385,qaoa,1024,1024,1024,True,True,0.7780947741913242,0.7460549717078043,0.5565980208099327,0.10516911447433663,0.0947443424182304,0.008976490420262892,0.783203125,0.7479074308246696,0.5593655250827579,0.1484375,0.13879419597589285,0.01926382883659455,0.7852235165323771,0.7626210132656734,0.5815908098743625,0.09782888743534426,0.0882524712592956,0.007788498683372796,0.04102905388679542,0.04808289480520456,0.0023119647728483675,0.777366322698152,0.7555531280222408,0.5708605292641927,-0.6729256597169876,0.7370657203045288,-0.6367860165323771,0.3193359375,1.0,1.0,0.3154600666729894,0.31640625,-0.68359375,0.0009461833270105746,-0.68359375,-0.0029296875
tianyan-287__qaoa_0386,qaoa,1024,1024,1024,True,True,0.9726443808878239,0.9131107108048843,0.8337711701866011,0.11359987989724238,0.09953966176622538,0.009908144264534551,0.97265625,0.9135866368650886,0.8346405430584631,0.1796875,0.1719911954470048,0.029580971311289804,0.9814334433878239,0.928941845899077,0.8629329530623846,0.15665686058796138,0.13884855721021364,0.019278921839357966,1.1869112176056703e-05,0.0024360980476141507,5.934573697589478e-06,0.9693715974983151,0.9078172845611316,0.8241322221479467,-0.8590445009905815,0.9726325117756478,-0.8017459433878239,0.298828125,1.0,0.9999999999999999,0.31536317006696596,0.3173828125,-0.6826171874999999,0.0020196424330340412,-0.6826171875,0.0185546875
tianyan-287__qaoa_0387,qaoa,1024,1024,1024,True,True,0.9608214473710692,0.8925419691556512,0.7966311667042475,0.1102392612083313,0.09937435353580035,0.009875262140658234,0.95703125,0.891049907231347,0.793969937176992,0.2119140625,0.18835146453987123,0.035476274194314365,0.9832823848710692,0.9359561278724337,0.8760138733019593,0.18134662447616626,0.1621350705023787,0.026287781086811304,0.004031948363785642,0.02361421283876508,0.0005576310479944976,0.9635038367650615,0.8964844868824638,0.8036844352209145,-0.850582186162738,0.9567894990072836,-0.7713683223710692,0.3115234375,1.0,1.0000000000000002,0.3153636542083664,0.33984375,-0.6601562500000002,0.024480095791633627,-0.66015625,0.0283203125
tianyan-287__qaoa_0388,qaoa,1024,1024,1024,True,True,0.9697722916555522,0.9108599316895537,0.8296658151574984,0.09583345180507888,0.08561707624772934,0.0073302837452095,0.97265625,0.9125578733352644,0.8327618721861805,0.21484375,0.18571164595037445,0.03448881544159724,0.9805144791555521,0.9305398120275066,0.8659043417681873,0.1744079475493872,0.14974299438239216,0.02242296436660513,0.00362894993677575,0.028318209299533346,0.0008019209779321769,0.9645681246128787,0.902048223413653,0.8136909973637276,-0.8739388398504734,0.9661433417187765,-0.7656707291555521,0.3154296875,1.0,1.0,0.31461189465331746,0.3095703125,-0.6904296875,-0.005041582153317459,-0.6904296875,-0.005859375
tianyan-287__qaoa_0389,qaoa,1024,1024,1024,True,True,0.9598096956870807,0.8933244760477332,0.7980286195059572,0.11445559517944749,0.09710258281751939,0.009428911589833213,0.9599609375,0.8943726111527698,0.7999023675802235,0.1884765625,0.1679439118304733,0.02820515752092179,0.9764112581870807,0.9191335849172975,0.8448065469229229,0.13978136648040204,0.12478718299738067,0.015571841040421771,0.0001512418129193675,0.008696192611520926,7.562376593667115e-05,0.969197384818463,0.9070132585397982,0.8226730511669829,-0.8453541005076333,0.9596584538741614,-0.7879346956870807,0.29296875,1.0,1.0,0.3146088279984637,0.32421875,-0.67578125,0.00960992200153632,-0.67578125,0.03125
tianyan-287__qaoa_0390,qaoa,1024,1024,1024,True,True,0.71484375,0.6852653502882997,0.4695886003057461,0.09637265590643242,0.09711623095583788,0.009431562315067643,0.71484375,0.684763387665624,0.4689008970873016,0.3095703125,0.26476007392066725,0.07009789674247718,0.8662109375,0.8013609195078252,0.6421793233144271,0.270519616106506,0.22836472979994407,0.05215044981660147,0.027347082215495293,0.021211591010679803,0.00044993159320435216,0.7272749788345423,0.6924108070485689,0.47943272571765055,-0.6184710940935676,0.6874966677845047,-0.556640625,0.3134765625,1.0,0.9999999999999999,0.3859844663256252,0.4072265625,-0.5927734374999999,0.02124209617437478,-0.5927734375,0.09375
tianyan-287__qaoa_0391,qaoa,1024,1024,1024,True,True,0.7197265625,0.6871643080578201,0.4721947862685827,0.06621748903552388,0.07621598515888726,0.005808876393739724,0.7197265625,0.687808224993743,0.47308015436904327,0.263671875,0.2377462197043919,0.05652326498372898,0.8466796875,0.788137663172123,0.6211609761104148,0.2556394780567224,0.22240811871177577,0.049465371268911346,0.03911576008559599,0.03023583556022433,0.0009142057520249261,0.7272749790858521,0.6924108071561433,0.4794327258666219,-0.6535090734644762,0.680610802414404,-0.5830078125,0.3271484375,1.0,1.0,0.38598446630153693,0.3896484375,-0.6103515625,0.0036639711984630674,-0.6103515625,0.0625
tianyan-287__qaoa_0392,qaoa,1024,1024,1024,True,True,0.7109375,0.6820705307135929,0.46522020886792237,0.08508039802627944,0.08543874861811823,0.007299779765429999,0.7109375,0.6828548271249578,0.46629071492785595,0.3154296875,0.2732358282852986,0.07465781785875317,0.8642578125,0.8034669340095757,0.6455591140467478,0.28614018966184374,0.2465297766414758,0.060776930770895944,0.01750600878693797,0.02394015647769113,0.0005731310921763366,0.727274978829933,0.6924108070465959,0.47943272571491824,-0.6258571019737206,0.693431491213062,-0.548828125,0.3173828125,1.0,0.9999999999999999,0.3859844663260671,0.4140625,-0.5859374999999999,0.02807803367393291,-0.5859375,0.0966796875
tianyan-287__qaoa_0393,qaoa,1024,1024,1024,True,True,0.7158203125,0.6864276402810822,0.4711829053418547,0.09126601284166591,0.08428256044786903,0.007103549995648695,0.7158203125,0.6862358139796445,0.4709195923883053,0.28125,0.23426155973745091,0.05487847837062328,0.830078125,0.7731916479027375,0.5978253243865508,0.25575927408389637,0.2179754716401573,0.04751330623674902,0.04311181684218878,0.03785660683155126,0.0014331226807986533,0.7272749791895214,0.6924108072005195,0.47943272592807507,-0.6245542996583341,0.6727084956578112,-0.548828125,0.3388671875,1.0,1.0,0.3859844662916,0.421875,-0.578125,0.03589053370840001,-0.578125,0.0830078125
tianyan-287__qaoa_0394,qaoa,1024,1024,1024,True,True,0.7470703125,0.7061124274426065,0.4985947601888902,0.09101837464335441,0.09142331174802433,0.008358221930976444,0.7470703125,0.7064988006540401,0.4991405553255971,0.298828125,0.2554452310088302,0.06525226604515463,0.857421875,0.7961689842286706,0.6338850514477131,0.29140898736071713,0.23705469855211814,0.0561949301056356,0.03997492342356246,0.035819072867286104,0.0012830059810719518,0.7272749789661789,0.6924108071049166,0.4794327257956821,-0.6560519378566456,0.7070953890764375,-0.55859375,0.3251953125,1.0,1.0,0.3859844663130078,0.3642578125,-0.6357421875,-0.021726653813007812,-0.6357421875,0.0390625
tianyan-287__qaoa_0395,qaoa,1024,1024,1024,True,True,0.7999466088721967,0.7564729673370928,0.5722513503117863,0.09474644606303065,0.09196204944182822,0.008457018537541258,0.7978515625,0.7563468023632208,0.572060485445069,0.244140625,0.21822219578774563,0.04762092673442518,0.8897903588721967,0.8285968149779651,0.6865726817916282,0.22272723217749096,0.19664321640201873,0.03866855455693117,0.03156765249518339,0.03578876388235561,0.0012808356202270014,0.80352865384493,0.7519708111287197,0.5654601007895845,-0.7052001628091661,0.7683789563770134,-0.6456497338721967,0.3212890625,1.0,1.0,0.32681429578707255,0.326171875,-0.673828125,-0.0006424207870725507,-0.673828125,0.0048828125
tianyan-287__qaoa_0396,qaoa,1024,1024,1024,True,True,0.7354041771620243,0.7093606864634633,0.5031925834999159,0.11737319013944844,0.1013924412732947,0.010280427147358516,0.732421875,0.7089829749615287,0.5026568587852996,0.2158203125,0.18706156889225659,0.034992030556432456,0.7881270885281921,0.7529749743872183,0.5669713120534321,0.17196304344542335,0.1457195053508571,0.021234174239698467,0.0453652812003624,0.04899267302055528,0.0024002820096990455,0.739015941467182,0.7131284569267835,0.5085521960787753,-0.6180309870225759,0.6900388959616619,-0.5723067760281921,0.3037109375,1.0,1.0,0.3257921486811113,0.3271484375,-0.6728515625,0.0013562888188887179,-0.6728515625,0.0234375
tianyan-287__qaoa_0397,qaoa,1024,1024,1024,True,True,0.784630757451229,0.7366516055199337,0.5426555879150959,0.09779389684332357,0.08986841006130974,0.008076331126947719,0.78515625,0.737644521082362,0.5441194394828271,0.2978515625,0.2619132620293658,0.06859855682686324,0.894982319951229,0.8506308279417144,0.7235728054448065,0.26948963497931716,0.23812126786023488,0.05670173820736573,0.039856133912724336,0.03148065165207831,0.0009910314284395012,0.7992801737147683,0.7516179113011893,0.5649294845887625,-0.6868368606079054,0.7447746235385047,-0.597130757451229,0.3271484375,1.0,0.9999999999999999,0.32682470972591476,0.3515625,-0.6484374999999999,0.024737790274085236,-0.6484375,0.0244140625
tianyan-287__qaoa_0398,qaoa,1024,1024,1024,True,True,0.8088278083419078,0.7478036313432012,0.5592102710500783,0.11559652376114823,0.10433671265519387,0.010886149607692493,0.8095703125,0.7508144656131903,0.5637223617740206,0.2431640625,0.2166083359500047,0.0469191712030301,0.8898536187835767,0.818055374667404,0.6692145960222268,0.20944542461783178,0.18743816192469887,0.035133064545709636,0.027855539469976695,0.04186236751864801,0.001752457814266356,0.8121545414906713,0.7433263617444703,0.5525340800642711,-0.6932312845807596,0.7809722688719312,-0.6466895562835767,0.3076171875,1.0,1.0,0.32631137453991793,0.328125,-0.671875,0.001813625460082069,-0.671875,0.0205078125
tianyan-287__qaoa_0399,qaoa,1024,1024,1024,True,True,0.7508331897424572,0.7213569573862757,0.5203558599695852,0.09377400541771849,0.08201761171706361,0.00672688863177101,0.740234375,0.7236442602067203,0.5236610153301315,0.1865234375,0.16020068785993005,0.025664260390794738,0.7705554221402309,0.7419746182957063,0.5505263341950591,0.16301516490955326,0.14629091087940896,0.021401030605927178,0.06519087198777973,0.05876551191434259,0.0034533853905547402,0.73882167128093,0.7126796392369409,0.5079122681828961,-0.6570591843247386,0.6856423177546774,-0.5840319846402309,0.31640625,1.0,1.0000000000000002,0.32579742545973933,0.3125,-0.6875000000000002,-0.013297425459739332,-0.6875,-0.00390625
tianyan-287__qaoa_0400,qaoa,1024,1024,1024,True,True,0.8153401821556492,0.7668655832094381,0.5880828227111516,0.1006948634746522,0.08678447638187572,0.007531545340876345,0.810546875,0.7673026682903472,0.5887533847654866,0.1884765625,0.16810219206614513,0.028258346977443144,0.8645839059522255,0.8215894901852534,0.6750092903828646,0.13882293243358848,0.12732765648366143,0.01621233210562129,0.021908578148856946,0.03888353854222489,0.0015119295695646888,0.8230677255428507,0.7767352439092864,0.6033176391308186,-0.714645318680997,0.7934316040067922,-0.6761073434522255,0.3017578125,1.0,1.0000000000000002,0.31575341428469417,0.310546875,-0.6894531250000002,-0.005206539284694167,-0.689453125,0.0087890625
tianyan-287__qaoa_0401,qaoa,1024,1024,1024,True,True,0.7686748031632342,0.7285782766962696,0.530826305273706,0.1185075101448678,0.09807115120907373,0.009617950699473004,0.76953125,0.7402477774484306,0.5479667720173412,0.1787109375,0.1499321808149511,0.022479658843927195,0.8096904281632342,0.7674931639939391,0.5890457567774275,0.11353498636969253,0.10261556338023319,0.010529953847842654,0.03041502764250003,0.05916806429160097,0.0035008598320150257,0.783298848204043,0.7473229520675227,0.5584915946869169,-0.6501672930183664,0.7382597755207342,-0.6309794906632342,0.2998046875,1.0,1.0,0.31534767730784674,0.333984375,-0.666015625,0.01863669769215326,-0.666015625,0.0341796875
tianyan-287__qaoa_0402,qaoa,1024,1024,1024,True,True,0.7622521947857985,0.7258609965442558,0.5268741863042201,0.10174919186595796,0.08710928325881025,0.007588027229863639,0.763671875,0.7306610904733601,0.5338656291317198,0.162109375,0.14198313483066397,0.020159210576342505,0.8063099584676918,0.7581275284143549,0.5747573493396585,0.11955267000386455,0.11369817935139974,0.012927275987823063,0.03801271278547495,0.05614344731417965,0.003152086676320066,0.7639594693388126,0.7282168956519194,0.5302998471129184,-0.6605030029198405,0.7242394820003236,-0.6442005834676918,0.2890625,1.0,1.0,0.3149739929458697,0.33203125,-0.66796875,0.017057257054130304,-0.66796875,0.04296875
tianyan-287__qaoa_0403,qaoa,1024,1024,1024,True,True,0.8044397007452029,0.7737949687775518,0.5987586537054523,0.09041240339402751,0.0877835157630191,0.0077059456397162215,0.8095703125,0.7745019803984431,0.5998533176411104,0.130859375,0.12731854576641388,0.01621001209607443,0.8359885955232647,0.8020170484449619,0.6432313459963683,0.09893665276271377,0.08799275939660203,0.007742725706228294,0.025388522157062804,0.035278255739019763,0.001244555327987681,0.7996468166046982,0.7701491792119379,0.5931297582408217,-0.7140272973511754,0.7790511785881401,-0.7051292205232647,0.2880859375,1.0,1.0,0.31540325920472206,0.30859375,-0.69140625,-0.006809509204722064,-0.69140625,0.0205078125
tianyan-287__qaoa_0404,qaoa,1024,1024,1024,True,True,0.7721913088837169,0.754233034925522,0.5688674709729636,0.10242932181137522,0.09093107832277346,0.00826846100494236,0.7705078125,0.7517542519074875,0.565134455260986,0.1513671875,0.13450509647210193,0.018091620976969446,0.8082186992283887,0.774832568194961,0.600365508735599,0.11017599025968003,0.09985316959224656,0.009970655477617952,0.03216708850346263,0.041004909506521005,0.0016814026036379769,0.7854675035775703,0.7594524418590874,0.5767680114457306,-0.6697619870723417,0.7400242203802543,-0.6568515117283887,0.3154296875,1.0,1.0,0.31556125959640113,0.3291015625,-0.6708984375,0.013540302903598866,-0.6708984375,0.013671875
tianyan-287__qaoa_0405,qaoa,1024,1024,1024,True,True,0.8369140625,0.7721146289637348,0.5961610002598059,0.07302009159866299,0.090032218257691,0.00810580032440051,0.8369140625,0.7721146291330371,0.5961610005212473,0.3046875,0.29360164211273926,0.08620192425129704,0.9658203125,0.9028413518402014,0.8151225065926424,0.30992515320478314,0.2777082403684398,0.07712186676853512,4.0022552076232947e-19,6.326337967278775e-10,4.0022552076232947e-19,0.8303469683230855,0.7668835719938893,0.5881104129941069,-0.763893970901337,0.8369140625,-0.6611328125,0.322265625,1.0,1.0,0.39435983518184337,0.392578125,-0.607421875,-0.0017817101818433656,-0.607421875,0.0703125
tianyan-287__qaoa_0406,qaoa,1024,1024,1024,True,True,0.8154296875,0.7552373984105057,0.570383527957869,0.09233238814083412,0.09352924203970517,0.008747719116521752,0.8154296875,0.7552373988342275,0.57038352859789,0.3681640625,0.3204554527001418,0.10269169716525284,0.95703125,0.8903431641745829,0.7927109499924083,0.34773921438789335,0.3031064900232238,0.0918735442941987,3.8211603442492744e-18,1.954778847913307e-09,3.8211603442492744e-18,0.8279172159482289,0.7649649530059208,0.5851713793273506,-0.7230972993591659,0.8154296875,-0.5888671875,0.3017578125,1.0,1.0,0.3864095675302462,0.4111328125,-0.5888671875,0.02472324496975381,-0.5888671875,0.109375
tianyan-287__qaoa_0407,qaoa,1024,1024,1024,True,True,0.8291015625,0.7658990518639887,0.5866013576461568,0.06189631119764093,0.07881863161694956,0.0062123766899684005,0.8291015625,0.7658990518639893,0.5866013576461577,0.3837890625,0.35233013597181834,0.12413652471392,0.97265625,0.913586636865088,0.8346405430584622,0.3814485079497435,0.33780621184631154,0.11411303676195513,2.1893822842284242e-30,1.4796561371576925e-15,2.1893822842284242e-30,0.8279172159482288,0.7649649533820292,0.5851713799027701,-0.7672052513023591,0.8291015625,-0.5888671875,0.3046875,1.0,1.0,0.3864095675302461,0.384765625,-0.615234375,-0.0016439425302460786,-0.615234375,0.080078125
tianyan-287__qaoa_0408,qaoa,1024,1024,1024,True,True,0.822265625,0.7605356335712409,0.5784144499316088,0.0672250950374356,0.07913250765750167,0.006261953768164561,0.822265625,0.7605356343715912,0.5784144511489987,0.3935546875,0.3471938149264942,0.1205435451232127,0.9482421875,0.878917837339174,0.7724965647929706,0.3678617723176895,0.3052908813464787,0.09320252223330973,1.901773494576001e-17,4.3609328068384645e-09,1.9017734945760007e-17,0.8279172159482291,0.7649649525429658,0.585171378619062,-0.7550405299625644,0.822265625,-0.5546875,0.298828125,1.0,1.0,0.38640956753024597,0.3935546875,-0.6064453125,0.007145119969754032,-0.6064453125,0.0947265625
tianyan-287__qaoa_0409,qaoa,1024,1024,1024,True,True,0.82421875,0.762061187093027,0.5807372528736334,0.0867417770244033,0.09378729882904698,0.008796057421648955,0.82421875,0.7620611879756044,0.5807372542187894,0.33984375,0.3066265645728447,0.09401985010174489,0.94921875,0.8801437630029775,0.7746530435530414,0.3164085996542969,0.2790384592408255,0.07786246173549384,2.895108671013619e-17,5.3806214055753996e-09,2.895108671013619e-17,0.8279172159482289,0.7649649523467729,0.5851713783189004,-0.7374769729755967,0.82421875,-0.609375,0.30859375,1.0,1.0,0.3864095675302462,0.380859375,-0.619140625,-0.00555019253024619,-0.619140625,0.072265625
tianyan-287__qaoa_0410,qaoa,1024,1024,1024,True,True,0.8193359375,0.7582572415806956,0.5749540444095654,0.09109595428649483,0.09728868070064278,0.009465087392471623,0.8193359375,0.7582572430264134,0.5749540466020173,0.4306640625,0.3497572324419106,0.12233012164542469,0.951171875,0.882626267817887,0.7790291286421325,0.4046222987479764,0.33451442490586314,0.11189990047010036,5.5026087347375555e-17,7.4179570871888684e-09,5.502608734737556e-17,0.8133692185624364,0.7536525386645241,0.5679921490354819,-0.7282399832135051,0.8193359375,-0.5205078125,0.296875,1.0,1.0,0.3979661570454657,0.3759765625,-0.6240234375,-0.021989594545465674,-0.6240234375,0.0791015625
tianyan-287__qaoa_0411,qaoa,1024,1024,1024,True,True,0.8125,0.7529855891626818,0.566987297486671,0.07916432800018221,0.09949348190416529,0.009898952941414466,0.8125,0.7529855895751131,0.5669872981077807,0.4462890625,0.3951680797473583,0.1561578112512145,0.97265625,0.913586636515998,0.8346405424206144,0.4218205209221841,0.3690364555949648,0.1361879055580944,3.8211602249840365e-18,1.954778817407237e-09,3.8211602249840365e-18,0.8133692185624363,0.753652539714907,0.5679921506187294,-0.7333356719998178,0.8125,-0.5263671875,0.337890625,1.0,1.0,0.3979661570454658,0.4345703125,-0.5654296875,0.036604155454534215,-0.5654296875,0.0966796875
tianyan-287__qaoa_0412,qaoa,1024,1024,1024,True,True,0.806640625,0.7485142099630122,0.5602735225165523,0.08284949106903361,0.0828152335414433,0.006858362906523794,0.806640625,0.748514209963013,0.5602735225165535,0.40234375,0.3351832309991732,0.1123477983430451,0.947265625,0.8777017355651496,0.7703603366140759,0.3884258009242195,0.31871810494734154,0.1015812304212246,2.7856337215561e-30,1.6690217858242894e-15,2.7856337215561e-30,0.8133692185624364,0.7536525400907439,0.5679921511852304,-0.7237911339309664,0.806640625,-0.544921875,0.318359375,1.0,1.0,0.3979661570454657,0.3916015625,-0.6083984375,-0.006364594545465674,-0.6083984375,0.0732421875
tianyan-287__qaoa_0413,qaoa,1024,1024,1024,True,True,0.833984375,0.7697725952681775,0.5925498484259055,0.08042845546848737,0.09100015796438056,0.008281028749542216,0.833984375,0.76977259607941,0.5925498496748345,0.3837890625,0.34369177139441703,0.11812403372423223,0.9716796875,0.9119833322152047,0.8317135982383483,0.3899353334898401,0.34551287308919315,0.11937914547034889,1.9017735386167535e-17,4.360932857333111e-09,1.9017735386167532e-17,0.8133692185624363,0.7536525392522856,0.5679921499214179,-0.7535559195315127,0.833984375,-0.587890625,0.3115234375,1.0,1.0,0.39796615704546556,0.3759765625,-0.6240234375,-0.021989594545465563,-0.6240234375,0.064453125
tianyan-287__qaoa_0414,qaoa,1024,1024,1024,True,True,0.818359375,0.7575003765833712,0.5738068205239493,0.08374145638055104,0.10141931134408101,0.01028587671350764,0.818359375,0.7575003775373265,0.5738068219691921,0.4072265625,0.37569336636772316,0.14114550553271227,0.9609375,0.895744184785536,0.8023576445771043,0.3907855376538446,0.3437058249382132,0.11813369409645769,2.895108674513689e-17,5.380621408827877e-09,2.895108674513689e-17,0.8133692185624364,0.7536525390562343,0.5679921496259088,-0.7346179186194489,0.818359375,-0.5537109375,0.28515625,1.0,1.0,0.3979661570454657,0.380859375,-0.619140625,-0.017106782045465674,-0.619140625,0.095703125
tianyan-287__qaoa_0415,qaoa,1024,1024,1024,True,True,0.7949218749999999,0.7396921484723898,0.5471444745117,0.07150930755662174,0.08946803425562926,0.008004529153566451,0.794921875,0.7396921499391352,0.5471444766815801,0.47265625,0.4083858112040612,0.16677897079279913,0.9638671874999999,0.8999520375874376,0.8099136699577806,0.457223281392933,0.39553011968397267,0.15644407557721773,1.3586744170255796e-16,8.964167026071086e-09,8.035629047130012e-17,0.7982449780976475,0.7421782226915296,0.5508285142375576,-0.7234125674433781,0.7949218749999998,-0.4912109374999999,0.345703125,1.0,1.0,0.4010146440658465,0.43359375,-0.56640625,0.032579105934153474,-0.56640625,0.087890625
tianyan-287__qaoa_0416,qaoa,1024,1024,1024,True,True,0.7841796874999996,0.7317344797850166,0.5354353489062489,0.05921960792472125,0.0883129230577314,0.007799172379000787,0.7841796875,0.731734481657313,0.5354353516462966,0.4794921875,0.4243204994653445,0.1800478862665194,0.9570312499999996,0.8903431633541676,0.792710948531506,0.46257066809607894,0.3898385549428775,0.15197409891995092,3.495821637562032e-16,1.3529549514393662e-08,1.8304871006242976e-16,0.7982449780976473,0.7421782220347249,0.5508285132626255,-0.7249600795752783,0.7841796874999992,-0.47753906249999956,0.3095703125,1.0,1.0,0.4010146440658465,0.40234375,-0.59765625,0.0013291059341534739,-0.59765625,0.0927734375
tianyan-287__qaoa_0417,qaoa,1024,1024,1024,True,True,0.8183593749999996,0.7575003751614956,0.5738068183698065,0.0786408578256459,0.09712494550064767,0.009433255038503778,0.818359375,0.7575003775373265,0.5738068219691921,0.416015625,0.371343256112008,0.13789581385986838,0.9501953124999996,0.8813798040016482,0.7768303589019838,0.41671412563946153,0.34573953339262664,0.11953582495055118,5.659580325093702e-16,1.6982410793320283e-08,2.884022763530812e-16,0.7982449780976473,0.7421782215379747,0.5508285125252711,-0.7397185171743537,0.818359374999999,-0.5341796874999996,0.3349609375,1.0,1.0,0.4010146440658466,0.375,-0.625,-0.02601464406584658,-0.625,0.0400390625
tianyan-287__qaoa_0418,qaoa,1024,1024,1024,True,True,0.7978515625,0.7418832752002186,0.5503907940218032,0.08156668229485275,0.09627604442518248,0.00926907673015971,0.7978515625,0.7418832756501743,0.5503907946894325,0.45703125,0.3924097748593633,0.1539854314051762,0.9443359375,0.8741096461118043,0.7640676734257037,0.4416799963685829,0.3581440822978841,0.12826718368499357,9.508867517196456e-18,3.0836451672000875e-09,9.508867517196456e-18,0.7982449780976476,0.7421782235375386,0.5508285154933367,-0.7162848802051472,0.7978515625,-0.4873046875,0.333984375,1.0,1.0,0.4010146440658465,0.380859375,-0.619140625,-0.020155269065846526,-0.619140625,0.046875
tianyan-287__qaoa_0419,qaoa,1024,1024,1024,True,True,0.765625,0.7182458359665931,0.5158770808833502,0.09055235986965404,0.0891255711896512,0.007943367439881584,0.765625,0.7182458365518543,0.5158770817240729,0.4482421875,0.38003682963330726,0.1444279918777354,0.9453125,0.8752978994896788,0.766146412851044,0.4332641060571326,0.35556880777018146,0.12642917705910825,1.4475543535207046e-17,3.8046739065532344e-09,1.447554353520705e-17,0.7982449780976475,0.7421782234338069,0.5508285153393617,-0.675072640130346,0.765625,-0.4970703125,0.306640625,1.0,1.0,0.40101464406584647,0.4228515625,-0.5771484375,0.02183691843415353,-0.5771484375,0.1162109375
tianyan-287__qaoa_0420,qaoa,1024,1024,1024,True,True,0.8056640625,0.7477730273429652,0.5591645004216631,0.0882775372045384,0.09733593711552987,0.009474284654158387,0.8056640625,0.7477730274859083,0.5591645006354411,0.4208984375,0.38222010627335967,0.14609220963961836,0.9755859375,0.9185586534384348,0.8437499998066306,0.42604354677583084,0.3737075592078392,0.13965733980908066,1.063580004916862e-18,1.0313001526795494e-09,1.0635800049168618e-18,0.8001408659388469,0.7436019936138194,0.5529439249064467,-0.7173865252954617,0.8056640625,-0.5546875,0.33203125,1.0,1.0,0.404586218988802,0.3994140625,-0.6005859375,-0.005172156488801982,-0.6005859375,0.0673828125
tianyan-287__qaoa_0421,qaoa,1024,1024,1024,True,True,0.7958984374999996,0.7404214931093985,0.5482239874583511,0.08423799463875267,0.10732918810279368,0.011519554618804868,0.7958984375,0.7404214953575227,0.54822399078747,0.439453125,0.3895490520573759,0.15174846395880015,0.9726562499999996,0.9135866355158361,0.8346405405931452,0.41855671104465525,0.35985624934662175,0.12949652019381802,3.495821664566439e-16,1.3529549614191542e-08,1.830487127628705e-16,0.8001408659388467,0.7436019916370376,0.5529439219665689,-0.7116604428612469,0.7958984374999992,-0.5332031249999996,0.3369140625,1.0,1.0,0.40458621898880204,0.388671875,-0.611328125,-0.015914343988802038,-0.611328125,0.0517578125
tianyan-287__qaoa_0422,qaoa,1024,1024,1024,True,True,0.7958984375,0.7404214945367011,0.5482239895719622,0.07813228110296137,0.09857872739047577,0.009717765493925737,0.7958984375,0.7404214953575227,0.54822399078747,0.435546875,0.3897922991490048,0.15193803647586726,0.9794921875,0.9256319508481665,0.8567945084309826,0.42692383847840093,0.36744255076708343,0.1350140281142207,2.7016359305558816e-17,5.1977263592419724e-09,2.7016359305558813e-17,0.8001408659388468,0.7436019929548379,0.5529439239264067,-0.7177661563970387,0.7958984375,-0.5439453125,0.3125,1.0,1.0,0.4045862189888021,0.4140625,-0.5859375,0.009476281011197907,-0.5859375,0.1015625
tianyan-287__qaoa_0423,qaoa,1024,1024,1024,True,True,0.7978515625,0.7418832752394225,0.5503907940799728,0.0749140811835923,0.08985625761409913,0.008074147032411348,0.7978515625,0.7418832756501743,0.5503907946894325,0.47265625,0.3973797960091071,0.1579107022762396,0.9560546875,0.8890267861295419,0.7903686264558222,0.44441916388543967,0.37924279058760424,0.14382509421267345,9.508875400109376e-18,3.0836464453807566e-09,9.508875400109375e-18,0.8001408659388469,0.743601993289211,0.5529439244236877,-0.7229374813164077,0.7978515625,-0.4833984375,0.3359375,1.0,1.0,0.4045862189888021,0.388671875,-0.611328125,-0.015914343988802093,-0.611328125,0.052734375
tianyan-287__qaoa_0424,qaoa,1024,1024,1024,True,True,0.802734375,0.7455562010019706,0.5558540488524908,0.0795834075394044,0.0950046578683606,0.00902588501668425,0.802734375,0.7455562016970976,0.5558540498890032,0.4736328125,0.4072887567328898,0.1658841313610231,0.9658203125,0.9028413514963436,0.8151225059717442,0.4493746737749773,0.3825068802313831,0.14631151342434565,1.4475543172968578e-17,3.80467385894883e-09,1.4475543172968578e-17,0.800140865938847,0.7436019931751697,0.5529439242540852,-0.7231509674605956,0.802734375,-0.4921875,0.3779296875,1.0,1.0,0.40458621898880215,0.41796875,-0.58203125,0.013382531011197851,-0.58203125,0.0400390625
tianyan-287__qaoa_0425,qaoa,1024,1024,1024,True,True,0.830078125,0.7666708473193583,0.5877841881293828,0.08423140242807825,0.0984251791713596,0.009687515894914239,0.830078125,0.7666708477593048,0.5877841888039712,0.28515625,0.2409103780587481,0.05803781025640894,0.9013671875,0.8282157849109666,0.6859413863756885,0.2536361388284406,0.2085411780998647,0.04348942296327949,1.2262902813777632e-17,3.50184277399452e-09,1.2262902813777633e-17,0.8202558368475641,0.7589713725938778,0.5760375444170349,-0.7458467225719217,0.830078125,-0.6162109375,0.3330078125,1.0,1.0,0.38281814403297615,0.388671875,-0.611328125,0.005853730967023851,-0.611328125,0.0556640625
tianyan-287__qaoa_0426,qaoa,1024,1024,1024,True,True,0.8046875,0.7470329716628481,0.5580582607514256,0.09763235095281078,0.10812151048676008,0.01169026102993857,0.8046875,0.7470329723368359,0.5580582617584078,0.298828125,0.27530267395947106,0.07579156228923481,0.91015625,0.8368157078634059,0.700260528926933,0.2665518596483945,0.2268734058617997,0.05147154228733289,5.7317400527998646e-18,2.394105271870864e-09,5.7317400527998646e-18,0.8154308889553794,0.7552383239607032,0.5703849259789722,-0.7070551490471892,0.8046875,-0.611328125,0.3671875,1.0,1.0,0.3938459832084328,0.423828125,-0.576171875,0.02998214179156722,-0.576171875,0.056640625
tianyan-287__qaoa_0427,qaoa,1024,1024,1024,True,True,0.837890625,0.7728983852656205,0.5973719139462035,0.09586974422556856,0.09255101450544095,0.008565690285986343,0.837890625,0.7728983858113819,0.5973719147898398,0.275390625,0.24203997849932155,0.058583351191952036,0.9189453125,0.8457534805002139,0.7152989497782257,0.27260250680476544,0.23270245325732347,0.05415043175197681,4.2910029150375395e-18,2.0714736095440703e-09,4.2910029150375395e-18,0.8154308889553794,0.7552383240418469,0.5703849261015377,-0.7420208807744314,0.837890625,-0.6435546875,0.35546875,1.0,1.0,0.39384598320843267,0.37109375,-0.62890625,-0.02275223320843267,-0.62890625,0.015625
tianyan-287__qaoa_0428,qaoa,1024,1024,1024,True,True,0.8046875,0.7470329715534697,0.5580582605880071,0.0775718867405503,0.08833557271495329,0.007803173406878801,0.8046875,0.7470329723368359,0.5580582617584078,0.2783203125,0.25063119937243566,0.0628159980988656,0.9326171875,0.8604754517649398,0.7404180030900772,0.2755856992238619,0.2362590874948711,0.05581835642390916,9.021595974009989e-18,3.00359717239346e-09,9.02159597400999e-18,0.8154308889553794,0.7552383238074131,0.5703849257474309,-0.7271156132594497,0.8046875,-0.654296875,0.365234375,1.0,1.0,0.3938459832084327,0.40625,-0.59375,0.012404016791567274,-0.59375,0.041015625
tianyan-287__qaoa_0429,qaoa,1024,1024,1024,True,True,0.8193359375,0.7582572419021149,0.5749540448970023,0.08864079222775777,0.10009966437727938,0.010019942808443975,0.8193359375,0.7582572430264134,0.5749540466020173,0.2744140625,0.24760769539704564,0.06130957081983614,0.904296875,0.8310480018895868,0.6906407814446748,0.24257508154528695,0.21277471820223998,0.045273080706042634,2.097693820707046e-17,4.580058755853517e-09,2.0976938207070467e-17,0.8154308889553796,0.755238323410925,0.5703849251485449,-0.7306951452722422,0.8193359375,-0.6298828125,0.373046875,1.0,1.0,0.3938459832084327,0.380859375,-0.619140625,-0.012986608208432726,-0.619140625,0.0078125
tianyan-287__qaoa_0430,qaoa,1024,1024,1024,True,True,0.8203125,0.7590153979015329,0.5761043742516223,0.06169401231585557,0.07925250438818007,0.006280959451798502,0.8203125,0.7590153990892877,0.5761043760546707,0.4296875,0.38121009434715564,0.1453211360321673,0.9775390625,0.9220250879024765,0.8501302627215694,0.42986181570135085,0.36807524718342743,0.1354793875891412,4.78023555613947e-17,6.913924758152543e-09,4.78023555613947e-17,0.8186164166542614,0.7576994668954623,0.5741084821336677,-0.7586184876841444,0.8203125,-0.5478515625,0.333984375,1.0,1.0,0.3967588202437772,0.4033203125,-0.5966796875,0.006561492256222823,-0.5966796875,0.0693359375
tianyan-287__qaoa_0431,qaoa,1024,1024,1024,True,True,0.7998046875,0.7433492387833733,0.5525680907998206,0.09642332978458734,0.10118853290337196,0.010239119191136788,0.7998046875,0.7433492394377046,0.5525680917726139,0.369140625,0.3334040049042667,0.11115823048620428,0.9580078125,0.8916726110036836,0.7950800452141265,0.3466842472141347,0.298962184693737,0.08937838787685211,5.731740133787374e-18,2.394105288784805e-09,5.731740133787374e-18,0.8147730090229085,0.7547317039450356,0.569619944939777,-0.7033813577154127,0.7998046875,-0.5888671875,0.3154296875,1.0,1.0,0.40085516931826765,0.4326171875,-0.5673828125,0.031762018181732354,-0.5673828125,0.1171875
tianyan-287__qaoa_0432,qaoa,1024,1024,1024,True,True,0.8408203124999997,0.7752591209449964,0.6010267046084086,0.09394453635657495,0.10524853155499511,0.011077253394482801,0.8408203125,0.7752591233177358,0.6010267082873842,0.40625,0.36322470272521196,0.1319321846698186,0.9746093749999997,0.9168727480890175,0.8406556361883071,0.4280424520928855,0.36123814326839787,0.13049299615199955,2.692578824376034e-16,1.25791724678171e-08,1.582355799750878e-16,0.8186164166542615,0.7576994658513723,0.5741084805514548,-0.7468757761434247,0.8408203124999994,-0.5683593749999997,0.3134765625,1.0,1.0,0.3967588202437772,0.3818359375,-0.6181640625,-0.014922882743777177,-0.6181640625,0.068359375
tianyan-287__qaoa_0433,qaoa,1024,1024,1024,True,True,0.8076171874999997,0.7492565284972927,0.5613853454958144,0.07374173540443496,0.07618420047911326,0.005804032402641721,0.8076171875,0.7492565305100326,0.5613853485119313,0.3759765625,0.3379090148664222,0.11418250232799596,0.9746093749999997,0.9168727482562079,0.8406556364948916,0.3798874182543259,0.3240042662695786,0.104978764560888,2.4203922089894573e-16,1.1446262203725287e-08,1.3101691843643008e-16,0.8186164166542613,0.7576994660601645,0.5741084808678584,-0.7338754520955647,0.8076171874999994,-0.5986328124999997,0.302734375,1.0,1.0,0.3967588202437773,0.41796875,-0.58203125,0.021209929756222712,-0.58203125,0.115234375
tianyan-287__qaoa_0434,qaoa,1024,1024,1024,True,True,0.80859375,0.7499999983940367,0.5624999975910552,0.08185546415757029,0.09741827477993205,0.009490320261098344,0.80859375,0.75,0.5625,0.3134765625,0.2933191719276882,0.08603613662034469,0.95703125,0.8903431629889357,0.7927109478811425,0.3207430354733499,0.289752634866421,0.08395658941203349,4.342663012583775e-17,6.589888475978766e-09,4.3426630125837736e-17,0.8147730090229087,0.7547317028436303,0.5696199432772459,-0.7267382858424297,0.80859375,-0.6435546875,0.34375,1.0,1.0,0.4008551693182675,0.4072265625,-0.5927734375,0.006371393181732521,-0.5927734375,0.0634765625
tianyan-287__qaoa_0436,qaoa,1024,1024,1024,True,True,0.6726782322877141,0.6691366436618289,0.4477438478910174,0.10058214916983121,0.09108792162208747,0.008297009465431548,0.677734375,0.6693459313248425,0.4480239757811209,0.21484375,0.19207297150822805,0.03689202638400059,0.7933618816624259,0.7595285806120281,0.5768836647665221,0.20072224494664306,0.17771410763543014,0.03158230405265725,0.03376427103027603,0.034798619223053086,0.0012109438998310397,0.6496175565329516,0.6538245651769566,0.4274865620288364,-0.5720960831178828,0.638913961257438,-0.5785181316624259,0.283203125,1.0,0.9999999999999999,0.3916391661364965,0.375,-0.6249999999999999,-0.01663916613649652,-0.625,0.091796875
tianyan-287__qaoa_0437,qaoa,1024,1024,1024,True,True,0.648332591545534,0.6514810249505475,0.42442752587061583,0.0751969599382516,0.06871736050514668,0.004722075634794293,0.662109375,0.6570354274193734,0.4316955528841587,0.1923828125,0.16857305900256522,0.02841687622148234,0.7467751033289494,0.7178560811956411,0.515317353309563,0.1692963331437407,0.1463801720399776,0.02142715476645344,0.04481174964689426,0.053597714437522856,0.0028727149929262457,0.649617556593766,0.6538245654123924,0.4274865623367038,-0.5731356316072824,0.6035208418986397,-0.5543922908289494,0.3173828125,1.0,1.0,0.39163916611915595,0.3994140625,-0.6005859375,0.007774896380844054,-0.6005859375,0.08203125
tianyan-287__qaoa_0438,qaoa,1024,1024,1024,True,True,0.658203125,0.6578667761509513,0.432788695163246,0.08209727937116959,0.08470631950577576,0.007175160564214567,0.658203125,0.6569337335436701,0.43156193026762574,0.2099609375,0.18598306825998792,0.03458970167939933,0.7707960357215937,0.7476419100522663,0.5589684256666011,0.16343862563481276,0.14607173114639016,0.02133695064010329,0.03432332037491184,0.03597081854306249,0.0012938997866579285,0.649617556552637,0.6538245652531662,0.4274865621284919,-0.5761058456288304,0.6238798046250882,-0.5608350982215937,0.2880859375,1.0,1.0,0.3916391661308834,0.388671875,-0.611328125,-0.0029672911308833982,-0.611328125,0.1005859375
tianyan-287__qaoa_0439,qaoa,1024,1024,1024,True,True,0.6448194730440926,0.6490232302358285,0.42123115338574924,0.09708205668128539,0.09810041064794546,0.00962369056929553,0.646484375,0.6491647381250101,0.42141485722491284,0.1875,0.17426623458368076,0.030368720515974452,0.7356397855440926,0.7152374983030045,0.5115646789787405,0.16146311991635165,0.14537109064145728,0.02113275399428679,0.03526208511340691,0.038680427006339974,0.0014961754333927945,0.6496175565619448,0.6538245652891996,0.42748656217561093,-0.5477374163628073,0.6095573879306857,-0.5481397855440926,0.3203125,1.0,1.0,0.39163916612822947,0.39453125,-0.60546875,0.0028920838717705344,-0.60546875,0.07421875
tianyan-287__qaoa_0440,qaoa,1024,1024,1024,True,True,0.830078125,0.7666708472298763,0.5877841879921764,0.08102711509382163,0.08303658211470157,0.0068950739692915765,0.830078125,0.7666708477593048,0.5877841888039712,0.4052734375,0.3345532330234832,0.11192586572646507,0.953125,0.8851517657183591,0.7834936483543289,0.38873555235570545,0.315508912971788,0.09954587416463931,4.0282988108775075e-18,2.007062233932348e-09,4.028298810877507e-18,0.8173472311418384,0.7567172833297571,0.5726210468899678,-0.7490510099061783,0.830078125,-0.5478515625,0.291015625,1.0,1.0,0.39941995155360943,0.3623046875,-0.6376953125,-0.03711526405360943,-0.6376953125,0.0712890625
tianyan-287__qaoa_0441,qaoa,1024,1024,1024,True,True,0.8281249999999998,0.7651286798702753,0.5854218967600303,0.07753745615349036,0.10436388618869527,0.010891820740406939,0.828125,0.7651286827753715,0.585421901205575,0.4169921875,0.3444052229051006,0.11861495756431203,0.9560546874999998,0.8890267842781051,0.7903686231638685,0.4293665742477871,0.3375171890974406,0.11391785293623749,3.3793164076243017e-16,1.076508410730724e-08,1.1588703583739891e-16,0.8173472311418379,0.7567172809575241,0.5726210432997485,-0.7505875438465094,0.8281249999999994,-0.5390624999999998,0.3251953125,1.0,0.9999999999999998,0.3994199515536096,0.3896484375,-0.6103515624999998,-0.009771514053609598,-0.6103515625,0.064453125
tianyan-287__qaoa_0442,qaoa,1024,1024,1024,True,True,0.8144531249999998,0.7544855678870468,0.5692484721498395,0.07305667643219732,0.10698942618664846,0.0114467373157483,0.814453125,0.7544855707680437,0.5692484764971806,0.4375,0.3657245443174937,0.1337544423162384,0.9492187499999998,0.8801437617993212,0.7746530414342603,0.42205809752522966,0.3316861725683956,0.1100157170730715,3.3907450745074163e-16,1.0818035982825642e-08,1.1702990252571038e-16,0.8173472311418382,0.7567172809431817,0.5726210432780421,-0.7413964485678024,0.8144531249999994,-0.5117187499999998,0.31640625,1.0,0.9999999999999998,0.3994199515536094,0.3935546875,-0.6064453124999998,-0.005865264053609376,-0.6064453125,0.0771484375
tianyan-287__qaoa_0443,qaoa,1024,1024,1024,True,True,0.84375,0.7776344200281786,0.6047152912125617,0.08130184692046552,0.07819980058886022,0.0061152088121375035,0.84375,0.7776344208424371,0.6047152924789525,0.41015625,0.33341934609210544,0.1111684603484872,0.9599609375,0.8943726105225759,0.7999023664529672,0.4235381883290877,0.3441967831306129,0.11847142551746218,9.508836688428295e-18,3.0836401684418846e-09,9.508836688428295e-18,0.8173472311418384,0.7567172830381509,0.572621046448641,-0.7624481530795345,0.84375,-0.5498046875,0.3359375,1.0,1.0,0.39941995155360943,0.3837890625,-0.6162109375,-0.01563088905360943,-0.6162109375,0.0478515625
tianyan-287__qaoa_0444,qaoa,1024,1024,1024,True,True,0.8173828125,0.7567447889494565,0.5726626756021576,0.07882326633297465,0.0997575783910735,0.009951574446451176,0.8173828125,0.7567447899726221,0.572662677150708,0.43359375,0.36318265202531275,0.13190163873213942,0.9619140625,0.8971308773938178,0.8048438111734013,0.4178770413053833,0.34125291319763146,0.11645355076587019,1.4475510301364878e-17,3.804669539048678e-09,1.4475510301364878e-17,0.8173472311418384,0.75671728284285,0.5726210461530659,-0.7385595461670253,0.8173828125,-0.5283203125,0.330078125,1.0,1.0,0.3994199515536094,0.396484375,-0.603515625,-0.002935576553609376,-0.603515625,0.06640625
tianyan-287__qaoa_0445,qaoa,1024,1024,1024,True,True,0.7968749999999999,0.7411518653677102,0.5493060875380363,0.07623103361229985,0.09061742842672971,0.008211518334673481,0.796875,0.7411518674111274,0.5493060905670013,0.390625,0.3533575079305705,0.1248615284109032,0.9716796874999999,0.9119833315247553,0.8317135969789917,0.3871549781495283,0.3355877703985511,0.11261915164107064,1.2721469549272836e-16,8.467794533493981e-09,7.170354426147055e-17,0.8042350923447019,0.746690507402226,0.5575467138445938,-0.7206439663877,0.7968749999999998,-0.5810546874999999,0.28515625,1.0,1.0,0.411465546509172,0.4052734375,-0.5947265625,-0.006192109009171998,-0.5947265625,0.1201171875
tianyan-287__qaoa_0446,qaoa,1024,1024,1024,True,True,0.7861328124999999,0.7331727145929412,0.5375422294235824,0.0901129564298626,0.09121814215632772,0.008320749458452011,0.7861328125,0.7331727161166404,0.5375422316578518,0.4140625,0.361434023999957,0.1306345537048015,0.9726562499999999,0.9135866355207289,0.8346405406020851,0.397653837887362,0.33909064339824674,0.11498246444023692,9.720380932374052e-17,6.4569852169942815e-09,4.169265809248269e-17,0.8042350923447021,0.7466905079007713,0.5575467145891119,-0.6960198560701373,0.7861328124999998,-0.5585937499999999,0.310546875,1.0,1.0,0.41146554650917194,0.4267578125,-0.5732421875,0.015292265990828058,-0.5732421875,0.1162109375
tianyan-287__qaoa_0447,qaoa,1024,1024,1024,True,True,0.8144531249999999,0.7544855688706594,0.5692484736340826,0.08871013033749925,0.08872521699096049,0.007872164130093024,0.814453125,0.7544855707680437,0.5692484764971806,0.41796875,0.35330298892401013,0.12482300198263921,0.9707031249999999,0.9104046894814115,0.8288366986297454,0.41866644694276955,0.34472581022627724,0.11883588423616331,1.0240068628266371e-16,6.8475933766109295e-09,4.6889535051405874e-17,0.8042350923447018,0.7466905078039265,0.5575467144444857,-0.7257429946625007,0.8144531249999998,-0.5527343749999999,0.25390625,1.0,1.0,0.41146554650917205,0.423828125,-0.576171875,0.012362578490827947,-0.576171875,0.169921875
tianyan-287__qaoa_0448,qaoa,1024,1024,1024,True,True,0.8212890624999996,0.759774854995569,0.5772578302835378,0.0864557282626308,0.09067494297972852,0.008221945284377018,0.8212890625,0.7597748585422222,0.5772578356728537,0.4208984375,0.3604477434809095,0.12992257578047955,0.9619140624999996,0.897130875125633,0.8048438071036843,0.41628426369364485,0.3440216028791404,0.11835086324753298,3.63058849631573e-16,1.4018751582712332e-08,1.9652539593779952e-16,0.8042350923447019,0.7466905060259625,0.5575467117893079,-0.7348333342373687,0.8212890624999992,-0.5410156249999996,0.3359375,1.0,1.0,0.41146554650917194,0.3984375,-0.6015625,-0.013028046509171942,-0.6015625,0.0625
tianyan-287__qaoa_0449,qaoa,1024,1024,1024,True,True,0.8056640624999999,0.7477730255543854,0.5591644977467595,0.08100554968285481,0.09650773665991562,0.009313743235219621,0.8056640625,0.7477730274859083,0.5591645006354411,0.3916015625,0.3447376979165556,0.11884408036480637,0.9628906249999999,0.8985332824695647,0.8073620597055304,0.3956317036817787,0.3343862619668929,0.11181417219219153,1.1752688626914716e-16,7.875006986529559e-09,6.201573503788937e-17,0.8042350923447021,0.7466905075491975,0.5575467140640782,-0.7246585128171451,0.8056640624999998,-0.5712890624999999,0.3271484375,1.0,1.0,0.41146554650917183,0.421875,-0.578125,0.010409453490828169,-0.578125,0.0947265625
tianyan-287__qaoa_0450,qaoa,1024,1024,1024,True,True,0.79296875,0.7382365012327557,0.5449931317523806,0.07593895085019438,0.09726166465543881,0.009459831411547034,0.79296875,0.7382365013462607,0.5449931319199677,0.341796875,0.3113149253689703,0.09691698275748754,0.94921875,0.8801437638701327,0.7746530450794838,0.33420603845256047,0.28506146761759615,0.08126004032029782,2.0011264845194238e-19,4.4733952256864407e-10,2.001126484519424e-19,0.8040733790356811,0.7465681538469158,0.5573640083383922,-0.7170297991498056,0.79296875,-0.607421875,0.337890625,1.0,1.0,0.40542788521459244,0.404296875,-0.595703125,-0.0011310102145924428,-0.595703125,0.06640625
tianyan-287__qaoa_0451,qaoa,1024,1024,1024,True,True,0.7919921875,0.7375101793092029,0.5439212645846927,0.09243896613757738,0.09050639275193216,0.008191407128966998,0.7919921875,0.7375101796050338,0.5439212650210492,0.3486328125,0.2993655361283326,0.089619724221404,0.947265625,0.8777017352813916,0.770360336115966,0.32321385911847256,0.27743171862535926,0.07696835849942052,1.4329156332970997e-18,1.1970445410664968e-09,1.4329156332970997e-18,0.8040733790356811,0.746568153656816,0.5573640080545471,-0.6995532213624226,0.7919921875,-0.5986328125,0.353515625,1.0,1.0,0.4054278852145924,0.4130859375,-0.5869140625,0.007658052285407613,-0.5869140625,0.0595703125
tianyan-287__qaoa_0452,qaoa,1024,1024,1024,True,True,0.8154296875,0.7552373980587348,0.5703835274265279,0.08522037042095251,0.10029486335085813,0.010059059614567305,0.8154296875,0.7552373988342275,0.57038352859789,0.3271484375,0.31309605741843205,0.0980291411709661,0.9638671875,0.899952037372219,0.8099136695704079,0.30773732753115957,0.2855156375449809,0.0815191792827169,9.376802767914001e-18,3.062156555095445e-09,9.376802767914001e-18,0.8040733790356811,0.7465681531838866,0.5573640073483991,-0.7302093170790475,0.8154296875,-0.63671875,0.3125,1.0,1.0,0.40542788521459233,0.3837890625,-0.6162109375,-0.021638822714592332,-0.6162109375,0.0712890625
tianyan-287__qaoa_0453,qaoa,1024,1024,1024,True,True,0.8134765625,0.7537349709407627,0.5681164064190725,0.08377133386353977,0.09236756746046156,0.008531767518562916,0.8134765625,0.7537349716353128,0.5681164074660858,0.3076171875,0.2813248749347716,0.07914368525706489,0.9541015625,0.886431493437706,0.7857607925582019,0.2896915937242792,0.2657310353026001,0.07061298312299172,7.13163446446932e-18,2.670512022902971e-09,7.131634464469319e-18,0.8040733790356811,0.7465681532831944,0.5573640074966792,-0.7297052286364603,0.8134765625,-0.646484375,0.306640625,1.0,1.0,0.40542788521459233,0.4052734375,-0.5947265625,-0.00015444771459233175,-0.5947265625,0.0986328125
tianyan-287__qaoa_0454,qaoa,1024,1024,1024,True,True,0.787109375,0.73389323350041,0.5385992781776874,0.0906021311667966,0.09773485485109006,0.009552101852763641,0.787109375,0.7338932343111675,0.5385992793677062,0.333984375,0.31592494540255384,0.09980857112760663,0.9580078125,0.8916726107344709,0.7950800447340273,0.31402328683712244,0.2861622244499497,0.0818888187021434,1.0856631846894823e-17,3.2949403404151074e-09,1.0856631846894823e-17,0.804073379035681,0.7465681531248604,0.5573640072602649,-0.6965072438332034,0.787109375,-0.6240234375,0.3349609375,1.0,1.0,0.4054278852145923,0.400390625,-0.599609375,-0.005037260214592276,-0.599609375,0.0654296875
tianyan-287__qaoa_0455,qaoa,1024,1024,1024,True,True,0.7501082601423426,0.7160555453687493,0.5127355440533369,0.08768230308791508,0.09141310903941158,0.008356356504251351,0.75390625,0.7188145954491887,0.5166944226307808,0.259765625,0.22362602015489438,0.050008596890317225,0.8682723226423426,0.8045224400014219,0.6472563564658416,0.24300824844981983,0.1963017540953066,0.03853437866089422,0.016064950261283226,0.022907257044882105,0.0005247424253203008,0.7582054815165934,0.7201898668542309,0.5186734443195148,-0.6624259570544275,0.7340433098810594,-0.6085066976423426,0.2998046875,1.0,1.0,0.3848872899328031,0.3935546875,-0.6064453125,0.008667397567196922,-0.6064453125,0.09375
tianyan-287__qaoa_0456,qaoa,1024,1024,1024,True,True,0.7618270076880308,0.7231743460411135,0.5229811347719922,0.08554981300632568,0.10340081413890706,0.010691728364588801,0.765625,0.7243364510426566,0.524663294309071,0.25,0.21406742434919934,0.04582486216750019,0.8379988826880308,0.7758208584958547,0.601898004477245,0.21149243954251523,0.179211514699613,0.03211676700092961,0.007275893749510659,0.011589341848254808,0.00013431284447571018,0.7582054793395501,0.7201898661443376,0.5186734432969988,-0.6762771946817051,0.7545511139385201,-0.5879988826880308,0.3466796875,1.0,1.0,0.3848872900354409,0.3701171875,-0.6298828125,-0.014770102535440921,-0.6298828125,0.0234375
tianyan-287__qaoa_0457,qaoa,1024,1024,1024,True,True,0.7501082597663803,0.7133371584933018,0.508849901687298,0.07240558826791078,0.07989619357605943,0.006383401747943159,0.7431640625,0.711051682632224,0.5055944953741169,0.2802734375,0.2247239918977798,0.0505008725344734,0.8633895097663803,0.8038503793715219,0.6461754324157397,0.2649142741820235,0.2123358737773072,0.04508652329277254,0.01387193031390551,0.018251455496689845,0.0003331156277476499,0.758205481183104,0.7201898667454861,0.5186734441628811,-0.6777026714984695,0.7362363294524747,-0.5831160722663803,0.3271484375,1.0,1.0,0.3848872899485256,0.40625,-0.59375,0.021362710051474387,-0.59375,0.0791015625
tianyan-287__qaoa_0458,qaoa,1024,1024,1024,True,True,0.7657332592373017,0.7245483649175416,0.524970333104683,0.09322721789753566,0.09473859613600766,0.008975401597821564,0.7568359375,0.7210399282419352,0.519898578119135,0.23046875,0.19214738648781413,0.036920618134097416,0.826171875,0.7747901674759178,0.6002998036173608,0.18204380972955944,0.14690419585670333,0.021580842760304655,0.02104442253052509,0.030376930490378824,0.0009227579060173066,0.7582054807137966,0.7201898665924538,0.5186734439424563,-0.6725060413397661,0.7446888367067767,-0.595703125,0.333984375,1.0,1.0,0.38488728997065147,0.388671875,-0.611328125,0.0037845850293485306,-0.611328125,0.0546875
tianyan-287__qaoa_0459,qaoa,1024,1024,1024,True,True,0.7470703125,0.7139674646402427,0.5097495405648163,0.0889132984408967,0.09481472997259874,0.008989833019776815,0.7470703125,0.7152977316420515,0.5116508448922642,0.2353515625,0.2141751016943602,0.04587097418578953,0.8448348211554886,0.790650234450764,0.625127793237048,0.19924407787096812,0.17538154756109717,0.030758687224925384,0.015424949645961998,0.013055931184966611,0.00017045733910658366,0.7582054801977122,0.7201898664241683,0.5186734437000614,-0.6581570140591033,0.731645362854038,-0.6094832586554886,0.3115234375,1.0,1.0,0.38488728999498234,0.3798828125,-0.6201171875,-0.00500447749498234,-0.6201171875,0.068359375
tianyan-287__qaoa_0460,qaoa,1024,1024,1024,True,True,0.8027343749999998,0.7455562002114883,0.5558540476737928,0.08973559831839,0.0979459505912282,0.009593409237219314,0.802734375,0.7455562016970976,0.5558540498890032,0.4482421875,0.3788243313842324,0.1435078740487107,0.9648437499999999,0.9013878177033359,0.8124999979039822,0.42086067524011883,0.3519441218108093,0.12386466487718178,1.6945957904272838e-16,7.64442781247967e-09,5.843727658021272e-17,0.8186164166542613,0.7576994667608326,0.5741084819296499,-0.7129987766816098,0.8027343749999996,-0.5166015624999999,0.310546875,1.0,1.0,0.3967588202437771,0.443359375,-0.556640625,0.04660055475622288,-0.556640625,0.1328125
tianyan-287__qaoa_0461,qaoa,1024,1024,1024,True,True,0.8105468749999998,0.7514904285274231,0.5647378641683299,0.08889843974858677,0.11353026153609859,0.012889120284454946,0.810546875,0.7514904299709986,0.5647378663379963,0.4208984375,0.3842430013722769,0.1476426841035756,0.9677734374999999,0.9058048438295948,0.8204824151051566,0.39873314910061725,0.3427400363762847,0.11747073253521696,1.6896582268593212e-16,7.612064123706294e-09,5.794352022341648e-17,0.8186164166542615,0.7576994667667972,0.5741084819386888,-0.721648435251413,0.8105468749999996,-0.5468749999999999,0.3115234375,1.0,1.0,0.3967588202437771,0.3857421875,-0.6142578125,-0.011016632743777122,-0.6142578125,0.07421875
tianyan-287__qaoa_0462,qaoa,1024,1024,1024,True,True,0.8437499999999999,0.7776344194584646,0.6047152903265032,0.08651785050076474,0.08138095692697692,0.006622860150350471,0.84375,0.7776344208424371,0.6047152924789525,0.3955078125,0.35672098792081525,0.12724986322320242,0.9716796874999999,0.9119833315918182,0.8317135971013123,0.40019543636118426,0.3513928249268192,0.12347691741005021,1.6750121035212753e-16,7.5152450319076e-09,5.647890788961186e-17,0.8186164166542615,0.7576994667846407,0.574108481965729,-0.7572321494992351,0.8437499999999997,-0.5761718749999999,0.3271484375,1.0,1.0,0.39675882024377707,0.3916015625,-0.6083984375,-0.005157257743777066,-0.6083984375,0.064453125
tianyan-287__qaoa_0463,qaoa,1024,1024,1024,True,True,0.8271484375,0.7643597256762038,0.5842457902358015,0.08238450861009639,0.08658499236816972,0.007496960903396009,0.8271484375,0.764359726019716,0.5842457907609353,0.376953125,0.32573936789052826,0.10610613579372091,0.95703125,0.8903431641636828,0.7927109499729985,0.3714915737168898,0.3151706328654062,0.09933252782078066,4.7544182962668984e-18,2.180462862849743e-09,4.7544182962668984e-18,0.8186164166542615,0.7576994677678269,0.5741084834556482,-0.7447639288899036,0.8271484375,-0.580078125,0.314453125,1.0,1.0,0.3967588202437772,0.3916015625,-0.6083984375,-0.005157257743777177,-0.6083984375,0.0771484375
tianyan-287__qaoa_0464,qaoa,1024,1024,1024,True,True,0.8212890625,0.7597748580513063,0.5772578349268827,0.07216259071352743,0.09618353169206048,0.009251271768757603,0.8212890625,0.7597748585422222,0.5772578356728537,0.3359375,0.30605205030612337,0.09366785749658188,0.9580078125,0.8916726110687649,0.795080045330189,0.3219885900831556,0.2765238912203243,0.07646546241562974,7.237755196798526e-18,2.6903076398059995e-09,7.237755196798526e-18,0.8186164166542618,0.757699467673864,0.5741084833132568,-0.7491264717864725,0.8212890625,-0.6220703125,0.3408203125,1.0,1.0,0.39675882024377707,0.400390625,-0.599609375,0.003631804756222934,-0.599609375,0.0595703125
tianyan-287__qaoa_0465,qaoa,1024,1024,1024,True,True,0.649506454546849,0.648210196211975,0.4201764584731671,0.10122566147041823,0.09361040043144664,0.008762907068935786,0.642578125,0.6474749894340368,0.419223861942606,0.1884765625,0.16576581845740895,0.02747830656885466,0.7299457421952311,0.7136236710112623,0.5092587438275904,0.15653963143808655,0.13188491148357284,0.017393629877029845,0.036989333431656946,0.04322201161343304,0.0018681422879117402,0.6540900922354957,0.6532810887982078,0.4267761809813719,-0.5482807930764307,0.6125171211151921,-0.5414691796952311,0.31640625,1.0,1.0,0.3917786259252629,0.40625,-0.59375,0.014471374074737087,-0.59375,0.08984375
tianyan-287__qaoa_0466,qaoa,1024,1024,1024,True,True,0.6526167233801263,0.6515562567439588,0.42452555570219946,0.0876110864184111,0.08969143109691938,0.008044552812213435,0.6630859375,0.6533622785178687,0.42688226699006093,0.2080078125,0.19246758799639344,0.037043772429149455,0.7428759207128248,0.735159608484921,0.5404596499477023,0.18252625614495366,0.16833161235189562,0.028335531716988858,0.027515582717904014,0.03847356149646249,0.0014802149342220813,0.6540900922424528,0.6532810887985893,0.4267761809818703,-0.5650056369617152,0.6251011406622223,-0.5348681082128248,0.3251953125,1.0,1.0000000000000002,0.3917786259253546,0.3974609375,-0.6025390625000002,0.005682311574645382,-0.6025390625,0.072265625
tianyan-287__qaoa_0467,qaoa,1024,1024,1024,True,True,0.6721479735942547,0.6628089710719797,0.43931573213349634,0.09739035870506507,0.0898069992860702,0.008065297120768212,0.6728515625,0.6641340123973237,0.4410739864229686,0.212890625,0.189680019031633,0.03597850961984066,0.7544140895648009,0.7250294714268364,0.5256677344374778,0.18961294876125326,0.1640084229971478,0.026898762814011355,0.04481530161474051,0.047524951373312294,0.002258621003035698,0.654090092406401,0.6532810888075776,0.4267761809936141,-0.5747576148891896,0.6273326719795143,-0.5415234645648009,0.3203125,1.0,1.0,0.3917786259275168,0.3779296875,-0.6220703125,-0.013848938427516777,-0.6220703125,0.0576171875
tianyan-287__qaoa_0468,qaoa,1024,1024,1024,True,True,0.666108017782215,0.6597160168184659,0.4352252228468224,0.07401414254378826,0.07069492982022105,0.004997773102285979,0.6640625,0.6617940649721914,0.4379713844324171,0.2021484375,0.17797359999344137,0.03167460229462547,0.7710156523381593,0.7419334799452403,0.5504652886636542,0.19274048457562037,0.16935450478424807,0.028680948290717902,0.036989333554102985,0.036189348680128755,0.0013096689578919367,0.6540900926649471,0.6532810888217522,0.426776181012134,-0.5920938752384267,0.629118684228112,-0.5688672148381593,0.2880859375,1.0,1.0,0.39177862593092655,0.3779296875,-0.6220703125,-0.01384893843092655,-0.6220703125,0.08984375
tianyan-287__qaoa_0469,qaoa,1024,1024,1024,True,True,0.6739205164805179,0.6659697072160835,0.44351565092947604,0.10964668608994652,0.10034560408407338,0.010069240258997605,0.6689453125,0.6650414332180048,0.44228010789665795,0.2353515625,0.20357238398717645,0.04144171552222241,0.7766401604390752,0.7449105709685071,0.5548917587406272,0.21529207046896015,0.18094298459840194,0.03274036367537752,0.03922263363362316,0.036674707536694114,0.0013450341729020479,0.6540900919047601,0.6532810887800756,0.42677618095768105,-0.5642738303905713,0.6346978828468948,-0.5412885979390752,0.2890625,1.0,1.0,0.39177862592090107,0.3701171875,-0.6298828125,-0.02166143842090107,-0.6298828125,0.0810546875
tianyan-287__qaoa_0470,qaoa,1024,1024,1024,True,True,0.806640625,0.7485142074550476,0.560273518762058,0.08146804029063894,0.0923468863591502,0.008527947420229802,0.806640625,0.748514209963013,0.5602735225165535,0.439453125,0.3512902072864077,0.12340480973532728,0.9521484375,0.883883474645553,0.7812499967514958,0.428001559579145,0.336525522928079,0.11324942758201706,8.941725911067404e-17,9.456069961177004e-09,8.941725911067405e-17,0.8173472311418382,0.7567172813120892,0.5726210438363595,-0.7251725847093611,0.8066406249999999,-0.5126953125,0.3017578125,1.0,1.0000000000000002,0.3994199515536094,0.4013671875,-0.5986328125000002,0.0019472359463906241,-0.5986328125,0.099609375
tianyan-287__qaoa_0471,qaoa,1024,1024,1024,True,True,0.818359375,0.7575003771372791,0.5738068213631201,0.07664048020573369,0.08562233479275623,0.0073311842153628345,0.818359375,0.7575003775373265,0.5738068219691921,0.365234375,0.30971501520457373,0.09592339064316935,0.9453125,0.8752978995032527,0.7661464128748061,0.37575953229150927,0.3013602668456193,0.09081801043326287,1.910554034765578e-18,1.3822279243184092e-09,1.910554034765578e-18,0.8173472311418382,0.7567172834990021,0.5726210471461092,-0.7417188947942663,0.818359375,-0.580078125,0.2890625,1.0,1.0,0.3994199515536095,0.4072265625,-0.5927734375,0.007806610946390513,-0.5927734375,0.1181640625
tianyan-287__qaoa_0472,qaoa,1024,1024,1024,True,True,0.8115234375,0.7522374102650126,0.5658611214022129,0.08459438263919053,0.09558371148134404,0.009136245900548819,0.8115234375,0.7522374128755454,0.5658611253296937,0.4423828125,0.3550960689312762,0.12609321817044566,0.9521484375,0.8838834745000003,0.7812499964941927,0.42172622391076464,0.33118741739665575,0.10968510544186666,9.757139104399533e-17,9.877823193598645e-09,9.757139104399534e-17,0.8173472311418384,0.7567172811978514,0.5726210436634682,-0.7269290548608095,0.8115234374999999,-0.509765625,0.3037109375,1.0,1.0000000000000002,0.3994199515536095,0.3857421875,-0.6142578125000002,-0.013677764053609487,-0.6142578125,0.08203125
tianyan-287__qaoa_0473,qaoa,1024,1024,1024,True,True,0.81640625,0.755990466993134,0.5715215861844969,0.09217478444574054,0.10727509012613691,0.011507944961570798,0.81640625,0.755990467846609,0.5715215874749348,0.439453125,0.3740208874752566,0.13989162426777854,0.9521484375,0.8838834758463202,0.7812499988741726,0.429215071749143,0.34619577742864155,0.11985151630942154,9.508845613374055e-18,3.0836416155860357e-09,9.508845613374055e-18,0.8173472311418382,0.7567172830381504,0.5726210464486403,-0.7242314655542594,0.81640625,-0.5126953125,0.3134765625,1.0,1.0,0.39941995155360943,0.39453125,-0.60546875,-0.004888701553609431,-0.60546875,0.0810546875
tianyan-287__qaoa_0474,qaoa,1024,1024,1024,True,True,0.806640625,0.7485142090271227,0.5602735211154992,0.07673550352031311,0.07869686688510077,0.006193196857531271,0.806640625,0.748514209963013,0.5602735225165535,0.3974609375,0.32556637500353863,0.10599346453294475,0.9404296875,0.8694421752902106,0.7559296961733734,0.37967709074006895,0.3027907532628147,0.09168224026146271,1.44755100862642e-17,3.8046695107806934e-09,1.44755100862642e-17,0.8173472311418382,0.75671728284285,0.5726210461530659,-0.7299051214796869,0.806640625,-0.54296875,0.3486328125,1.0,1.0,0.39941995155360954,0.3916015625,-0.6083984375,-0.007818389053609542,-0.6083984375,0.04296875
tianyan-287__qaoa_0475,qaoa,1024,1024,1024,True,True,0.7958984375,0.7404214953575222,0.5482239907874693,0.07909040823449465,0.10159651853814619,0.010321852579071882,0.7958984375,0.7404214953575227,0.54822399078747,0.4443359375,0.39007484627173944,0.15215838569392115,0.9541015625,0.8864314941028815,0.7857607937374669,0.4307736473248409,0.3746275452283516,0.14034579764382066,6.297243461009665e-31,7.935517286862693e-16,6.297243461009665e-31,0.7982449780976475,0.742178223981171,0.5508285161518451,-0.7168080292655054,0.7958984375,-0.509765625,0.365234375,1.0,1.0,0.4010146440658466,0.4267578125,-0.5732421875,0.02574316843415342,-0.5732421875,0.0615234375
tianyan-287__qaoa_0476,qaoa,1024,1024,1024,True,True,0.7880859374999922,0.7346146901423058,0.5396587429728761,0.10774700176069604,0.1236370288680297,0.01528611490731401,0.7880859375,0.7346146978464239,0.5396587542919926,0.4658203125,0.39935902207291624,0.15948762851103598,0.9521484374999922,0.8838834704685573,0.7812499893675411,0.45432055474684513,0.368405345108948,0.1357224983048431,7.744525635682908e-15,6.211879787548103e-08,3.858745049494867e-15,0.7982449780976413,0.7421782150443716,0.5508285028864496,-0.6803389357392962,0.7880859374999845,-0.48632812499999223,0.31640625,1.0,1.0,0.4010146440658465,0.400390625,-0.599609375,-0.0006240190658465261,-0.599609375,0.083984375
tianyan-287__qaoa_0477,qaoa,1024,1024,1024,True,True,0.8046875,0.7470329723368353,0.5580582617584069,0.08214950476434574,0.09102473938530334,0.008285503180162392,0.8046875,0.7470329723368359,0.5580582617584078,0.4677734375,0.39560711548729277,0.15650498982417618,0.9599609375,0.8943726111527693,0.7999023675802227,0.4611993201277367,0.39155040846236544,0.1533117223670452,1.4585566546322946e-30,1.2077071891117874e-15,1.4585566546322946e-30,0.7982449780976477,0.7421782239811711,0.5508285161518452,-0.7225379952356543,0.8046875,-0.4921875,0.349609375,1.0,1.0,0.4010146440658466,0.3935546875,-0.6064453125,-0.007459956565846582,-0.6064453125,0.0439453125
tianyan-287__qaoa_0478,qaoa,1024,1024,1024,True,True,0.8105468749999996,0.7514904274077591,0.5647378624854964,0.08337924865280837,0.10962833337837448,0.012018371479320016,0.810546875,0.7514904299709986,0.5647378663379963,0.4580078125,0.39947117064566307,0.15957721617701648,0.9589843749999996,0.8930155938797981,0.7974768509124885,0.45300821441552797,0.38379170945207697,0.14729607624414745,5.395894111177312e-16,1.618745362808623e-08,2.620336549614421e-16,0.798244978097647,0.7421782216523424,0.5508285126950334,-0.7271676263471912,0.810546874999999,-0.5009765624999996,0.3125,1.0,1.0,0.4010146440658465,0.3994140625,-0.6005859375,-0.0016005815658465261,-0.6005859375,0.0869140625
tianyan-287__qaoa_0479,qaoa,1024,1024,1024,True,True,0.7861328124999982,0.7331727120283816,0.5375422256630522,0.09356113247180411,0.12086943068536372,0.014609419274203944,0.7861328125,0.7331727161166404,0.5375422316578518,0.4775390625,0.4295405064470836,0.18450504667881706,0.9550781249999982,0.88772303400451,0.7880521851021725,0.471462283899872,0.39528888548910834,0.15625330299122142,1.7643717252072574e-15,2.9600562587679526e-08,8.761933055071328e-16,0.7982449780976463,0.7421782197226484,0.5508285098306798,-0.6925716800281941,0.7861328124999964,-0.4775390624999982,0.2880859375,1.0,1.0,0.4010146440658465,0.3916015625,-0.6083984375,-0.009413081565846526,-0.6083984375,0.103515625
tianyan-287__qaoa_0480,qaoa,1024,1024,1024,True,True,0.8017578125,0.7448194648048045,0.5547560351521155,0.0954423143519412,0.10587297490361611,0.011209086814941727,0.8017578125,0.7448194653577342,0.554756035975781,0.4208984375,0.3713878846671889,0.1379289608775692,0.9765625,0.9202754425464045,0.8469068901539806,0.380336789914566,0.3402245211244506,0.11575272477436174,5.367836097029852e-18,2.316859101678359e-09,5.367836097029853e-18,0.8040733790356811,0.7465681533728687,0.5573640076305753,-0.7063154981480588,0.8017578125,-0.5556640625,0.30859375,1.0,1.0,0.4054278852145922,0.3974609375,-0.6025390625,-0.00796694771459222,-0.6025390625,0.0888671875
tianyan-287__qaoa_0481,qaoa,1024,1024,1024,True,True,0.7949218749999922,0.7396921401197099,0.5471444621548764,0.08442262944133042,0.0987273512693455,0.009747089888660736,0.794921875,0.7396921499391352,0.5471444766815801,0.3857421875,0.34735819450027633,0.12065771528649179,0.9531249999999922,0.8851517576197443,0.7834936340173226,0.3776900000155508,0.3243058513184032,0.10517428519935425,7.744525625857538e-15,6.211879779639571e-08,3.858745039669497e-15,0.8001408659388405,0.7436019839519347,0.5529439105372532,-0.7104992455586618,0.7949218749999845,-0.5673828124999922,0.3212890625,1.0,1.0,0.40458621898880215,0.41015625,-0.58984375,0.005570031011197851,-0.58984375,0.0888671875
tianyan-287__qaoa_0482,qaoa,1024,1024,1024,True,True,0.826171875,0.7635921663043106,0.5830729964413099,0.08492360106931202,0.09325203726149102,0.00869594245341851,0.826171875,0.7635921673223555,0.5830729979960521,0.349609375,0.33410304960140286,0.11162484775295747,0.9619140625,0.897130877251913,0.804843810918787,0.35810085109101536,0.316457154528876,0.1001451306525129,1.5882572169073144e-17,3.985294489629737e-09,1.5882572169073144e-17,0.8040733790356812,0.74656815294981,0.557364006998891,-0.741248273930688,0.826171875,-0.6123046875,0.3271484375,1.0,1.0,0.40542788521459244,0.39453125,-0.60546875,-0.010896635214592443,-0.60546875,0.0673828125
tianyan-287__qaoa_0483,qaoa,1024,1024,1024,True,True,0.765625,0.7182458358951141,0.5158770807806712,0.09422174863485434,0.10338408931367486,0.010688269923217902,0.765625,0.7182458365518543,0.5158770817240729,0.3466796875,0.3212383991098509,0.10319410906265987,0.94921875,0.8801437633591526,0.7746530441800119,0.3271376994081771,0.2888918028445539,0.0834584737507766,7.13162813910548e-18,2.670510838604756e-09,7.131628139105478e-18,0.8040733790356811,0.7465681532831947,0.5573640074966797,-0.6714032513651457,0.765625,-0.6025390625,0.3505859375,1.0,1.0,0.4054278852145922,0.4443359375,-0.5556640625,0.03890805228540778,-0.5556640625,0.09375
tianyan-287__qaoa_0484,qaoa,1024,1024,1024,True,True,0.8193359374999982,0.7582572381467098,0.574954039201876,0.09528599933907264,0.10383818891478791,0.010782369477103183,0.8193359375,0.7582572430264134,0.5749540466020173,0.3935546875,0.3505736967883968,0.12290191687988275,0.9580078124999982,0.8916726071694192,0.7950800383763095,0.41173735886174057,0.3412871573831174,0.11647692379464872,1.7643717270559946e-15,2.9600562618907596e-08,8.761933073558698e-16,0.8001408659388454,0.7436019890951708,0.5529439181862945,-0.7240499381609256,0.8193359374999964,-0.5644531249999982,0.3623046875,1.0,1.0,0.40458621898880204,0.4033203125,-0.5966796875,-0.0012659064888020377,-0.5966796875,0.041015625
tianyan-287__qaoa_0485,qaoa,1024,1024,1024,True,True,0.7822265625,0.7302999265985731,0.5333379827898813,0.10298085238835616,0.09862275781679844,0.009726448359390879,0.7822265625,0.730299927190276,0.5333379836541225,0.30859375,0.2796848461185643,0.07822361314836498,0.9189453125,0.8457534806334288,0.7152989500035596,0.290052732898301,0.23812617028775515,0.05670407297591297,2.3901180001888734e-17,4.888883308270789e-09,2.390118000188873e-17,0.8202558368475641,0.758971372411851,0.5760375441407286,-0.6792457101116438,0.7822265625,-0.6103515625,0.318359375,1.0,1.0,0.3828181440329762,0.43359375,-0.56640625,0.050775605967023796,-0.56640625,0.115234375
tianyan-287__qaoa_0486,qaoa,1024,1024,1024,True,True,0.830078125,0.7666708476520354,0.5877841886394904,0.07283104549245836,0.09259597879059953,0.008574015288189157,0.830078125,0.7666708477593048,0.5877841888039712,0.2626953125,0.22857694586447877,0.05224742018073286,0.90625,0.8329548499473437,0.6938137820508018,0.25117370526342975,0.2081894340722007,0.0433428404593032,4.77638599297488e-19,6.911140277099634e-10,4.7763859929748795e-19,0.8202558368475642,0.7589713729627409,0.5760375449769479,-0.7572470795075417,0.830078125,-0.6435546875,0.3115234375,1.0,1.0,0.38281814403297615,0.392578125,-0.607421875,0.009759980967023851,-0.607421875,0.0810546875
tianyan-287__qaoa_0487,qaoa,1024,1024,1024,True,True,0.8251953124999999,0.76282599172374,0.5819034936493075,0.07645486048692945,0.09767585628442353,0.009540572900895359,0.8251953125,0.7628259926037431,0.5819034949918859,0.2548828125,0.22155546536951148,0.0490868242351008,0.9150390624999999,0.8417359461790416,0.7085194030899264,0.2614960050616361,0.2092666905250469,0.04379254776330575,1.3241842359843103e-16,8.769679148473631e-09,7.690727236717319e-17,0.8202558368475641,0.7589713719025586,0.5760375433676519,-0.7487404520130705,0.8251953124999998,-0.6601562499999999,0.3310546875,1.0,1.0,0.38281814403297615,0.3623046875,-0.6376953125,-0.02051345653297615,-0.6376953125,0.03125
tianyan-287__qaoa_0488,qaoa,1024,1024,1024,True,True,0.7919921874999999,0.737510178467597,0.5439212633433068,0.09555500100851837,0.09100741696368723,0.008282349942402428,0.7919921875,0.7375101796050338,0.5439212650210492,0.2509765625,0.2158173305096815,0.0465771201483251,0.9003906249999999,0.8272789550309436,0.68439046943709,0.24292036491695124,0.1993236765234702,0.03972992802283298,1.210196217747411e-16,8.093730323125627e-09,6.550847054348328e-17,0.8202558368475641,0.7589713719912661,0.5760375435023048,-0.6964371864914816,0.7919921874999998,-0.6494140624999999,0.3330078125,1.0,1.0,0.3828181440329763,0.40625,-0.59375,0.023431855967023685,-0.59375,0.0732421875
tianyan-287__qaoa_0489,qaoa,1024,1024,1024,True,True,0.822265625,0.7605356340843908,0.5784144507121465,0.06664117508749759,0.09100734327164932,0.008282336529363814,0.822265625,0.7605356343715912,0.5784144511489987,0.2333984375,0.21564518544581235,0.0465028460059588,0.8857421875,0.8136212679413036,0.6619795676464146,0.21550519573127372,0.18713754484863557,0.03502046069197509,3.6188772622365916e-18,1.9023346872295082e-09,3.6188772622365916e-18,0.8202558368475643,0.7589713728037876,0.5760375447356658,-0.7556244499125024,0.822265625,-0.65234375,0.3251953125,1.0,1.0,0.38281814403297626,0.3681640625,-0.6318359375,-0.01465408153297626,-0.6318359375,0.04296875
tianyan-287__qaoa_0490,qaoa,1024,1024,1024,True,True,0.8193359375,0.7582572423960953,0.5749540456461307,0.09508073173791726,0.10015184900004899,0.010030392858128614,0.8193359375,0.7582572430264134,0.5749540466020173,0.3828125,0.34228396654854226,0.11715831375620361,0.96484375,0.9013878182425027,0.8124999988759791,0.3830399939789484,0.3241870635508194,0.105097252173703,1.0502170515865915e-17,3.2407052497667717e-09,1.0502170515865915e-17,0.8186164166542618,0.757699467572427,0.5741084831595393,-0.7242552057620828,0.8193359375,-0.58203125,0.31640625,1.0,1.0,0.3967588202437771,0.3798828125,-0.6201171875,-0.01687600774377712,-0.6201171875,0.0634765625
tianyan-287__qaoa_0491,qaoa,1024,1024,1024,True,True,0.79296875,0.7382365011940297,0.5449931316952026,0.08885786432370207,0.0932103759360201,0.008688174182134197,0.79296875,0.7382365013462607,0.5449931319199677,0.365234375,0.33015397313609207,0.10900164597754741,0.9609375,0.8957441855179459,0.8023576458892083,0.36003514083949006,0.3035810393891361,0.09216144747658819,9.552769811418603e-19,9.773827198911694e-10,9.552769811418603e-19,0.8186164166542615,0.7576994679895512,0.574108483791649,-0.7041108856762979,0.79296875,-0.595703125,0.3173828125,1.0,1.0,0.39675882024377723,0.40625,-0.59375,0.009491179756222767,-0.59375,0.0888671875
tianyan-287__qaoa_0492,qaoa,1024,1024,1024,True,True,0.822265625,0.7605356342448703,0.5784144509562471,0.08880643690796175,0.10018014045529984,0.010036060541643603,0.822265625,0.7605356343715912,0.5784144511489987,0.3955078125,0.3505225188083768,0.12286603619176886,0.9755859375,0.9185586533955135,0.8437499997277791,0.3930384430678426,0.34253175472323194,0.11732800299377634,6.271274361403154e-19,7.919137807490886e-10,6.271274361403154e-19,0.8186164166542617,0.7576994680237328,0.5741084838434476,-0.7334591880920383,0.822265625,-0.580078125,0.3232421875,1.0,1.0,0.3967588202437773,0.3955078125,-0.6044921875,-0.0012510077437772882,-0.6044921875,0.072265625
tianyan-287__qaoa_0493,qaoa,1024,1024,1024,True,True,0.8212890625,0.7597748580742977,0.5772578349618191,0.0977743212316021,0.09947581681564809,0.009895438131140374,0.8212890625,0.7597748585422222,0.5772578356728537,0.3525390625,0.30234067618388166,0.09140988447532677,0.953125,0.8851517657030118,0.7834936483271595,0.3328662921816665,0.28421542340717065,0.0807784069025173,4.754417942693045e-18,2.1804627817720356e-09,4.754417942693044e-18,0.8186164166542618,0.7576994677678269,0.5741084834556481,-0.7235147412683979,0.8212890625,-0.6005859375,0.3251953125,1.0,1.0,0.39675882024377707,0.41015625,-0.58984375,0.013397429756222934,-0.58984375,0.0849609375
tianyan-287__qaoa_0494,qaoa,1024,1024,1024,True,True,0.81640625,0.7559904673853199,0.5715215867774746,0.06868278852486241,0.0817821774039683,0.006688324540934144,0.81640625,0.755990467846609,0.5715215874749348,0.32421875,0.2831260778738734,0.08016037597224263,0.95703125,0.8903431640180205,0.7927109497136197,0.31694927107436993,0.27181877579102987,0.07388544687253418,7.237755338521873e-18,2.6903076661456164e-09,7.237755338521873e-18,0.8186164166542617,0.7576994676738638,0.5741084833132566,-0.7477234614751376,0.81640625,-0.6328125,0.3193359375,1.0,1.0,0.39675882024377707,0.3818359375,-0.6181640625,-0.014922882743777066,-0.6181640625,0.0625
tianyan-287__qaoa_0495,qaoa,1024,1024,1024,True,True,0.6397731418478706,0.6388118688555141,0.4080806037906745,0.10395444597953295,0.10399058678791355,0.01081404214049458,0.6396484375,0.6409708982819402,0.41084369244435737,0.19921875,0.1798212065369195,0.03233566632039346,0.7462184543478706,0.7189185824073496,0.5168439281305932,0.1585041124101641,0.13897220599638277,0.019313274039501047,0.028030470750244264,0.02831457296919997,0.0008017150424281496,0.6610105919827494,0.6542958030759535,0.4281029979228069,-0.5358186958683376,0.6117426710976264,-0.5469997043478706,0.3330078125,1.0,1.0,0.3918977013796845,0.412109375,-0.587890625,0.020211673620315507,-0.587890625,0.0791015625
tianyan-287__qaoa_0496,qaoa,1024,1024,1024,True,True,0.666205970461383,0.6598931278709959,0.43545894021136655,0.08112431108688241,0.07923209074077335,0.006277724203154141,0.6630859375,0.6629308909533171,0.4394773661801589,0.23046875,0.20562643545522966,0.04228223095802373,0.7663315813934864,0.7501541671370785,0.5627312744731239,0.2094583619268348,0.18108919358760187,0.03279329603420794,0.050797781407062634,0.04615257190954316,0.0021300598938655524,0.6610105923999001,0.6542958031923719,0.428102998075151,-0.5850816593745005,0.6154081890543204,-0.5358628313934864,0.3056640625,1.0,1.0,0.3918977013893702,0.3818359375,-0.6181640625,-0.01006176388937019,-0.6181640625,0.076171875
tianyan-287__qaoa_0497,qaoa,1024,1024,1024,True,True,0.665302467400426,0.6565309649767673,0.4310329079733253,0.0785616548363694,0.07553831832865497,0.0057060375359212125,0.6708984375,0.6575033139907839,0.43231060790886333,0.201171875,0.17592719274989096,0.03095037714885729,0.7550075166731882,0.7265178105987798,0.5278281291172445,0.1849854058307018,0.1583724595451213,0.025081835942371088,0.03662294078413148,0.04027361926128412,0.0016219644084028754,0.6610105918962913,0.6542958030518249,0.42810299789123235,-0.5867408125640565,0.6286795266162944,-0.5538356416731882,0.318359375,1.0,1.0,0.39189770137767704,0.3828125,-0.6171875,-0.009085201377677043,-0.6171875,0.064453125
tianyan-287__qaoa_0498,qaoa,1024,1024,1024,True,True,0.6612575180414471,0.6526450053021203,0.42594550294580463,0.09977583246001501,0.09033356506967323,0.008160152978196888,0.6572265625,0.6541589665132184,0.4279239534696419,0.228515625,0.19999988286592768,0.0399999531463848,0.783327830541447,0.7465096369185803,0.5572766380123105,0.20106715046714052,0.17088526698187043,0.029201774471465134,0.03819134561835389,0.043174009261569626,0.0018639950757181,0.6610105925735044,0.6542958032408211,0.4281029981385514,-0.5614816855814321,0.6230661724230931,-0.554812205541447,0.3095703125,1.0,1.0,0.39189770139340074,0.4033203125,-0.5966796875,0.011422611106599256,-0.5966796875,0.09375
tianyan-287__qaoa_0499,qaoa,1024,1024,1024,True,True,0.6672555930191372,0.6606269190095423,0.4364279261200404,0.08092480032508341,0.08057232035249352,0.006491898806984841,0.662109375,0.6586853124674581,0.43386634086035286,0.228515625,0.20149670598172353,0.040600922521485144,0.7367093833538079,0.7159404505254224,0.5125707286985448,0.1887972377840721,0.1729251806733811,0.029903118110921497,0.043080153955965435,0.04097794992243315,0.0016791923798454393,0.6610105922605516,0.6542958031534825,0.4281029980242606,-0.5863307926940537,0.6241754390631717,-0.5081937583538079,0.353515625,1.0,1.0,0.39189770138613467,0.38671875,-0.61328125,-0.005178951386134667,-0.61328125,0.033203125
