circuit_id,family,compiled_gate_count,compiled_two_qubit_count,compiled_depth,hardware_vs_ideal_tv,hardware_vs_ideal_h2,finite_vs_ideal_tv,finite_vs_ideal_h2,local_noise_vs_ideal_tv,local_noise_vs_ideal_h2,hardware_vs_local_noise_tv,hardware_vs_local_noise_h2,hardware_noise_minus_ideal_tv,hardware_excess_over_finite_tv,hardware_feasible_k3,finite_feasible_k3,ideal_feasible_k3,local_noise_feasible_k3
tianyan-287__message_0000,message,95,29,48,0.1549645566980063,0.021380358981481336,0.09845503528501515,0.009723747771565028,0.08204038979410277,0.0054491667045515075,0.1523734039032675,0.023612060407770905,-0.002591152794738788,0.05650952141299115,,,,
tianyan-287__message_0001,message,95,29,48,0.12883737822022207,0.01531608932452632,0.0845906509127605,0.006502261479410246,0.08834474969331765,0.006444309917108232,0.1459203060529481,0.017444902443897053,0.017082927832726025,0.04424672730746157,,,,
tianyan-287__message_0002,message,95,29,48,0.1597247789620021,0.020999347722656644,0.10417309938987186,0.009126049112184802,0.05985398327487605,0.0026843277435162774,0.1784664652754042,0.0247483209790477,0.01874168631340209,0.05555167957213024,,,,
tianyan-287__message_0003,message,95,29,48,0.11526843719159409,0.012454400834874195,0.08254720463951687,0.007751501140189871,0.07701744590971471,0.0046306734854037294,0.14256561199149617,0.016732275267829895,0.027297174799902083,0.03272123255207722,,,,
tianyan-287__message_0004,message,95,29,48,0.16568094743424006,0.022479229156465975,0.10107196845790886,0.007849158104893091,0.026935260358760336,0.0005198842511114351,0.1643830540916743,0.021262566507134442,-0.001297893342565748,0.0646089789763312,,,,
tianyan-287__message_0005,message,95,29,48,0.17073946235483628,0.020222226359255847,0.07245629150970118,0.004561552684921165,0.054614035614244945,0.0022367755651774906,0.17121106881299286,0.020960062594178056,0.00047160645815658153,0.0982831708451351,,,,
tianyan-287__message_0006,message,95,29,48,0.23511986170820162,0.04187889340960195,0.07473427311371444,0.011780726694037055,0.1344722492206516,0.01496925148783921,0.1622849802606314,0.021540379654204724,-0.07283488144757022,0.16038558859448718,,,,
tianyan-287__message_0007,message,95,29,48,0.16878632710116065,0.022868598624019958,0.08869317796460072,0.007402530716568781,0.082967297172695,0.0053992079577569446,0.17852292336559333,0.027554252428605437,0.009736596264432684,0.08009314913655993,,,,
tianyan-287__message_0008,message,95,29,48,0.18260254960897782,0.030211829744873415,0.0851530889191517,0.008826330988218148,0.09132835184573894,0.006362589722451124,0.15820838261400755,0.023098496827397407,-0.024394166994970268,0.09744946068982611,,,,
tianyan-287__message_0009,message,95,29,48,0.14959099526705522,0.02088254553866699,0.07593739233703907,0.007803186091041293,0.07069140434454574,0.0038418072520427175,0.1812430879685158,0.02705648594911801,0.03165209270146058,0.07365360293001615,,,,
tianyan-287__message_0010,message,95,29,48,0.13495842487258217,0.015659363234983955,0.10208602649523858,0.010026184329391528,0.09656813902773176,0.007027248257648987,0.1108300465015911,0.01054436693535222,-0.024128378370991063,0.032872398377343584,,,,
tianyan-287__message_0011,message,95,29,48,0.15078507686369583,0.02045933316396452,0.10305434699672891,0.009801436347705791,0.07623340640921782,0.004495764834053811,0.14661782288610944,0.021417854229081705,-0.004167253977586383,0.047730729866966914,,,,
tianyan-287__message_0012,message,95,29,48,0.24590006859734537,0.04963248579196006,0.059707175627588184,0.008166243739647923,0.14900723260089646,0.01690917349228082,0.14290795770566228,0.016772746982511053,-0.10299211089168309,0.1861928929697572,,,,
tianyan-287__message_0013,message,95,29,48,0.13219121219881103,0.01767579071893624,0.09374704675375678,0.009438915585083845,0.08400603628497902,0.005816688171830295,0.15486319368325463,0.022344859662994373,0.022671981484443604,0.038444165445054246,,,,
tianyan-287__message_0014,message,95,29,48,0.163023578613905,0.024992571731143172,0.0859632582620934,0.008119933823082124,0.08530153129205505,0.005951103676345435,0.18270864695894246,0.03286359905735087,0.019685068345037443,0.07706032035181161,,,,
tianyan-287__message_0015,message,95,29,48,0.1356913483205452,0.016985232819184244,0.10276207632425119,0.00922219350788979,0.06985200757404653,0.0038443845066665275,0.13397327243277546,0.01518554606126641,-0.0017180758877697322,0.032929271996294,,,,
tianyan-287__message_0016,message,95,29,48,0.16586256771132074,0.021406703603206588,0.09719581558017741,0.008012907615413928,0.03659334965804307,0.0009836812758094134,0.16146577530917142,0.021501759721325158,-0.004396792402149324,0.06866675213114333,,,,
tianyan-287__message_0017,message,95,29,48,0.1429094102443699,0.01721449532037363,0.10527342775173662,0.008552640366572368,0.0352192625831666,0.0008694574783895336,0.13888783387373216,0.016290762419115815,-0.004021576370637742,0.03763598249263328,,,,
tianyan-287__message_0018,message,95,29,48,0.1556902217153063,0.018967990370213343,0.100949346731696,0.010296727593976407,0.046243078673377055,0.0015737259960110655,0.14672135810890902,0.017583084250332677,-0.008968863606397287,0.0547408749836103,,,,
tianyan-287__message_0019,message,95,29,48,0.2323222660562491,0.04380453675008521,0.06927459762471477,0.007850381591109177,0.13439253971059759,0.01419891849544191,0.14158119627964771,0.021286468956264033,-0.09074106977660137,0.16304766843153431,,,,
tianyan-287__message_0020,message,95,29,48,0.13861085263674433,0.016770618329326546,0.08378824860839999,0.007753835958899621,0.08455926851946814,0.006043735691217307,0.14664961749544342,0.018237745765511085,0.008038764858699088,0.05482260402834434,,,,
tianyan-287__message_0021,message,95,29,48,0.12816758294565833,0.017228925522783496,0.0948632600018898,0.008587577294326788,0.044509317304221425,0.0014987877771286046,0.12248772740212316,0.018118596079360855,-0.005679855543535173,0.03330432294376853,,,,
tianyan-287__message_0022,message,95,29,48,0.143162380963017,0.019105397866878034,0.09547617196711426,0.007929774658804376,0.04117946236252083,0.0012284029393328135,0.15964026403473575,0.023532197138038467,0.01647788307171874,0.04768620899590274,,,,
tianyan-287__message_0023,message,95,29,48,0.17259404094507313,0.02172681482022445,0.09100464477862716,0.008154830084002512,0.04031420241605377,0.0011789764551650797,0.18323476390221022,0.024765916893406896,0.010640722957137083,0.08158939616644598,,,,
tianyan-287__message_0024,message,95,29,48,0.1559230258917999,0.01867296050959012,0.08513804124682417,0.006832400363437381,0.04200697796473467,0.0013364484762789096,0.16577023104596034,0.022727261739289656,0.009847205154160432,0.07078498464497573,,,,
tianyan-287__message_0025,message,95,29,48,0.22519898571346192,0.038631685611294805,0.09267123480315145,0.009521557481692752,0.10246245989198423,0.008419599405481194,0.15457024963547542,0.017623138500636907,-0.0706287360779865,0.13252775091031047,,,,
tianyan-287__message_0026,message,95,29,48,0.16318704349877416,0.02247707237322059,0.10675502389132938,0.008740009484389522,0.08745779144282173,0.0060623393549988965,0.1735055285854386,0.02690595790957609,0.010318485086664442,0.05643201960744479,,,,
tianyan-287__message_0027,message,95,29,48,0.15886181595502122,0.022216225601667604,0.09454539348680127,0.009581717638958823,0.0875248570866194,0.006062311113599356,0.17201524174634855,0.027412731155349777,0.013153425791327333,0.06431642246821995,,,,
tianyan-287__message_0028,message,95,29,48,0.15653173030423861,0.021519284958275365,0.10689638241866256,0.009041466311435655,0.02759503739770349,0.0005580981717233625,0.16053919298327676,0.022433965987203378,0.0040074626790381485,0.04963534788557605,,,,
tianyan-287__message_0029,message,95,29,48,0.13648844291434636,0.019931009035795623,0.09834311480550025,0.0094045710674278,0.04213810375417462,0.0012544261549498753,0.1545488767447626,0.02416013676549495,0.018060433830416223,0.03814532810884612,,,,
tianyan-287__message_0030,message,95,29,48,0.1670433056202496,0.021583677672842052,0.09814174105541655,0.007239066379639482,0.04867587131288859,0.0017265842107335894,0.15855180938973823,0.01951887992028532,-0.008491496230511375,0.06890156456483305,,,,
tianyan-287__message_0031,message,95,29,48,0.16397369541970674,0.0245595416293322,0.08022189986591152,0.007131624966540328,0.054033945655289545,0.0022258487737880353,0.1806752709799308,0.03035518518574807,0.016701575560224058,0.08375179555379522,,,,
tianyan-287__message_0032,message,95,29,48,0.19064372318820272,0.031341712141003585,0.12271757214732079,0.014457506545413043,0.07696148067063682,0.004471850283085314,0.15643839622397432,0.020271742415306708,-0.0342053269642284,0.06792615104088193,,,,
tianyan-287__message_0033,message,95,29,48,0.15461326461628183,0.021267974566727174,0.09139016225265902,0.00936090576249855,0.08953627550417648,0.006545974300169946,0.18184000793782223,0.02647133214821004,0.027226743321540403,0.06322310236362282,,,,
tianyan-287__message_0034,message,95,29,48,0.1546494850431366,0.020365184170301892,0.08859158644074222,0.006940482257061511,0.04105778435657998,0.0012458899079332358,0.15689851790668966,0.02115890338003315,0.0022490328635530465,0.06605789860239439,,,,
tianyan-287__message_0035,message,95,29,48,0.1690679072365275,0.02829998571117781,0.09468295912532937,0.007658870361547085,0.05668421415298294,0.0024716459728093528,0.1820660920588158,0.033377787573978884,0.012998184822288289,0.07438494811119814,,,,
tianyan-287__message_0036,message,95,29,48,0.15676376784603446,0.02174550355254132,0.0812897409403727,0.007321778085282502,0.04132505532561409,0.0011887830203333337,0.1591830475158048,0.023271240972189328,0.0024192796697703467,0.07547402690566177,,,,
tianyan-287__message_0037,message,95,29,48,0.1908235759905655,0.02467751420404702,0.09439899084439497,0.007429389331971294,0.053058292552717795,0.001931056556280764,0.18884047407211535,0.02618659147620698,-0.001983101918450164,0.09642458514617054,,,,
tianyan-287__message_0038,message,95,29,48,0.2279515655861086,0.04134309743459121,0.08564758099917881,0.009559679219465532,0.1385249608250067,0.015954876922432033,0.15180619704493659,0.01998574852117902,-0.07614536854117201,0.14230398458692978,,,,
tianyan-287__message_0039,message,95,29,48,0.15088203165113237,0.020154693584725682,0.07595752485399737,0.00945337483561836,0.08988545179053316,0.006685735044909974,0.16640444271260835,0.02416480561084615,0.015522411061475977,0.074924506797135,,,,
tianyan-287__message_0040,message,95,29,48,0.17605439127796282,0.02571709529018088,0.10805253215252811,0.009916713856090229,0.08928772430508661,0.006560026742133039,0.19699935242277006,0.034360414695698914,0.020944961144807234,0.06800185912543472,,,,
tianyan-287__message_0041,message,95,29,48,0.16293801300363675,0.021373404359247655,0.07101328948904306,0.005057869678205543,0.05080910989229474,0.001796358369356859,0.15966771696833426,0.021057870026199944,-0.003270296035302489,0.09192472351459369,,,,
tianyan-287__message_0042,message,95,29,48,0.15284408691143203,0.02118891462389207,0.08817550198853452,0.007409708211399253,0.05866790550710164,0.0026703676977498257,0.17319114937983626,0.026615540861895125,0.02034706246840423,0.06466858492289751,,,,
tianyan-287__message_0043,message,95,29,48,0.17645862163767825,0.02527334957851462,0.0965921903358728,0.012097196828896744,0.11019401118646967,0.009076773170028822,0.14715048637672515,0.017349554435142522,-0.029308135260953105,0.07986643130180546,,,,
tianyan-287__message_0044,message,95,29,48,0.15842186776616035,0.02159526161340566,0.09948040420296692,0.011849588538449307,0.09722992746890569,0.007058259657050679,0.12403290942248538,0.01591362931348011,-0.034388958343674975,0.058941463563193436,,,,
tianyan-287__message_0045,message,95,29,48,0.2853917739361248,0.10394715624030601,0.03790289584033634,0.004717151728655463,0.25282395491905785,0.09867659486509053,0.1531709730986874,0.030718713432407847,-0.1322208008374374,0.24748887809578846,,,,
tianyan-287__message_0046,message,95,29,48,0.16147996875913534,0.025550026442753886,0.07864113113022592,0.007950372575961475,0.09074733359740766,0.0066301899371455095,0.17531863644639722,0.03007815679280297,0.013838667687261885,0.08283883762890942,,,,
tianyan-287__message_0047,message,95,29,48,0.15835866365069265,0.020192899645781928,0.08398532185337257,0.006684151127573123,0.05064280809292873,0.0019279408943187542,0.15809311473703197,0.020911707293441807,-0.00026554891366067923,0.07437334179732008,,,,
tianyan-287__message_0048,message,95,29,48,0.17819921720021975,0.025036529872466767,0.10077488685481203,0.007748347978338163,0.036067854858452444,0.0009519070703740762,0.17378628570254068,0.026212066156521475,-0.0044129314976790734,0.07742433034540772,,,,
tianyan-287__message_0049,message,95,29,48,0.167060117614255,0.02011766761082525,0.08974171449921853,0.006381521170823925,0.04465867687525114,0.001487731873373691,0.15431432810993131,0.018124009901027617,-0.012745789504323674,0.07731840311503646,,,,
tianyan-287__message_0050,message,95,29,48,0.1358853796171731,0.018520229821277483,0.0974129692731647,0.0070994275346610135,0.04997224791622273,0.0019275426822480742,0.14131273288154392,0.01861429680101815,0.005427353264370827,0.03847241034400839,,,,
tianyan-287__message_0051,message,95,29,48,0.2474909418801363,0.057302759254373385,0.06384725995492542,0.008231885180205453,0.17757980984638794,0.03216555073712317,0.17014140341957074,0.028403652398001727,-0.07734953846056555,0.18364368192521086,,,,
tianyan-287__message_0052,message,95,29,48,0.15307704291711277,0.017479123320946276,0.07855293922615669,0.006928797271491858,0.09001895112020085,0.006484210477597587,0.16034071543216694,0.02055885861483022,0.007263672515054165,0.07452410369095608,,,,
tianyan-287__message_0053,message,95,29,48,0.17574427559331066,0.0258820004851309,0.09130436458787719,0.009715226779713919,0.0901102804791519,0.00649241207050614,0.18190066986196324,0.02694843107052812,0.006156394268652582,0.08443991100543347,,,,
tianyan-287__message_0054,message,95,29,48,0.15463603001418105,0.018045321920109287,0.08779225517523255,0.0075061965039504314,0.06094238508343392,0.00286341969694639,0.1501362716543141,0.017863642592389744,-0.004499758359866962,0.0668437748389485,,,,
tianyan-287__message_0055,message,95,29,48,0.15707737999039245,0.02130449622795178,0.09685654653775946,0.007749564779955904,0.05020859990618544,0.001913786910453367,0.16872425617202363,0.025849742584032515,0.011646876181631183,0.06022083345263299,,,,
tianyan-287__message_0056,message,95,29,48,0.17094923576828694,0.024044545264183582,0.08824014063376404,0.006536154235162988,0.024050706353970285,0.00041064978378590555,0.1733963659877647,0.024480667141673088,0.002447130219477761,0.0827090951345229,,,,
tianyan-287__message_0057,message,95,29,48,0.14035145790706324,0.018885070818957933,0.08505953417883741,0.009067261450658212,0.05282359851491447,0.002053459295887164,0.13024164228455765,0.016981982548032567,-0.010109815622505597,0.055291923728225834,,,,
tianyan-287__message_0058,message,95,29,48,0.2817950537461561,0.0616211030593463,0.06357190963330703,0.007386334049513546,0.1663879602252604,0.027522643856657647,0.14984834148179543,0.01919265004603741,-0.13194671226436067,0.21822314411284907,,,,
tianyan-287__message_0059,message,95,29,48,0.1534503271769939,0.018797608374626417,0.09664918409105018,0.008960022220238298,0.08969354086032258,0.006497220205757884,0.17492559052248896,0.02626969340898258,0.02147526334549507,0.05680114308594371,,,,
tianyan-287__message_0060,message,95,29,48,0.1659606778283144,0.025496940583587542,0.08741597471281969,0.008015435775115813,0.07371845966530279,0.004249219996209017,0.1655676740902951,0.02385161484793771,-0.00039300373801928745,0.0785447031154947,,,,
tianyan-287__message_0061,message,95,29,48,0.17474655147494011,0.02692665094416641,0.08872510121107172,0.009801535109467099,0.035236563071420576,0.0009545113927011148,0.1817744748987647,0.03032522697320715,0.007027923423824578,0.0860214502638684,,,,
tianyan-287__message_0062,message,95,29,48,0.1306652865750011,0.014898685775729507,0.09060034391377483,0.009805553531636677,0.04891239472057242,0.0017822604988559365,0.1485823446689226,0.018410133475093043,0.017917058093921495,0.04006494266122626,,,,
tianyan-287__message_0063,message,95,29,48,0.1685095399313739,0.02334594162354616,0.08381807814718178,0.00901452166681799,0.047514685604077275,0.0016435256739731293,0.1679975197313579,0.024691438366953616,-0.0005120202000160057,0.08469146178419212,,,,
tianyan-287__message_0064,message,95,29,48,0.22903917198894735,0.04598832602410484,0.0719142527718408,0.01063315942332522,0.17714433465928994,0.03314156537079042,0.11190469424981839,0.014469977041607705,-0.11713447773912897,0.15712491921710656,,,,
tianyan-287__message_0065,message,95,29,48,0.12428348575896708,0.016722939897639726,0.0874094902250767,0.009948135634592011,0.09247235371469475,0.007092138627046614,0.14727012820666696,0.023469292780550283,0.02298664244769988,0.03687399553389038,,,,
tianyan-287__message_0066,message,95,29,48,0.1497085253208597,0.020073861537302163,0.07633715447121031,0.008678061877758856,0.09350219114838512,0.007141151821550569,0.14872379193657403,0.021016914812467962,-0.0009847333842856743,0.0733713708496494,,,,
tianyan-287__message_0067,message,95,29,48,0.18129120893430115,0.02365520992982714,0.08398171101791016,0.006493011257674525,0.02961719136451828,0.0006336700648714086,0.19149769703770286,0.02593466240963825,0.010206488103401717,0.09730949791639099,,,,
tianyan-287__message_0068,message,95,29,48,0.17254814033583638,0.022013992724379622,0.09790792872490853,0.009590028400187283,0.0691925424732151,0.003471857405722349,0.16331505113334488,0.02138409235046576,-0.009233089202491496,0.07464021161092785,,,,
tianyan-287__message_0069,message,95,29,48,0.18591631157037908,0.02478972828343532,0.08020247537006117,0.006839550836538892,0.05248716644336743,0.0020388974424644106,0.19180572717071515,0.026492457401224686,0.005889415600336068,0.1057138362003179,,,,
tianyan-287__message_0070,message,95,29,48,0.15175676397186597,0.018200501048535586,0.09570943151381608,0.008975575567485102,0.0347394015073139,0.0008933360569577092,0.14644718322949424,0.017268945790276588,-0.005309580742371728,0.05604733245804988,,,,
tianyan-287__message_0071,message,95,29,48,0.3040904366331192,0.11514157597138205,0.05379361112324427,0.005776128986282209,0.2510516920637999,0.09577699727755055,0.13502553933991324,0.03691632889295726,-0.16906489729320595,0.2502968255098749,,,,
tianyan-287__message_0072,message,95,29,48,0.1427865733935496,0.01796574452856358,0.07725849915182623,0.008288033233652008,0.09033824324637355,0.006530400744386309,0.15930255430439752,0.02200226105800034,0.01651598091084791,0.06552807424172338,,,,
tianyan-287__message_0073,message,95,29,48,0.1745294703711484,0.024001042021461447,0.08494297959987726,0.006608070341003264,0.05225837460186111,0.001960710356293795,0.18173204204327809,0.024940861440381955,0.007202571672129676,0.08958649077127115,,,,
tianyan-287__message_0074,message,95,29,48,0.17628810235555226,0.023444808374001452,0.07596429306103061,0.011493392891063487,0.10881994212259638,0.008226512530316227,0.151021779449056,0.020096456250225263,-0.025266322906496247,0.10032380929452164,,,,
tianyan-287__message_0075,message,95,29,48,0.21789396334280076,0.0364286325428945,0.07966035719736522,0.011737538891438384,0.11592520958000169,0.010759159848765057,0.16034750787680863,0.028429904266911263,-0.05754645546599213,0.13823360614543553,,,,
tianyan-287__message_0076,message,95,29,48,0.1440581573356733,0.018919559578902727,0.10040828638660194,0.007852104236670168,0.04008873428039881,0.0012015282025964395,0.15391492522847444,0.02087761144801854,0.009856767892801155,0.04364987094907134,,,,
tianyan-287__message_0077,message,95,29,48,0.2895816385803317,0.0895618475840448,0.057324215162204206,0.007149514754603993,0.22258873674388432,0.05745775154306798,0.1469919560755584,0.03481178126162538,-0.1425896825047733,0.2322574234181275,,,,
tianyan-287__message_0078,message,95,29,48,0.15166921598626387,0.019035887547191096,0.08995038181326762,0.010638869657549687,0.09106306504762093,0.006898822625061097,0.16125138508187326,0.021422579690275275,0.009582169095609383,0.061718834172996256,,,,
tianyan-287__message_0079,message,95,29,48,0.13445135795769786,0.015326991133862058,0.07261634077828871,0.007118946324098513,0.09150797238750878,0.006903399470312144,0.15232716108905842,0.02074789052032046,0.017875803131360557,0.061835017179409146,,,,
tianyan-287__message_0080,message,95,29,48,0.19331992484930774,0.029959649053211666,0.08430533985174916,0.007959626650402934,0.06769305909043745,0.003233623418895352,0.20004886338642958,0.03296484837446935,0.006728938537121837,0.10901458499755858,,,,
tianyan-287__message_0081,message,95,29,48,0.15326720665783247,0.021231875263489873,0.08720863395845244,0.006816188278494202,0.04342789628980334,0.0014026604950300953,0.16603933310743382,0.024482834908582857,0.012772126449601351,0.06605857269938004,,,,
tianyan-287__message_0082,message,95,29,48,0.17706561016222644,0.024863140744134073,0.08373450537957994,0.007642973801814881,0.04980142792432801,0.0018679423456881266,0.1814707331850715,0.024640004627765208,0.00440512302284507,0.0933311047826465,,,,
tianyan-287__message_0083,message,95,29,48,0.13629816689876195,0.015940166513277343,0.1089752108586529,0.010292224393650564,0.043100255945347485,0.0014060647909724681,0.14996006967500788,0.019375422358989987,0.013661902776245932,0.02732295604010905,,,,
tianyan-287__message_0084,message,95,29,48,0.3024974474362055,0.06557736462134532,0.06941768816260638,0.011404631982480186,0.1522074205669776,0.020565023736859832,0.17244655010452228,0.025413943889273594,-0.1300508973316832,0.2330797592735991,,,,
tianyan-287__message_0085,message,95,29,48,0.14909706263095437,0.018989306749813063,0.09845418546497078,0.010935446528906587,0.08946341077968359,0.006602963438542276,0.16393371827900188,0.021716430814204185,0.014836655648047509,0.05064287716598359,,,,
tianyan-287__message_0086,message,95,29,48,0.15126626692977851,0.019845567055988445,0.09228166737539169,0.00841259383407407,0.036466725171195695,0.000948845490534483,0.1645906766791188,0.023597319679487964,0.013324409749340294,0.05898459955438683,,,,
tianyan-287__message_0087,message,95,29,48,0.15052021543013056,0.01843652110108974,0.09137147860804992,0.006914492215656529,0.06202473227832163,0.002756195582886406,0.16083835259935664,0.022061699992439593,0.010318137169226083,0.05914873682208063,,,,
tianyan-287__message_0088,message,95,29,48,0.16923076117025676,0.024359095161075837,0.10924724810985559,0.009859273421431936,0.058070248528928496,0.0024157747015622977,0.162266147121547,0.021811224375210662,-0.006964614048709766,0.05998351306040117,,,,
tianyan-287__message_0089,message,95,29,48,0.1652520509394651,0.020548417391920176,0.09936464419131219,0.007969942127533068,0.04368456792498172,0.0013739765586862401,0.17148635662923362,0.022660447438436294,0.006234305689768516,0.06588740674815291,,,,
tianyan-287__message_0090,message,95,29,48,0.2752895327965844,0.05631055791449957,0.07974430947405295,0.013850078615483407,0.17069351970798197,0.024383598108627592,0.14678937554083546,0.01893041831665342,-0.12850015725574895,0.19554522332253146,,,,
tianyan-287__message_0091,message,95,29,48,0.15086250804903906,0.017529188774756836,0.08440891691219993,0.007918578555147235,0.08782237910577943,0.006415786721585868,0.15714268398753906,0.02068563400554078,0.006280175938499999,0.06645359113683913,,,,
tianyan-287__message_0092,message,95,29,48,0.15668465540743265,0.021051440961214953,0.0949728209389259,0.010988226332364438,0.08832520149426437,0.006410308696856163,0.17600987282203737,0.0248758215474938,0.019325217414604717,0.061711834468506754,,,,
tianyan-287__message_0093,message,95,29,48,0.1661898935858495,0.023114910590390954,0.09687539651284267,0.00965061903398157,0.06953975436742749,0.003648561646133116,0.17265295230569092,0.0246387247701736,0.0064630587198414025,0.06931449707300684,,,,
tianyan-287__message_0094,message,95,29,48,0.14801185043812012,0.017663662874119572,0.09306445423761572,0.009179494093218476,0.05345158835996716,0.0021796170991618515,0.14185019178841413,0.01753514159521369,-0.006161658649705998,0.0549473962005044,,,,
tianyan-287__message_0095,message,95,29,48,0.12353823798088012,0.015064684534461192,0.11045442455904461,0.011467880381652563,0.0710387895779097,0.0037393891767034493,0.1369660840281342,0.018102362696357018,0.013427846047254083,0.01308381342183551,,,,
tianyan-287__message_0096,message,95,29,48,0.16119989096747572,0.01925834563855551,0.10660677506441518,0.0091554227272613,0.04024103899741366,0.0011681763009842457,0.16880061324462997,0.021222771528692286,0.007600722277154248,0.05459311590306054,,,,
tianyan-287__message_0097,message,95,29,48,0.2141059309885978,0.039447186404745566,0.06765207217087024,0.00925275725700813,0.13541729677450953,0.014634676028269376,0.12376561034358163,0.015577307806285478,-0.09034032064501615,0.14645385881772754,,,,
tianyan-287__message_0098,message,95,29,48,0.13092170470334075,0.017105716998078536,0.08313298709531229,0.00577460023536361,0.08087455508810931,0.005275048184620073,0.14393130019307643,0.021978726463387416,0.013009595489735681,0.047788717608028455,,,,
tianyan-287__message_0099,message,95,29,48,0.16347680090203506,0.021166150957195456,0.08711781762129477,0.009786688074166949,0.06625934989985721,0.0031388723651685404,0.14463999556664908,0.01812903208370959,-0.01883680533538598,0.0763589832807403,,,,
tianyan-287__message_0100,message,95,29,48,0.14596470906009568,0.01736122237052302,0.08625327899430875,0.006990664263927578,0.060329419635288116,0.002811674753254034,0.14367282660570244,0.019137149388980975,-0.0022918824543932403,0.05971143006578693,,,,
tianyan-287__message_0101,message,95,29,48,0.16457841282482294,0.020949909667140207,0.08866698374459497,0.007243836359671419,0.05939591054578225,0.0026089029598114696,0.1647731409793966,0.021420133218873674,0.00019472815457366455,0.07591142908022797,,,,
tianyan-287__message_0102,message,95,29,48,0.14870913497638,0.020019383375394564,0.11078957176981091,0.012251961980234443,0.0534721838239092,0.0023044850556937875,0.15933965801780112,0.02390449829482938,0.01063052304142112,0.037919563206569085,,,,
tianyan-287__message_0103,message,95,29,48,0.16549789392215797,0.023308432243270664,0.08298102121022422,0.007851889451564498,0.07238800951652435,0.0040619684214347205,0.12942125012042227,0.014481472570129241,-0.0360766438017357,0.08251687271193375,,,,
tianyan-287__message_0104,message,95,29,48,0.14881994823640715,0.020936106122261988,0.09284867273072044,0.008190201831498142,0.08355446726145387,0.005831000791868891,0.18064005532280367,0.029998575280399127,0.031820107086396515,0.055971275505686716,,,,
tianyan-287__message_0105,message,95,29,48,0.1638507408703555,0.025016359367468086,0.07649936825212864,0.005202869112279393,0.02873077068059894,0.0006112019872662039,0.16879915442861299,0.027035719459902227,0.004948413558257481,0.08735137261822687,,,,
tianyan-287__message_0106,message,95,29,48,0.1494789785726154,0.02130292157667294,0.08770555690841181,0.01001096514231008,0.028652314885752594,0.0006147036488776277,0.15225728508316788,0.022005443872734686,0.0027783065105524696,0.061773421664203604,,,,
tianyan-287__message_0107,message,95,29,48,0.1494130217072525,0.019563019437530842,0.09130340461832762,0.00967473726392476,0.07721132363867965,0.004540471843190348,0.12195371506252721,0.015443309602996991,-0.027459306644725304,0.0581096170889249,,,,
tianyan-287__message_0108,message,95,29,48,0.1471623779402467,0.019622257200093265,0.11745629350771442,0.011501493701995593,0.05503629041272233,0.00233663829733785,0.1547047343812257,0.02083702009771244,0.007542356440979003,0.02970608443253228,,,,
tianyan-287__message_0109,message,95,29,48,0.14607457849349953,0.01868932966174141,0.07910433090061786,0.0074388058285946215,0.06692398992206432,0.003858888928368884,0.15835790556637042,0.021885864185581874,0.012283327072870887,0.06697024759288167,,,,
tianyan-287__message_0110,message,95,29,48,0.20768498554633277,0.03884131011842169,0.07457559226751073,0.010401172897566334,0.13799295829574784,0.019604962378341792,0.14132082088432124,0.018163545132590705,-0.06636416466201153,0.13310939327882204,,,,
tianyan-287__message_0111,message,95,29,48,0.15175687719358874,0.020732343396942313,0.09814234651342935,0.010716036787235043,0.08875028917306847,0.006626251822630231,0.16544036721628375,0.023837724463164442,0.013683490022695005,0.053614530680159395,,,,
tianyan-287__message_0112,message,95,29,48,0.17507646242238795,0.024606321073749476,0.0941465421989354,0.009241158511758609,0.028344496541736923,0.0006472257010673887,0.18619826001115264,0.027677843568964827,0.011121797588764692,0.08092992022345255,,,,
tianyan-287__message_0113,message,95,29,48,0.16629297629179718,0.02442943549717347,0.09606750950537848,0.010867853043589575,0.03916807178120621,0.0011447807846290759,0.15944022113789305,0.024186709680658208,-0.006852755153904128,0.0702254667864187,,,,
tianyan-287__message_0114,message,95,29,48,0.15878114666529533,0.020260477467518384,0.08425906613486708,0.006924643871649275,0.04351012643113437,0.0013541861347141583,0.16711462828275028,0.022163261642187626,0.008333481617454952,0.07452208053042825,,,,
tianyan-287__message_0115,message,95,29,48,0.15147052748752152,0.02225971823674669,0.08046420184807174,0.009984056142958275,0.07071013207663782,0.0037709338202765413,0.16360697747138606,0.02357455164073905,0.012136449983864539,0.07100632563944978,,,,
tianyan-287__message_0116,message,95,29,48,0.14615524196035518,0.019071870676207744,0.06652527101738293,0.00881379393485826,0.09947293542004657,0.007820934709438425,0.11337616811633064,0.011874115380079044,-0.03277907384402454,0.07962997094297225,,,,
tianyan-287__message_0117,message,95,29,48,0.1580551570908717,0.02140511693849386,0.09548221388127703,0.009148499022061855,0.08120974305208485,0.004799196131225654,0.16453812081909963,0.024029768090231596,0.006482963728227931,0.06257294320959467,,,,
tianyan-287__message_0118,message,95,29,48,0.15430616453015283,0.023074873760044516,0.07830940313786883,0.007189466336986038,0.05477697092333278,0.0022605531914132917,0.15695514311256653,0.024094836108449508,0.002648978582413697,0.075996761392284,,,,
tianyan-287__message_0119,message,95,29,48,0.18238355012027,0.029946334504851686,0.07200711851717362,0.006579690515105652,0.10164622483741073,0.008920020769595898,0.13486229675480163,0.0171417637163074,-0.04752125336546836,0.11037643160309638,,,,
tianyan-287__message_0120,message,95,29,48,0.18479340467115912,0.02859110224263877,0.08781837725933495,0.007608432355856144,0.04977363697268518,0.0018536215850209026,0.19232503048195654,0.03258468491686394,0.0075316258107974154,0.09697502741182418,,,,
tianyan-287__message_0121,message,95,29,48,0.1388425887934661,0.018963552200151487,0.07693145539428414,0.007972704993747776,0.07992942773814793,0.0049589973578035235,0.14126120230416767,0.017180154145692787,0.0024186135107015783,0.061911133399181945,,,,
tianyan-287__message_0122,message,95,29,48,0.17671008638675476,0.025472761870250004,0.08629896692606273,0.007999359148153544,0.05916967811613522,0.0025604895391990895,0.18015350592966342,0.030142364157898976,0.0034434195429086656,0.09041111946069202,,,,
tianyan-287__message_0123,message,95,29,48,0.18035573251100068,0.032094098424542535,0.11171659294130293,0.013184919014244817,0.09701172836042087,0.005985954813354535,0.1378337960170211,0.021390520181172212,-0.04252193649397959,0.06863913956969775,,,,
tianyan-287__message_0124,message,95,29,48,0.15324658283282813,0.02423525813872878,0.0858392787717614,0.007664497845278483,0.08519061635516265,0.006147593140266571,0.17608950631259618,0.028442418996890092,0.022842923479768046,0.06740730406106674,,,,
tianyan-287__message_0125,message,95,29,48,0.12934196531444345,0.017118623319215976,0.10164607115838546,0.010580917194276215,0.03966523639906899,0.0011363569249235963,0.1294400356581286,0.01784381975059924,9.807034368514156e-05,0.027695894156057985,,,,
tianyan-287__message_0126,message,95,29,48,0.1493068739047121,0.019469765098578486,0.08809383572513962,0.008863545184982335,0.09010993295083147,0.006134734778388922,0.1528041363805776,0.019211433283114795,0.0034972624758655146,0.061213038179572465,,,,
tianyan-287__message_0127,message,95,29,48,0.14723568068038778,0.019172418906031455,0.09173073132298956,0.009556612188994491,0.03845737178705009,0.0011070856493182067,0.16412580580979153,0.0234446683251558,0.016890125129403744,0.05550494935739822,,,,
tianyan-287__message_0128,message,95,29,48,0.14651165685532602,0.0181634558651376,0.10601145544522783,0.009360748803961986,0.06094352731923178,0.003101455520642784,0.16239509291724635,0.02310614231516296,0.01588343606192033,0.04050020141009819,,,,
tianyan-287__message_0129,message,95,29,48,0.20759804773674198,0.03945185396361683,0.06596595322802438,0.011285969757646282,0.14843643349439656,0.022799670607564854,0.12484981980514234,0.018331065584141163,-0.08274822793159964,0.1416320945087176,,,,
tianyan-287__message_0130,message,95,29,48,0.12334700599814867,0.014906988927104244,0.08538488186275875,0.007937113343703306,0.08492317095909319,0.006051082274182589,0.1535453276954752,0.02085612696104399,0.030198321697326516,0.03796212413538992,,,,
tianyan-287__message_0131,message,95,29,48,0.16995815097063377,0.02307513704461846,0.10685822763528209,0.010176986661323087,0.08638688077468706,0.005888720644628256,0.1270308290384582,0.015663684818090037,-0.04292732193217558,0.06309992333535168,,,,
tianyan-287__message_0132,message,95,29,48,0.18150634665628002,0.027298213537889412,0.09387580071284787,0.009052705947971341,0.0472645845198689,0.0013779413233731845,0.1888809255896706,0.030428042315362967,0.00737457893339058,0.08763054594343214,,,,
tianyan-287__message_0133,message,95,29,48,0.17684031116329368,0.028159875413615976,0.10288944243040772,0.009821931383663468,0.05450634229367818,0.002223502611038606,0.15686328522929832,0.02544474971217138,-0.019977025933995363,0.07395086873288596,,,,
tianyan-287__message_0134,message,95,29,48,0.16743526771663345,0.023309759660487598,0.09183561219251085,0.006556348779440967,0.02170269407832155,0.0003537723511357454,0.1747145297375238,0.02528471101047382,0.007279262020890354,0.0755996555241226,,,,
tianyan-287__message_0135,message,95,29,48,0.15547068958138707,0.020384722829389336,0.09335580565422455,0.00729465170352394,0.06636735091345446,0.003670357981594181,0.1858619355205977,0.025933659678488125,0.030391245939210637,0.06211488392716252,,,,
tianyan-287__message_0136,message,95,29,48,0.15632951010333207,0.023161979871135392,0.07646569656594734,0.007596910924746488,0.0806711522035436,0.004954870619722695,0.13545675850944633,0.017645277482754747,-0.02087275159388574,0.07986381353738473,,,,
tianyan-287__message_0137,message,95,29,48,0.1432673472290672,0.017322061729915593,0.08249415272810853,0.006418384750872214,0.09200576734086902,0.006750517844171065,0.1684035499965691,0.020836038585365632,0.025136202767501892,0.060773194500958666,,,,
tianyan-287__message_0138,message,95,29,48,0.18628191830342894,0.027943882742652845,0.08199547926328904,0.011670785788413811,0.04367440226029826,0.0013843641429800383,0.1919821386641236,0.03044012484655121,0.005700220360694674,0.1042864390401399,,,,
tianyan-287__message_0139,message,95,29,48,0.1672786886222907,0.02420062009044628,0.09120716675594047,0.009523185688649207,0.06395264818617566,0.0031042522113021997,0.15289579293926375,0.02230861477025317,-0.014382895683026947,0.07607152186635023,,,,
tianyan-287__message_0140,message,95,29,48,0.14449258397961673,0.0211962707463737,0.08900147265638153,0.007551143848902274,0.06572560235381757,0.003307836062142097,0.16167468464006685,0.0252297769766769,0.017182100660450117,0.0554911113232352,,,,
tianyan-287__message_0141,message,95,29,48,0.14009574752647164,0.015353633700144465,0.11218177775522684,0.010770541471582747,0.08172645664459316,0.0053328331243945055,0.1403883317166344,0.016222581035459982,0.00029258419016275905,0.0279139697712448,,,,
tianyan-287__message_0142,message,95,29,48,0.18716891048508089,0.03252863927724272,0.0809992664030261,0.011290816619555784,0.11479893675040889,0.009509444780312678,0.12845472055948215,0.020322222561616157,-0.058714189925598737,0.10616964408205479,,,,
tianyan-287__message_0143,message,95,29,48,0.18880135113841318,0.03039384912859809,0.08535686155248502,0.007475929978608846,0.08535984703035161,0.005563680716022219,0.19086196453147672,0.029947275104604675,0.002060613393063543,0.10344448958592815,,,,
tianyan-287__message_0144,message,95,29,48,0.17547997709177204,0.0240615636367356,0.07312905792622515,0.004973668314464507,0.0441571568245819,0.0014160741714167595,0.18493236472354752,0.026099781348921214,0.009452387631775472,0.1023509191655469,,,,
tianyan-287__message_0145,message,95,29,48,0.18230360266322698,0.025407960861444194,0.09986754909121057,0.009645622318829794,0.043150991551209314,0.0013678670862971453,0.17997001013396446,0.025171503918243996,-0.002333592529262518,0.08243605357201642,,,,
tianyan-287__message_0146,message,95,29,48,0.16605540414390105,0.022328638092673644,0.0923446074588911,0.00750476160183918,0.0259636786140496,0.000492572658512058,0.17598333248703069,0.025640443000983774,0.009927928343129638,0.07371079668500995,,,,
tianyan-287__message_0147,message,95,29,48,0.1483276588311145,0.016342960281016172,0.08951964344152327,0.0071223041119148536,0.04619557893239948,0.0016447060223980605,0.15324242705547292,0.018101197358328245,0.004914768224358407,0.05880801538959124,,,,
tianyan-287__message_0148,message,95,29,48,0.14407872268137156,0.016913900683111983,0.07530464661419294,0.00599127392331463,0.08421529958248643,0.00575711123606134,0.15156653490444844,0.01978077637605302,0.007487812223076873,0.06877407606717863,,,,
tianyan-287__message_0149,message,95,29,48,0.22006155350076925,0.04549497313915436,0.0616352750591324,0.006681329531987818,0.16208291843691897,0.025461634387776752,0.1440690451530793,0.019793436352411736,-0.07599250834768995,0.15842627844163687,,,,
tianyan-287__message_0150,message,95,29,48,0.17198070763454235,0.02600812657491595,0.09391979118982964,0.008087714297857797,0.08403250424901378,0.005661074835671003,0.19257364182426473,0.03242997823096137,0.020592934189722384,0.0780609164447127,,,,
tianyan-287__message_0151,message,95,29,48,0.17161123107480075,0.025642927612878855,0.08011529940382162,0.005328163435120397,0.036339220928715985,0.0009854274410775422,0.17053272353921517,0.027525789515045068,-0.0010785075355855822,0.09149593167097914,,,,
tianyan-287__message_0152,message,95,29,48,0.1673862662743684,0.02585886483674462,0.09400606538628652,0.007782721145906649,0.02298710440457909,0.0004082904851884586,0.16473670542622984,0.025974543748336635,-0.0026495608481385546,0.07338020088808188,,,,
tianyan-287__message_0153,message,95,29,48,0.1712305307283351,0.024018693615423716,0.09737063188058598,0.00810624277197919,0.05551171133684425,0.0023276353367627186,0.16979356514645694,0.025078127638591588,-0.001436965581878169,0.07385989884774913,,,,
tianyan-287__message_0154,message,95,29,48,0.16262546198668776,0.0220287501807844,0.06329988417655948,0.006023458266466759,0.07285974084432106,0.004068691649823293,0.163485642430516,0.022924219584960194,0.0008601804438282401,0.09932557781012828,,,,
tianyan-287__message_0155,message,95,29,48,0.10130430427605053,0.02271264851891961,0.07188481479934139,0.007726314258584629,0.0944207665954561,0.0175123201218418,0.09336782930624432,0.01881015527656503,-0.007936474969806206,0.029419489476709137,,,,
tianyan-287__message_0156,message,95,29,48,0.15653522606565343,0.02173395148591168,0.10908169829173794,0.014156573138570896,0.08348385695106186,0.00562399703808518,0.16423593794666447,0.023376307793176676,0.007700711881011041,0.04745352777391548,,,,
tianyan-287__message_0157,message,95,29,48,0.1496679243498095,0.01688413285886485,0.09091915074193407,0.007759335290296989,0.03039816247214855,0.0006984745743009745,0.1602641429901967,0.019675643000030614,0.010596218640387206,0.05874877360787542,,,,
tianyan-287__message_0158,message,95,29,48,0.1523507425819382,0.020071944362194994,0.07800547431410798,0.008169462403774865,0.05081290754079022,0.0018464839202813278,0.1650503701797248,0.02157144771010099,0.012699627597786589,0.07434526826783022,,,,
tianyan-287__message_0159,message,95,29,48,0.13775951755878915,0.016780427939196003,0.0995360994292049,0.00768343194106627,0.040716806795577015,0.001232946004783199,0.13585153249322224,0.01771327593164494,-0.001907985065566914,0.038223418129584255,,,,
tianyan-287__message_0160,message,95,29,48,0.17317725816018273,0.021465804316513598,0.08217632398258454,0.0057624715049089115,0.03825564551004135,0.0011443409846956314,0.18336436326278827,0.024579696827922444,0.010187105102605537,0.09100093417759819,,,,
tianyan-287__message_0161,message,95,29,48,0.16018064218524844,0.018639204719164332,0.10432313995910299,0.009815520936805619,0.06988219503033147,0.00360230107340971,0.15089113711724877,0.018732258277813156,-0.009289505067999665,0.05585750222614545,,,,
tianyan-287__message_0162,message,95,29,48,0.3305105491223388,0.13376665066689647,0.0430085269337246,0.00285659582171464,0.2898328802573743,0.12441812299272353,0.12967136293025316,0.026806928070881877,-0.20083918619208563,0.2875020221886142,,,,
tianyan-287__message_0163,message,95,29,48,0.1424992750405306,0.019587922862432876,0.10791868385648826,0.01121982429169419,0.0854977744083121,0.005817394463380085,0.16414769017617659,0.02594273604685428,0.021648415135646,0.03458059118404233,,,,
tianyan-287__message_0164,message,95,29,48,0.1547259699007189,0.021758340426190976,0.08847216926000374,0.010212410020614593,0.05074454269260262,0.0018940694332101925,0.16300116732206393,0.024801650015392942,0.008275197421345026,0.06625380064071516,,,,
tianyan-287__message_0165,message,95,29,48,0.1438240680457223,0.017468961827837082,0.09034569348452981,0.007493254416080056,0.038783239931806025,0.0010942441244869141,0.15891578929161493,0.020759876797175572,0.015091721245892642,0.05347837456119248,,,,
tianyan-287__message_0166,message,95,29,48,0.17637725931262227,0.023153485861397753,0.08337734393699,0.006921528091227055,0.04347278447344999,0.0014002182253417504,0.18937886862048534,0.02813196384331504,0.013001609307863066,0.09299991537563226,,,,
tianyan-287__message_0167,message,95,29,48,0.16791643128036055,0.02194138549906519,0.09432012357266584,0.008626675027886676,0.08280602312727789,0.005100917735491363,0.15074924314619426,0.02025256913868548,-0.01716718813416629,0.07359630770769471,,,,
tianyan-287__message_0168,message,95,29,48,0.28174820387232424,0.07148448067127966,0.06617316521492372,0.009495607487489923,0.16233337436596043,0.025788751367728686,0.18784276493795155,0.02991263364293554,-0.0939054389343727,0.21557503865740052,,,,
tianyan-287__message_0169,message,95,29,48,0.1465113437707265,0.017842404154995724,0.09517800919737529,0.008259243941130274,0.08519811312415321,0.006046760765507593,0.17866421255815457,0.02474054745492623,0.03215286878742807,0.05133333457335121,,,,
tianyan-287__message_0170,message,95,29,48,0.1694059546743175,0.0218791464060912,0.08397150626391808,0.008694508781679997,0.03872417135106662,0.001086803643077604,0.17059626443579828,0.022637326706743975,0.0011903097614807956,0.0854344484103994,,,,
tianyan-287__message_0171,message,95,29,48,0.1756782430898794,0.024293871427060416,0.08677603853798957,0.011396308480654227,0.08969707897599402,0.0065458043630575785,0.16291534210864078,0.02223416415653374,-0.012762900981238612,0.08890220455188982,,,,
tianyan-287__message_0172,message,95,29,48,0.14414176543306628,0.016982875015837312,0.10265968025826239,0.009440088778907466,0.04339003908542141,0.001453074781455208,0.15942582060461066,0.020557037464742006,0.01528405517154438,0.041482085174803895,,,,
tianyan-287__message_0173,message,95,29,48,0.17060933328078243,0.021082775715174567,0.08911892743249092,0.006931378179902872,0.042682209581079905,0.0013660658539768273,0.18191918278354394,0.0246205506882197,0.01130984950276151,0.08149040584829151,,,,
tianyan-287__message_0174,message,95,29,48,0.14602459572369247,0.01713480705863827,0.10250705431114863,0.010631969407506403,0.04944551971402547,0.0018046101810403452,0.1619812614264565,0.02048957425552736,0.015956665702764022,0.04351754141254384,,,,
tianyan-287__message_0175,message,95,29,48,0.23076954811217246,0.055943024356758214,0.06860433645050007,0.008732149323126636,0.1676234215560003,0.031682238137287114,0.14915848177559768,0.02027917621006005,-0.08161106633657478,0.1621652116616724,,,,
tianyan-287__message_0176,message,95,29,48,0.14352528719331017,0.018390565338490567,0.07816766502173235,0.007237189767276644,0.0865126159020941,0.006385413941800309,0.159135472306701,0.022721916951115046,0.015610185113390823,0.06535762217157783,,,,
tianyan-287__message_0177,message,95,29,48,0.13734430200230258,0.017323574255672693,0.09394960558312855,0.009030550986361723,0.038291688989606665,0.0010752907589419822,0.15623149341273956,0.02079670334402043,0.018887191410436988,0.043394696419174025,,,,
tianyan-287__message_0178,message,95,29,48,0.14714299991450797,0.01639210502517379,0.08706139069025604,0.006751464999732558,0.04387651902463907,0.0014063572992869993,0.15202994806302883,0.017261608421632123,0.004886948148520864,0.06008160922425193,,,,
tianyan-287__message_0179,message,95,29,48,0.1465938096587888,0.01911666424212343,0.0845080554571091,0.006426775898243348,0.05059044896359812,0.0019653928266175737,0.15930285911069306,0.022285396629661808,0.012709049451904264,0.062085754201679694,,,,
tianyan-287__message_0180,message,95,29,48,0.16693376872890048,0.0227325027927867,0.08891667488872848,0.009641373511731529,0.06203871431315523,0.0028266946656048605,0.16838236379300867,0.024129132879841864,0.001448595064108188,0.078017093840172,,,,
tianyan-287__message_0181,message,95,29,48,0.22916182581268377,0.04036458533066475,0.0772893662057522,0.009367067224773295,0.13123457801117683,0.014892383837534735,0.15208609360969094,0.02143123458937431,-0.07707573220299282,0.15187245960693158,,,,
tianyan-287__message_0182,message,95,29,48,0.12831483937194998,0.015466866072849255,0.08577131951092609,0.009706376013030232,0.09269842602449765,0.007030996002060976,0.14734802103385125,0.020073210422575788,0.019033181661901266,0.04254351986102389,,,,
tianyan-287__message_0183,message,95,29,48,0.13283341488697728,0.015500018806253797,0.07990361074427384,0.00862357296317916,0.03696450336806148,0.0010190670354832984,0.14505717688951858,0.018223924715892535,0.0122237620025413,0.05292980414270344,,,,
tianyan-287__message_0184,message,95,29,48,0.12858522036357076,0.015749272432081126,0.09898289306536062,0.010368024842897226,0.04852955807614584,0.001705191428075758,0.13297022203507128,0.016915251688040686,0.004385001671500521,0.029602327298210135,,,,
tianyan-287__message_0185,message,95,29,48,0.1343402474105344,0.019449323828593747,0.09320433799549602,0.007263546102953511,0.05945485290568096,0.002692489634683091,0.15492496824682686,0.024206292567000694,0.020584720836292453,0.04113590941503839,,,,
tianyan-287__message_0186,message,95,29,48,0.11707289793553494,0.012185119768651075,0.07829179238342743,0.007292581146400443,0.07254897177021272,0.004343327325611941,0.13600679302663662,0.017338965393479733,0.018933895091101688,0.03878110555210751,,,,
tianyan-287__message_0187,message,95,29,48,0.15958663582019814,0.021541910434002116,0.08339070478671043,0.0071394772778518335,0.057884357907463324,0.002506088481828861,0.1652518111872601,0.024582721096319444,0.005665175367061959,0.07619593103348771,,,,
tianyan-287__message_0188,message,95,29,48,0.1960968720167559,0.03717982977457181,0.07051628036510663,0.007944200766906571,0.1662728814822971,0.028876764769182557,0.1644792017178953,0.030592550789357232,-0.03161767029886062,0.12558059165164928,,,,
tianyan-287__message_0189,message,95,29,48,0.14342001098006046,0.01648373278301419,0.10897146576257045,0.011132273728198291,0.08851434901746325,0.0060299802430397375,0.15930774122492936,0.0217665164963513,0.015887730244868892,0.03444854521749001,,,,
tianyan-287__message_0190,message,95,29,48,0.17343204648799615,0.026995008368601685,0.10145002133000512,0.010529117740201552,0.045324928921809275,0.001540509181239442,0.180435167834233,0.02906157165377978,0.007003121346236846,0.07198202515799103,,,,
tianyan-287__message_0191,message,95,29,48,0.16794167936777982,0.023116326304409823,0.09292836327757992,0.00839028549373087,0.04618560432992762,0.001635621647138818,0.18187259773563785,0.026589430118827317,0.013930918367858036,0.0750133160901999,,,,
tianyan-287__message_0192,message,95,29,48,0.15832858477642103,0.022466357742550236,0.07630612775547897,0.0059726293456171566,0.06896587657302795,0.003599899980951592,0.1734418034613732,0.02804976602607452,0.015113218684952162,0.08202245702094206,,,,
tianyan-287__message_0193,message,95,29,48,0.18319523745600697,0.02387284636810742,0.10398412119491048,0.010723747633317477,0.08129891285654031,0.005161992837385757,0.18282781621638394,0.02498552784128836,-0.00036742123962302253,0.07921111626109649,,,,
tianyan-287__message_0194,message,95,29,48,0.26331989289685015,0.0535668491831081,0.06458444690286888,0.008656060242251257,0.1981959375788448,0.03378874079369885,0.14451045991998057,0.02650503981539425,-0.11880943297686958,0.19873544599398127,,,,
tianyan-287__message_0195,message,95,29,48,0.12982380440838304,0.014038315633885896,0.07843754040175013,0.007613448543749112,0.08888565318111427,0.006604014521632123,0.1558393088605049,0.018648687438069796,0.026015504452121863,0.051386264006632904,,,,
tianyan-287__message_0196,message,95,29,48,0.18276418544172413,0.029810707081412553,0.10953061952687768,0.014443962212682751,0.07414795567576767,0.004305538803594908,0.1741081921331466,0.029925523178020014,-0.008655993308577525,0.07323356591484645,,,,
tianyan-287__message_0197,message,95,29,48,0.16055447152036073,0.023998720317741914,0.08115888641518049,0.011144421818438888,0.05426835144173371,0.0022455330297427804,0.16214207979094447,0.025155227191268413,0.0015876082705837402,0.07939558510518024,,,,
tianyan-287__message_0198,message,95,29,48,0.14912922430279124,0.017321187292237153,0.09902043427787746,0.008275270550060915,0.050527983139331434,0.0019135683468471925,0.16804701686033507,0.022254344217476723,0.018917792557543833,0.05010879002491378,,,,
tianyan-287__message_0199,message,95,29,48,0.1529187185992893,0.019108533123851953,0.09938573233844486,0.00829372995200079,0.04957100428567725,0.0017412777773498345,0.15806320737786658,0.021732953933194892,0.005144488778577289,0.053532986260844434,,,,
tianyan-287__message_0200,message,95,29,48,0.1725275747205269,0.024279997893101236,0.09794867905451662,0.007597138566433645,0.03750267633051088,0.0010584675576290306,0.1798926593075153,0.027252553060190046,0.007365084586988396,0.07457889566601028,,,,
tianyan-287__message_0201,message,95,29,48,0.27350382361786524,0.08247861821274644,0.05432054445575324,0.007136797059166592,0.22624321270176373,0.06250216995469568,0.09310729641403859,0.013960699366217218,-0.18039652720382665,0.219183279162112,,,,
tianyan-287__message_0202,message,95,29,48,0.15142523255563728,0.021322990764488316,0.08951129948818412,0.007929882705117488,0.08774703578256132,0.006398959605342609,0.15300376684954264,0.023480870101319228,0.0015785342939053648,0.06191393306745316,,,,
tianyan-287__message_0203,message,95,29,48,0.15225053887236825,0.023601250082764223,0.08776063163638902,0.01011869839492655,0.06355803928386736,0.0029617940186909353,0.1771482042870654,0.030783942847162578,0.02489766541469715,0.06448990723597924,,,,
tianyan-287__message_0204,message,95,29,48,0.16552848078519428,0.02332107319256501,0.08609191842611322,0.00787409064348223,0.07178282881594183,0.0037925746196938183,0.17229301025556382,0.02549404415629147,0.00676452947036954,0.07943656235908106,,,,
tianyan-287__message_0205,message,95,29,48,0.16023664898212384,0.017857277844762272,0.08194350219250943,0.007381085397547355,0.061400562554365004,0.00299299978223824,0.16432433072113473,0.02067358366254948,0.00408768173901089,0.07829314678961441,,,,
tianyan-287__message_0206,message,95,29,48,0.15888246121955873,0.025718741985956813,0.09919929512211506,0.008663248462245454,0.06897249862871165,0.0037039209874269643,0.17033939153862449,0.030862555816817017,0.01145693031906575,0.059683166097443674,,,,
tianyan-287__message_0207,message,95,29,48,0.22630280219420323,0.04172142649543727,0.08175114781262333,0.00894463599871562,0.14253627673985236,0.018180388662670424,0.154800097036664,0.02002803229470146,-0.07150270515753923,0.1445516543815799,,,,
tianyan-287__message_0208,message,95,29,48,0.1421637113789933,0.016959888019199613,0.06761746737904947,0.006159538384460878,0.0919263804923769,0.00691267596436632,0.1463109080233239,0.02004913865196538,0.004147196644330581,0.07454624399994383,,,,
tianyan-287__message_0209,message,95,29,48,0.15327295137885655,0.020830482304680306,0.08887598548608217,0.007517169966963088,0.06181572127964119,0.0027846335468742767,0.1388336339904764,0.019327736017969815,-0.01443931738838014,0.06439696589277438,,,,
tianyan-287__message_0210,message,95,29,48,0.1678513572328246,0.022309908020033575,0.08237325601693664,0.006557250094746539,0.03119754256369398,0.0007284294126006265,0.1716110633207573,0.023513814830540564,0.0037597060879326905,0.08547810121588796,,,,
tianyan-287__message_0211,message,95,29,48,0.12782769572841654,0.013709120830602554,0.08568154133815857,0.007314279022793911,0.03299634327157086,0.0008288724993775944,0.13673325208831272,0.016255820206283574,0.008905556359896177,0.04214615439025797,,,,
tianyan-287__message_0212,message,95,29,48,0.1680536816032456,0.021350016367093196,0.08691346477984176,0.00751870440306478,0.05854535953483008,0.0026090087274249782,0.17575842343462827,0.023739231980591115,0.007704741831382672,0.08114021682340385,,,,
tianyan-287__message_0213,message,95,29,48,0.14888830273094125,0.017681579109666633,0.0789105588492867,0.006491997310294827,0.06389064485663717,0.0031165329487502723,0.15652011435453456,0.021020689947301156,0.007631811623593304,0.06997774388165455,,,,
tianyan-287__message_0214,message,95,29,48,0.24836162925804098,0.05021892194606782,0.06929086193573897,0.00836814009872193,0.16141837790022395,0.02204519472921283,0.1462714646541195,0.021316859436845616,-0.10209016460392148,0.179070767322302,,,,
tianyan-287__message_0215,message,95,29,48,0.12325321220640721,0.012978213568775982,0.08447243517195464,0.009741636734415807,0.09042978532849452,0.006668455638592509,0.15183608532501433,0.018946439143387082,0.02858287311860712,0.03878077703445257,,,,
tianyan-287__message_0216,message,95,29,48,0.18001943463002268,0.02170498855534708,0.09408629090652104,0.009408853184094457,0.039598524898363435,0.001113723725165724,0.18036321456362026,0.02325847794468818,0.00034377993359757664,0.08593314372350164,,,,
tianyan-287__message_0217,message,95,29,48,0.1558073100976085,0.022829953932401677,0.10543758404575446,0.010196895464639122,0.0343222609964217,0.0008587713674747732,0.14664545078691982,0.022296583193103653,-0.009161859310688691,0.05036972605185405,,,,
tianyan-287__message_0218,message,95,29,48,0.16031632299644644,0.022530803993292423,0.08796341378779575,0.0070495947528474,0.06015364318631716,0.002629357807183822,0.1681505586663738,0.025584315616725046,0.007834235669927359,0.07235290920865069,,,,
tianyan-287__message_0219,message,95,29,48,0.15836464766584207,0.018273385253756,0.10081870816313568,0.010495455107831717,0.07841689233953185,0.005022982660288116,0.17324909980814937,0.02546004361842945,0.014884452142307297,0.057545939502706395,,,,
tianyan-287__message_0220,message,95,29,48,0.24007728582696491,0.04345411794931811,0.08655041096080611,0.01220976159093942,0.10884740616774613,0.008894530831001987,0.17410519779349354,0.029315885080856793,-0.06597208803347138,0.1535268748661588,,,,
tianyan-287__message_0221,message,95,29,48,0.16145111797252665,0.021999080379385496,0.09410796366423799,0.010655295296946046,0.08940521215791418,0.0066517437333542435,0.1903054875087206,0.029129870388359784,0.02885436953619394,0.06734315430828866,,,,
tianyan-287__message_0222,message,95,29,48,0.18754117118822655,0.03089082717233519,0.09228961222257859,0.008548358770804225,0.08072007596660748,0.0051910461633246086,0.17205285773323337,0.02585666436313047,-0.015488313454993186,0.09525155896564796,,,,
tianyan-287__message_0223,message,95,29,48,0.17666091268182588,0.023095476127065463,0.08768872947881723,0.00881256512038038,0.05132738533451018,0.0017918848575810323,0.18870131679570423,0.026286610230064823,0.012040404113878356,0.08897218320300865,,,,
tianyan-287__message_0224,message,95,29,48,0.17537341666692746,0.022782828984035167,0.08571839699083653,0.006012513395816531,0.030635233599193564,0.0006834584897966736,0.19260782575693092,0.02652465880513557,0.017234409090003455,0.08965501967609094,,,,
tianyan-287__message_0225,message,95,29,48,0.14792878888899172,0.02136791495119659,0.09427735224365927,0.008189391755475997,0.0757467892203986,0.004292566164614994,0.17114652183556223,0.027772847939182985,0.023217732946570507,0.05365143664533245,,,,
tianyan-287__message_0226,message,95,29,48,0.145077958617799,0.018846253904571744,0.08133012851265159,0.006091453441287977,0.06580893022961373,0.003460594657378538,0.16191563008428245,0.023493103187744523,0.016837671466483434,0.06374783010514742,,,,
tianyan-287__message_0227,message,95,29,48,0.24830755244322344,0.05565071510540119,0.05209020434667717,0.0070795252358556654,0.15357075648525884,0.026687423150782544,0.12816311109905829,0.016580291700651277,-0.12014444134416516,0.19621734809654628,,,,
tianyan-287__message_0228,message,95,29,48,0.14848765936946876,0.020303545863655455,0.11411763084228803,0.013392241428789791,0.09128976764000737,0.006847367459136352,0.1778942385238912,0.027031901342495945,0.029406579154422435,0.03437002852718073,,,,
tianyan-287__message_0229,message,95,29,48,0.18484162524999004,0.02565655349019428,0.08383973600622435,0.008219650824011564,0.08386988171683318,0.005425072717705988,0.14669692850899296,0.01683996105872422,-0.038144696740997075,0.10100188924376569,,,,
tianyan-287__message_0230,message,95,29,48,0.1348821261762554,0.016694237556333678,0.09447601006506304,0.008297226957348285,0.06394582513658477,0.0030348765005574103,0.1379554276116588,0.01656652424923692,0.0030733014354034083,0.04040611611119235,,,,
tianyan-287__message_0231,message,95,29,48,0.1682884990111727,0.02276290673221785,0.08263025796551149,0.0054072383890315275,0.059742842323529985,0.0026459819982494253,0.17930308218568453,0.026249127836278,0.011014583174511816,0.08565824104566122,,,,
tianyan-287__message_0232,message,95,29,48,0.12987778468931221,0.01568121986813011,0.09987263053338741,0.01009869752042191,0.06131690540323778,0.002829995611466663,0.1491279170556831,0.01934089578839383,0.01925013236637088,0.030005154155924807,,,,
tianyan-287__message_0233,message,95,29,48,0.1874489246416699,0.02808765861842371,0.08743982073851966,0.008653217917921632,0.10505352483375863,0.008644895448985286,0.1329826735269727,0.017004298314137585,-0.05446625111469719,0.10000910390315024,,,,
tianyan-287__message_0234,message,95,29,48,0.15151243129708913,0.02024049681031947,0.09592010588354875,0.013114714754804462,0.08668563272366711,0.005706343285477506,0.18158411016169973,0.02960962582362629,0.030071678864610596,0.05559232541354038,,,,
tianyan-287__message_0235,message,95,29,48,0.19730284321896502,0.05022216230596774,0.07567430680072074,0.011248314008138933,0.1381217530090706,0.03250138580512131,0.11725598789086601,0.012375393608179982,-0.080046855328099,0.12162853641824428,,,,
tianyan-287__message_0236,message,95,29,48,0.14269522847853566,0.016624436326987714,0.09043842246381702,0.00784714756736797,0.040084741939619264,0.0011992471910669323,0.1460171008749026,0.01789587425604006,0.0033218723963669428,0.052256806014718646,,,,
tianyan-287__message_0237,message,95,29,48,0.14955157738490107,0.01863880822454901,0.08968534588124992,0.008608902490398033,0.07056847773665711,0.003687463417698651,0.14491892777826812,0.017313109443976397,-0.004632649606632955,0.059866231503651154,,,,
tianyan-287__message_0238,message,95,29,48,0.13734727179113926,0.017736965508162124,0.08951926005518965,0.009724833469590792,0.08430212268742165,0.005422223584163785,0.14656506552557147,0.01943477313998511,0.009217793734432211,0.04782801173594961,,,,
tianyan-287__message_0239,message,95,29,48,0.15088076358524466,0.02236593539560786,0.0947098620179242,0.010076474003634851,0.06788588027317163,0.003961690185209951,0.1667956023925904,0.02768431105414056,0.015914838807345733,0.056170901567320464,,,,
tianyan-287__message_0240,message,95,29,48,0.15169699090882763,0.024732349403541812,0.08771703461366756,0.006632941277085289,0.05817987341257988,0.0026089914253030794,0.14365868939268145,0.020894636281582328,-0.008038301516146179,0.06397995629516007,,,,
tianyan-287__message_0241,message,95,29,48,0.16934482231813425,0.0245500689915907,0.07256308733362375,0.006064456270355871,0.08894221710981906,0.006644727888284673,0.1846888998698777,0.031679415878856865,0.01534407755174344,0.0967817349845105,,,,
tianyan-287__message_0242,message,95,29,48,0.1553276151324448,0.02015897237889998,0.09435956329796538,0.008576807480783582,0.05434201158934038,0.0021305311963840715,0.13690249166429522,0.016100931343969074,-0.01842512346814959,0.060968051834479425,,,,
tianyan-287__message_0243,message,95,29,48,0.159689337158892,0.020431972325794866,0.09087297932231665,0.007178235883256195,0.05480512265246997,0.0022021224242211937,0.16647755096828715,0.02264695672320538,0.006788213809395149,0.06881635783657535,,,,
tianyan-287__message_0244,message,95,29,48,0.14868846878897074,0.01848762666270727,0.09520385642858666,0.007501638614640309,0.061430170286347056,0.0031436743313842256,0.16319169322206992,0.023426929772386997,0.014503224433099177,0.053484612360384085,,,,
tianyan-287__message_0245,message,95,29,48,0.16455217730775246,0.025911632878885284,0.08979876337270162,0.009720838854307941,0.10991138457256716,0.00957791569451609,0.14613869354966136,0.022573095477911927,-0.018413483758091098,0.07475341393505083,,,,
tianyan-287__message_0246,message,95,29,48,0.1722940612104653,0.02888867789829486,0.09576192210398243,0.00813376597234454,0.040709992550984765,0.0012637139243045874,0.15491845397213863,0.025752463449730548,-0.01737560723832668,0.07653213910648288,,,,
tianyan-287__message_0247,message,95,29,48,0.16169342776697565,0.02292911068779247,0.0918642258318923,0.007640602690225293,0.08218213067337896,0.005768593700577241,0.1812904366167165,0.02560017370683121,0.01959700884974086,0.06982920193508335,,,,
tianyan-287__message_0248,message,95,29,48,0.14526993105875838,0.022713758431161107,0.07776652678293927,0.009609591486563422,0.09827571345539671,0.015169441537856132,0.11430507060725242,0.013432410359199919,-0.030964860451505954,0.0675034042758191,,,,
tianyan-287__message_0249,message,95,29,48,0.13035269760722007,0.017071020844002336,0.09741401151708659,0.00908338519545062,0.05081997473860657,0.0019543672894166897,0.14557174878957474,0.02026132732218799,0.01521905118235467,0.03293868609013348,,,,
tianyan-287__message_0250,message,95,29,48,0.169710969258229,0.02314800397454944,0.0903274695443861,0.010395861692077533,0.05082092884648892,0.0019180331908665153,0.17450459685389919,0.026572820361222035,0.004793627595670175,0.07938349971384291,,,,
tianyan-287__message_0251,message,95,29,48,0.16052623494327917,0.024136737296153378,0.07956886811860789,0.007558722509719635,0.1193300511173099,0.011217432706412258,0.11989230199228736,0.013200577196498909,-0.04063393295099181,0.08095736682467128,,,,
tianyan-287__message_0252,message,95,29,48,0.1311999173211075,0.01635087662704735,0.10326507466052323,0.00922128578001956,0.06811129163570218,0.0034966141857083553,0.12306873424466458,0.018765691220766878,-0.008131183076442922,0.02793484266058427,,,,
tianyan-287__message_0253,message,95,29,48,0.1474196035554049,0.01950336422168066,0.07699490890076452,0.008507850089820052,0.055732471025066024,0.002280828311971156,0.11855857819686459,0.014829144302586306,-0.028861025358540307,0.07042469465464038,,,,
tianyan-287__message_0254,message,95,29,48,0.14342839152186682,0.020763399568200634,0.08336068563498387,0.010804511397910603,0.08335037076176785,0.00575178862892823,0.1675199624727477,0.027203074779902393,0.02409157095088088,0.06006770588688294,,,,
tianyan-287__message_0255,message,95,29,48,0.1638826578017159,0.024895272996211464,0.07848359840518668,0.00815233768185565,0.02887055562848386,0.0006178282003668405,0.16838022985911702,0.025571750425408907,0.004497572057401117,0.08539905939652923,,,,
tianyan-287__message_0256,message,95,29,48,0.1763531618129035,0.024920637988703295,0.0886228552119755,0.006532727364384929,0.05765007231557624,0.0024777699111955794,0.187684719397496,0.028893475336308844,0.011331557584592505,0.08773030660092801,,,,
tianyan-287__message_0257,message,95,29,48,0.13402289495616776,0.016643112325297943,0.0915837767716154,0.008760961094238767,0.04940323550036281,0.0018685268942649491,0.13072908807736494,0.016685717735843097,-0.0032938068788028185,0.04243911818455236,,,,
tianyan-287__message_0258,message,95,29,48,0.13822828678156515,0.018853293023078532,0.0898966970790965,0.009131726927590341,0.08253896073316876,0.005339127494279442,0.13233644502021494,0.019898139786350275,-0.005891841761350214,0.04833158970246865,,,,
tianyan-287__message_0259,message,95,29,48,0.18015833602808595,0.0246547542171396,0.07972525439908372,0.006889076080599136,0.03313542848762707,0.0006964093339515336,0.17886331960724366,0.02427077100230233,-0.0012950164208422876,0.10043308162900223,,,,
tianyan-287__message_0260,message,95,29,48,0.14982972475317796,0.01651974685910086,0.07897713457041834,0.007191865927614291,0.0832682322372415,0.005477741730403822,0.17212377270496104,0.02237332439939103,0.02229404795178308,0.07085259018275962,,,,
tianyan-287__message_0261,message,95,29,48,0.16119212494557947,0.027460337488860773,0.1031766414663602,0.009023529815276482,0.04147752934359051,0.001263550615865596,0.16632472954743752,0.030198151383708204,0.0051326046018580485,0.05801548347921927,,,,
tianyan-287__message_0262,message,95,29,48,0.1200921656500709,0.012262551227264416,0.08407671152448959,0.007631618048759984,0.07070961540016582,0.003777727162689142,0.14178519461275138,0.016167806856456503,0.02169302896268048,0.03601545412558131,,,,
tianyan-287__message_0263,message,95,29,48,0.1641146323293392,0.023887412444648565,0.08083680714168465,0.0063678567779314205,0.05568513165550475,0.0024139825888224767,0.18947969925033076,0.031172947903411432,0.025365066920991552,0.08327782518765456,,,,
tianyan-287__message_0264,message,95,29,48,0.16232179912782083,0.024699360200977523,0.0806446746162535,0.01100348460721994,0.1316293776115347,0.01383302919418076,0.1370923681341874,0.01645418748098327,-0.025229430993633423,0.08167712451156732,,,,
tianyan-287__message_0265,message,95,29,48,0.1945030799845868,0.03368940433667349,0.07332721355659454,0.008686865858635885,0.14002758090885026,0.0150025921627722,0.14002584682237923,0.022441938497923038,-0.05447723316220757,0.12117586642799226,,,,
tianyan-287__message_0266,message,95,29,48,0.1543772159773201,0.019954691496748254,0.10131409636713692,0.0102245881233011,0.0821560631073856,0.004722218217584465,0.13536103223275187,0.01488790748364733,-0.019016183744568232,0.053063119610183174,,,,
tianyan-287__message_0267,message,95,29,48,0.14513430235411942,0.02121633874312442,0.07939151075751057,0.009833949239788723,0.08606125903502183,0.006217052023800563,0.175988872195899,0.027335490208262283,0.03085456984177959,0.06574279159660885,,,,
tianyan-287__message_0268,message,95,29,48,0.16126339645551913,0.02221800451644236,0.08225827521133015,0.009079649952516282,0.025800723447379482,0.0005112576609032256,0.16401747143890416,0.023161128324018187,0.0027540749833850353,0.07900512124418897,,,,
tianyan-287__message_0269,message,95,29,48,0.15385786689110792,0.019525243075237793,0.10835136860979766,0.009564676837051204,0.05709669609656537,0.0024701605792105653,0.1666160319784452,0.022723471041422763,0.012758165087337292,0.04550649828131026,,,,
tianyan-287__message_0270,message,95,29,48,0.14087877652228514,0.021616608183600484,0.0786712777858547,0.008004674720119093,0.09945439092078023,0.007438841319636555,0.13861392116300167,0.018943090853403177,-0.002264855359283474,0.062207498736430444,,,,
tianyan-287__message_0271,message,95,29,48,0.14482234760626037,0.026052773581855038,0.08049217203367663,0.01248133442718428,0.0824904654941229,0.009242588238947866,0.12775889759401224,0.018659224988793962,-0.017063450012248127,0.06433017557258373,,,,
tianyan-287__message_0272,message,95,29,48,0.2139388713206538,0.041377772210296815,0.07984087146453323,0.010433428115975392,0.14543112695645255,0.015761979948288804,0.1329704417765042,0.015927386804229237,-0.08096842954414962,0.1340979998561206,,,,
tianyan-287__message_0273,message,95,29,48,0.15935350777736335,0.017985003645872064,0.08483585379034346,0.007359275946210639,0.08430200070223201,0.005480599403050559,0.1627074429511653,0.022012287186693916,0.0033539351738019474,0.07451765398701989,,,,
tianyan-287__message_0274,message,95,29,48,0.15173021370984155,0.016003505178606454,0.08626786780377707,0.006454065924689781,0.03125430476222031,0.0007244751505859103,0.1628440292846912,0.018156198207155708,0.01111381557484964,0.06546234590606448,,,,
tianyan-287__message_0275,message,95,29,48,0.1528864004705641,0.020545227000490877,0.08767390943037487,0.007070602246822355,0.05433506631006449,0.002160599666606605,0.1663342213012437,0.025081852364139165,0.013447820830679608,0.06521249104018922,,,,
tianyan-287__message_0276,message,95,29,48,0.15974402598568893,0.02308448948008969,0.09359457292313632,0.007467341775151734,0.05666220907283416,0.002387943248833623,0.17587420296650863,0.02804831864624694,0.0161301769808197,0.06614945306255261,,,,
tianyan-287__message_0277,message,95,29,48,0.18917444310026038,0.03366405178103857,0.06276888172953188,0.008576264971092842,0.15894420401156378,0.022799836344886124,0.13876411527944388,0.018640177473076638,-0.0504103278208165,0.1264055613707285,,,,
tianyan-287__message_0278,message,95,29,48,0.16407604628942302,0.022658815867238932,0.09718716984803065,0.008116075346220372,0.028806151622639425,0.0006177088573960641,0.16722522957407027,0.024103796535863833,0.00314918328464725,0.06688887644139237,,,,
tianyan-287__message_0279,message,95,29,48,0.2206419932617665,0.038946411034076346,0.08049050372815625,0.011009034368086519,0.16581221134536037,0.022203742779724613,0.1333134253944085,0.018139613275379822,-0.08732856786735801,0.14015148953361026,,,,
tianyan-287__message_0280,message,95,29,48,0.14309573745379456,0.0179740501043681,0.0880213495825784,0.0081259759748553,0.08060533198840063,0.005389058962952418,0.16384913475414517,0.023177628442713538,0.020753397300350612,0.05507438787121616,,,,
tianyan-287__message_0281,message,95,29,48,0.14650166491659117,0.024493401315597664,0.10997883500345877,0.011305561404646017,0.04793505108170282,0.0017001491446006606,0.1424590353614125,0.024413208027993898,-0.004042629555178673,0.036522829913132396,,,,
tianyan-287__message_0282,message,95,29,48,0.1546599951169141,0.02915798192817654,0.11119834311896629,0.010756864371166665,0.07154669405914518,0.0037990209534277185,0.17446188282147906,0.036541858163445774,0.019801887704564952,0.043461651997947826,,,,
tianyan-287__message_0283,message,95,29,48,0.16963945810667988,0.025708892688152067,0.08894301393977802,0.007142593617990781,0.07179822052604594,0.0034726088792876387,0.14775710513325854,0.02198149803742896,-0.021882352973421337,0.08069644416690186,,,,
tianyan-287__message_0284,message,95,29,48,0.13655790904460494,0.018427665775057438,0.09017460762125773,0.006230896239615373,0.04519271474396488,0.0014569295921121864,0.14990714414512574,0.019530956973281235,0.013349235100520801,0.046383301423347206,,,,
tianyan-287__message_0285,message,95,29,48,0.17331078145511164,0.028998430884047317,0.08807711975166688,0.009544055573385035,0.08949440793668234,0.0060539135326546315,0.1678321685102045,0.026762900075083047,-0.005478612944907146,0.08523366170344476,,,,
tianyan-287__message_0286,message,95,29,48,0.1344935790734728,0.015870894081042926,0.08424486536875392,0.009571800078964078,0.0796722753694291,0.0054149170368880525,0.165856328714431,0.022400383283386983,0.0313627496409582,0.050248713704718895,,,,
tianyan-287__message_0287,message,95,29,48,0.16528804963294236,0.022252477690358173,0.09812067735565502,0.008851189601240584,0.04598832019935366,0.0015899713800787338,0.16871427368469671,0.024652360841468116,0.0034262240517543563,0.06716737227728733,,,,
tianyan-287__message_0288,message,95,29,48,0.12532795858386947,0.015441681297367948,0.0917646122985487,0.007223195328983603,0.06596333873151232,0.003379801913604141,0.1427570930808632,0.019455292751986077,0.017429134496993737,0.033563346285320775,,,,
tianyan-287__message_0289,message,95,29,48,0.14735792106869625,0.017556130291493558,0.09775386716802226,0.008598841926682903,0.0660777930987605,0.0034196491196888798,0.15858844737249167,0.02252555006178983,0.011230526303795424,0.04960405390067399,,,,
tianyan-287__message_0290,message,95,29,48,0.15894533238651043,0.024431524816361856,0.09423369615521379,0.009135109660958533,0.10817534951271882,0.008786266508614214,0.10835969295550878,0.013802254020593362,-0.05058563943100165,0.06471163623129664,,,,
tianyan-287__message_0291,message,95,29,48,0.1906269251994822,0.026767284313289397,0.08704406194122698,0.00735866762194999,0.0945710355422331,0.006981683997250519,0.1639766310213032,0.0197738933845352,-0.026650294178179018,0.10358286325825523,,,,
tianyan-287__message_0292,message,95,29,48,0.1605663788745024,0.023409044767976846,0.10831581870909532,0.01037764460388434,0.05939083775392298,0.0026013684356730148,0.16189310005800006,0.023872597683909286,0.0013267211834976644,0.05225056016540708,,,,
tianyan-287__message_0293,message,95,29,48,0.11963722108524644,0.014162754109601092,0.06122417539304447,0.006546706518250874,0.0898565460658893,0.006816822349593314,0.15787441840462016,0.021670018112114095,0.03823719731937372,0.058413045692201966,,,,
tianyan-287__message_0294,message,95,29,48,0.15646485704877966,0.01844919966489098,0.09179769949184834,0.010014789169014526,0.04489891469355972,0.0015135379567050426,0.1782492275514712,0.024014385382137567,0.021784370502691552,0.06466715755693132,,,,
tianyan-287__message_0295,message,95,29,48,0.15930740747271752,0.022207534198963735,0.09827298376514501,0.009131798298770873,0.0631539766203427,0.0029636425450408786,0.165143643167421,0.02299383022202018,0.005836235694703484,0.061034423707572505,,,,
tianyan-287__message_0296,message,95,29,48,0.191960687204777,0.031018539338768022,0.10670217530397799,0.011317609081601416,0.10200819945800418,0.008593790628386132,0.13458442439871013,0.017674197838260908,-0.05737626280606686,0.085258511900799,,,,
tianyan-287__message_0297,message,95,29,48,0.1613279936223,0.021614591641980655,0.09666670714665528,0.0077306270881062865,0.02540401655037555,0.000362866620817229,0.15556189552120822,0.02064048705483437,-0.005766098101091771,0.06466128647564472,,,,
tianyan-287__message_0298,message,95,29,48,0.24994569481511222,0.046413179590114345,0.07139200348469435,0.006859193633414952,0.18020381542720018,0.02692776343545295,0.13035880833434216,0.017451174134998297,-0.11958688648077007,0.17855369133041787,,,,
tianyan-287__message_0299,message,95,29,48,0.13040725232166359,0.015235233266109562,0.08826556656141268,0.008229618366632852,0.0933151544476895,0.007253984937937918,0.14198977102952975,0.018834932562025133,0.011582518707866168,0.0421416857602509,,,,
tianyan-287__message_0300,message,95,29,48,0.1477858613980826,0.020383490899077664,0.08838366060555006,0.009764534618257069,0.060374743023067945,0.002772612644941952,0.16503688582248438,0.02620043434259397,0.017251024424401767,0.059402200792532556,,,,
tianyan-287__message_0301,message,95,29,48,0.13639319908112604,0.016516985696125835,0.09920165497990607,0.008753129306336692,0.06703722643557883,0.003510784927121471,0.16054606735762092,0.02064657682243566,0.024152868276494877,0.03719154410121997,,,,
tianyan-287__message_0302,message,95,29,48,0.18693646075620357,0.02740662159716175,0.08470505458854688,0.008766836568293218,0.08737728751657019,0.005884306304067052,0.15598269814820243,0.020717260109576287,-0.030953762608001145,0.10223140616765669,,,,
tianyan-287__message_0303,message,95,29,48,0.19992747367110275,0.03370505674843695,0.06368272653318124,0.00963420416890685,0.13433487460736276,0.014221299000217704,0.13658253727958328,0.016883968201521674,-0.06334493639151947,0.1362447471379215,,,,
tianyan-287__message_0304,message,95,29,48,0.18420653473514334,0.026132896806683896,0.06186337755648348,0.00686510290391432,0.07198349903305869,0.0037567072518176533,0.19450455470531058,0.02945305914391777,0.010298019970167244,0.12234315717865986,,,,
tianyan-287__message_0305,message,95,29,48,0.1621286297337316,0.022035010254799037,0.07406781795790626,0.005879467131575044,0.0712651219766611,0.003956074825845336,0.1394234951896416,0.016672186962509536,-0.02270513454409001,0.08806081177582534,,,,
tianyan-287__message_0306,message,95,29,48,0.13694011143167245,0.017325676710582466,0.09646454346000813,0.011543353729982855,0.09386795423605467,0.007145792909880667,0.1620720388587043,0.02459156606675382,0.025131927427031853,0.04047556797166432,,,,
tianyan-287__message_0307,message,95,29,48,0.16014430660558052,0.023107718302298373,0.09257480353781287,0.011201510504453512,0.06201248545653774,0.0029307230575981755,0.18116058563116755,0.029119579373868283,0.02101627902558703,0.06756950306776764,,,,
tianyan-287__message_0308,message,95,29,48,0.13924391972385355,0.019584189407434897,0.08781217788744307,0.007753941868238108,0.08355291974216929,0.005331135606167077,0.1523512771735952,0.021333273210602313,0.013107357449741647,0.051431741836410486,,,,
tianyan-287__message_0309,message,95,29,48,0.16383709572363142,0.02428294631014154,0.08145308301945142,0.006191705993020009,0.07073934863739909,0.00411812367614007,0.17724403308570721,0.028301720423598842,0.013406937362075794,0.08238401270418,,,,
tianyan-287__message_0310,message,95,29,48,0.17242680753224426,0.025372034399522906,0.09165331477643728,0.007152893464564916,0.05102808457508341,0.0017879814279606085,0.18469499861738636,0.026242125000372055,0.0122681910851421,0.08077349275580699,,,,
tianyan-287__message_0311,message,95,29,48,0.15320037194749136,0.01964156591824625,0.0973769909753229,0.008367672659431481,0.05881389555899562,0.0026751015966404454,0.13018071496257325,0.016415360748962847,-0.02301965698491812,0.05582338097216846,,,,
tianyan-287__message_0312,message,95,29,48,0.1484041389113102,0.022193074266848606,0.08733408042100727,0.006963550323086576,0.088534386693972,0.00599700877296464,0.16896509458995784,0.02914803049236913,0.02056095567864763,0.06107005849030295,,,,
tianyan-287__message_0313,message,95,29,48,0.18028928395143554,0.024401008661216143,0.0913994582240843,0.008943474411206458,0.06509612827493827,0.003073151290666434,0.201961394174076,0.03311127081689499,0.021672110222640456,0.08888982572735124,,,,
tianyan-287__message_0314,message,95,29,48,0.16085569492035834,0.023558190992528996,0.09031508408181119,0.008621446918077641,0.05717287541579154,0.0024661000510014797,0.16846894647544444,0.025818041918414934,0.0076132515550861035,0.07054061083854715,,,,
tianyan-287__message_0315,message,95,29,48,0.1514518280133254,0.01857728989841288,0.09068844994177341,0.010178966044359396,0.06372451953239258,0.003002763010702299,0.161833500419251,0.02034008675401474,0.01038167240592558,0.06076337807155199,,,,
tianyan-287__message_0316,message,95,29,48,0.15634340400314872,0.018364019491441883,0.10669162914622005,0.010144917179519899,0.05925894411580307,0.0026071839629430186,0.15806315314965486,0.020300431716079585,0.0017197491465061332,0.04965177485692868,,,,
tianyan-287__message_0317,message,95,29,48,0.1550962793718449,0.019755169020956954,0.10392357532054117,0.011117127264341472,0.05859401114844637,0.0026303525670677372,0.17058333440552914,0.022594175383924935,0.01548705503368425,0.051172704051303725,,,,
tianyan-287__message_0318,message,95,29,48,0.16410987133059546,0.022233068384238976,0.08606404895538838,0.007898120606030805,0.0794697996344983,0.00475576227453499,0.14903355873498814,0.019764107815169688,-0.015076312595607322,0.07804582237520707,,,,
tianyan-287__message_0319,message,95,29,48,0.14441725825964402,0.0205315962431077,0.07867572936821,0.009412567050855372,0.08506447998769923,0.005829192429379078,0.1606366410477975,0.027219662330364998,0.01621938278815349,0.06574152889143402,,,,
tianyan-287__message_0320,message,95,29,48,0.16020097428391283,0.02226889820725373,0.07630952987113923,0.007846015702729036,0.07795977958904682,0.004678622955147669,0.1738161983086517,0.02814919617507896,0.013615224024738859,0.0838914444127736,,,,
tianyan-287__message_0321,message,95,29,48,0.1554657056270234,0.018976159656874034,0.08943727570109124,0.009003317900290419,0.06375246232308594,0.0030468849766697305,0.15414574769568695,0.01959303299062613,-0.0013199579313364351,0.06602842992593215,,,,
tianyan-287__message_0322,message,95,29,48,0.15071420672752583,0.020551940556397537,0.09119135543264024,0.008746892852582844,0.03553852036152158,0.0009296998845661252,0.1530970611826875,0.020997287080537393,0.002382854455161676,0.05952285129488559,,,,
tianyan-287__message_0323,message,95,29,48,0.1426381478003642,0.016632772686977958,0.09086310253553495,0.010625408621265132,0.0850181982358445,0.005560713772399235,0.13825746180503246,0.015350668977408208,-0.004380685995331757,0.05177504526482926,,,,
tianyan-287__message_0324,message,95,29,48,0.18917020389311584,0.028360621880071303,0.09222749560504831,0.007545749502681323,0.04578629521750408,0.001443712591471832,0.17576611618099458,0.025794482774385598,-0.01340408771212126,0.09694270828806753,,,,
tianyan-287__message_0325,message,95,29,48,0.14635410645350153,0.01827081627106524,0.07929079848449924,0.007920804896885323,0.08620038704442377,0.00609601014624871,0.15757668886228915,0.02241891536665163,0.011222582408787624,0.06706330796900228,,,,
tianyan-287__message_0326,message,95,29,48,0.1616557064760522,0.021149364660302733,0.0921386809172769,0.00892565074765371,0.0528470422873681,0.002060716337286237,0.16155932436669174,0.020177867057968785,-9.638210936047109e-05,0.06951702555877531,,,,
tianyan-287__message_0327,message,95,29,48,0.1531537658964261,0.019627070748392844,0.09962812924832407,0.010991954543998598,0.06883684548572952,0.003606302359627772,0.17082665193628038,0.025165495404937975,0.017672886039854285,0.05352563664810203,,,,
tianyan-287__message_0328,message,95,29,48,0.205436527004214,0.029391916140676537,0.08547470019981318,0.009522729343079569,0.1043161280686617,0.008493419786627493,0.14431514413522456,0.018311499013019233,-0.06112138286898944,0.11996182680440082,,,,
tianyan-287__message_0329,message,95,29,48,0.19183395240202705,0.026243399594306424,0.08951692323277174,0.009535936393166761,0.08322600843781873,0.005392021364277699,0.16867780642748906,0.02212798015096548,-0.023156145974537995,0.10231702916925531,,,,
tianyan-287__message_0330,message,95,29,48,0.15850368777325594,0.022096799818774066,0.08669708799985171,0.007423999640625318,0.04135146738280292,0.001007493436330553,0.14232615485025504,0.01948974493492731,-0.016177532923000892,0.07180659977340423,,,,
tianyan-287__message_0331,message,95,29,48,0.16295472865667698,0.024284620383875133,0.09242744727437846,0.007909318160853426,0.08484505325749558,0.00602982369641622,0.16347885382629088,0.027154075209736256,0.0005241251696138927,0.07052728138229852,,,,
tianyan-287__message_0332,message,95,29,48,0.14174865581476867,0.01570238644389932,0.09068400848659855,0.00921070982016431,0.09205329842914717,0.007044917975292738,0.16456741291123328,0.021656845909580114,0.02281875709646461,0.05106464732817012,,,,
tianyan-287__message_0333,message,95,29,48,0.17780693611399753,0.025224536314020655,0.09180074545666106,0.00703570141185065,0.029709417294510286,0.0006388781824373574,0.178677509253387,0.024512459679607194,0.0008705731393894578,0.08600619065733647,,,,
tianyan-287__message_0334,message,95,29,48,0.1894941624823257,0.024795715955558278,0.07323904845727866,0.00811906626133615,0.09278396153963059,0.006041164883130054,0.17624857136407146,0.0244683616690492,-0.01324559111825424,0.11625511402504704,,,,
tianyan-287__message_0335,message,95,29,48,0.22339741052225567,0.03659930551490108,0.07406252496430885,0.008442757231921378,0.14401029939800233,0.016329590835865784,0.1669922683360739,0.031685424944341706,-0.056405142186181784,0.14933488555794683,,,,
tianyan-287__message_0336,message,95,29,48,0.16488769137855455,0.020334015067994378,0.10338284514022109,0.008853506297811847,0.07282092199938925,0.004088689356326445,0.13476539897983753,0.015172154572695148,-0.030122292398717027,0.061504846238333466,,,,
tianyan-287__message_0337,message,95,29,48,0.2229370548434068,0.06193338515811184,0.05735427701988217,0.006596032095133467,0.20701532913984283,0.059427338215125816,0.10330377621892135,0.01926146561505726,-0.11963327862448546,0.16558277782352465,,,,
tianyan-287__message_0338,message,95,29,48,0.16249020310439044,0.020414320257027732,0.10475605507506898,0.00882881822722376,0.0764601910778735,0.004187790498632461,0.17299220178456484,0.02339542717735192,0.010501998680174401,0.05773414802932146,,,,
tianyan-287__message_0339,message,95,29,48,0.13837401540121308,0.018525884904754607,0.11090608961338339,0.010340712430777015,0.04597633702693292,0.0015334502630744043,0.15310718541674717,0.022087495834573496,0.014733170015534092,0.027467925787829695,,,,
tianyan-287__message_0340,message,95,29,48,0.1518938312565252,0.01938391659327616,0.10023956991433779,0.010069978617762675,0.04073043296581726,0.0012600937325464758,0.15867603304749067,0.02260509265984125,0.006782201790965475,0.05165426134218741,,,,
tianyan-287__message_0341,message,95,29,48,0.1682012869854293,0.02363456534971363,0.0641723579047771,0.00454508568253926,0.08466201421928554,0.005327725272980383,0.14779473412992986,0.02198751562952603,-0.020406552855499444,0.1040289290806522,,,,
tianyan-287__message_0342,message,95,29,48,0.16192848889156242,0.021735583483232956,0.09225618630388721,0.0074347231488648725,0.06777519828880027,0.0034840389856006333,0.15398682268792152,0.01946006074575054,-0.007941666203640896,0.0696723025876752,,,,
tianyan-287__message_0343,message,95,29,48,0.14653458667396338,0.017375267460632792,0.09797440761176698,0.008164105562505252,0.04769229321047977,0.0015106263394953734,0.14409497369678695,0.01752353547954734,-0.0024396129771764308,0.048560179062196396,,,,
tianyan-287__message_0344,message,95,29,48,0.2059557325500676,0.03222414667630402,0.06233971269459239,0.007366591330268704,0.16192805277814923,0.021426485585974292,0.13005021603618466,0.018169728732738644,-0.07590551651388294,0.14361601985547523,,,,
tianyan-287__message_0345,message,95,29,48,0.15007123549603602,0.02043687904773773,0.10699312739923389,0.011325968964753973,0.07470935063110859,0.004737011837838059,0.15847705438094592,0.026977977694062058,0.008405818884909905,0.043078108096802126,,,,
tianyan-287__message_0346,message,95,29,48,0.1796145159967688,0.02668845750874372,0.09658695466085722,0.009633877389549933,0.03607549653598361,0.0009929148778460432,0.1920090726970187,0.030604023277941268,0.012394556700249887,0.08302756133591159,,,,
tianyan-287__message_0347,message,95,29,48,0.13175077714890016,0.01717884561626819,0.07994363153764295,0.006158357288907778,0.06420981840015405,0.0030018497960768416,0.13237143005180443,0.018525303098127808,0.0006206529029042784,0.05180714561125721,,,,
tianyan-287__message_0348,message,95,29,48,0.1686788518991713,0.02439930466318245,0.07948915841648993,0.005814798318408788,0.0264922008198085,0.0005373989625243631,0.1704538965675868,0.02498571314555882,0.001775044668415493,0.08918969348268138,,,,
tianyan-287__message_0349,message,95,29,48,0.14539708681961883,0.017065329962030393,0.09658877006757406,0.008437972833133566,0.045188283527609736,0.0013396928253717514,0.1569335722219991,0.020304538245511244,0.011536485402380281,0.048808316752044764,,,,
tianyan-287__message_0350,message,95,29,48,0.22795925543828188,0.04155604605800377,0.08721989255890172,0.009831821485472663,0.12820481104596604,0.013158226507475165,0.16274550495429346,0.022957822329716552,-0.06521375048398842,0.14073936287938016,,,,
tianyan-287__message_0351,message,95,29,48,0.1514691502042417,0.022297766453331168,0.11114191627410568,0.014650035379203098,0.0768631456773999,0.005140957945076785,0.18250720299965925,0.02964900298614557,0.031038052795417548,0.04032723393013603,,,,
tianyan-287__message_0352,message,95,29,48,0.16345831562744306,0.02007659743893715,0.10696938509340133,0.009133864831153981,0.03740464204488002,0.0011205624214612091,0.1545430341378463,0.0200969081996834,-0.00891528148959675,0.056488930534041734,,,,
tianyan-287__message_0353,message,95,29,48,0.17808709123185693,0.02492941172667961,0.10397608535280128,0.007839092519515995,0.06308304924030889,0.002920194990976281,0.16040052859950013,0.02225377991260219,-0.017686562632356795,0.07411100587905564,,,,
tianyan-287__message_0354,message,95,29,48,0.1407932920065489,0.017813561027750214,0.08892607919421232,0.007532178326578063,0.043744292114471714,0.0014085499233799348,0.13086288267258586,0.01589737600717792,-0.009930409333963025,0.05186721281233657,,,,
tianyan-287__message_0355,message,95,29,48,0.15518642753974551,0.022456759341957264,0.09549793735256831,0.007842971910450221,0.04312589844654456,0.0013410289402028671,0.1441896436799086,0.019448848193299013,-0.010996783859836906,0.0596884901871772,,,,
tianyan-287__message_0356,message,95,29,48,0.15795222169618162,0.01968531384366094,0.11431769645068016,0.012098590968927788,0.054102464392042596,0.002033907382210571,0.1629304246865086,0.022030303040621216,0.004978202990326974,0.04363452524550146,,,,
tianyan-287__message_0357,message,95,29,48,0.1816614778026462,0.03212409582180037,0.06208159107045301,0.010246914214774305,0.1715325775482956,0.026181901068494738,0.11550437290865558,0.022939665082555964,-0.06615710489399061,0.11957988673219318,,,,
tianyan-287__message_0358,message,95,29,48,0.15296862577538897,0.017271523281567867,0.07650843190930764,0.0061772100907618276,0.08877630868135919,0.006512139079305462,0.16516504958133724,0.022311332200292383,0.012196423805948264,0.07646019386608133,,,,
tianyan-287__message_0359,message,95,29,48,0.15136466739875754,0.021360238074453294,0.07901701932408874,0.005559897495796511,0.05362231652176065,0.002160387068592955,0.1679775333098697,0.026678106182700563,0.016612865911112162,0.0723476480746688,,,,
tianyan-287__message_0360,message,95,29,48,0.15586325130702866,0.018330070105483934,0.09329952853894707,0.007691169996773227,0.050146540452379706,0.0017574178329864986,0.1701827892150754,0.02178534712705913,0.014319537908046742,0.06256372276808159,,,,
tianyan-287__message_0361,message,95,29,48,0.13097556503160573,0.01607793895195793,0.08655676415347482,0.009253627406015867,0.09067140048309778,0.006066342312702973,0.1425463805365802,0.01844683791313114,0.011570815504974463,0.04441880087813091,,,,
tianyan-287__message_0362,message,95,29,48,0.13005722670774786,0.017399758314555237,0.09416393073440638,0.009528989905376505,0.09022087684202247,0.006463115111973538,0.13919979045827927,0.01699905056996329,0.009142563750531407,0.03589329597334148,,,,
tianyan-287__message_0363,message,95,29,48,0.19837308659037714,0.03440991336995102,0.08628819884963743,0.01112048048920247,0.11674356282394087,0.010644604787892822,0.16113203737751064,0.023757719785430717,-0.0372410492128665,0.11208488774073971,,,,
tianyan-287__message_0364,message,95,29,48,0.15836114144115568,0.01972132471974461,0.08665526409073822,0.008024609477943513,0.08491757226811966,0.005458098593600209,0.15445309924570833,0.019947860016665046,-0.003908042195447353,0.07170587735041746,,,,
tianyan-287__message_0365,message,95,29,48,0.23255276757232407,0.09461579862733119,0.050951019135296344,0.004799282092022277,0.20595151085006552,0.09365963938377661,0.11006540782966537,0.017200143927960914,-0.1224873597426587,0.18160174843702773,,,,
tianyan-287__message_0366,message,95,29,48,0.14323944361385,0.019370137018381747,0.09572587919036751,0.008919965392359638,0.0955026978040514,0.007114938503286862,0.1474484005542238,0.019670583776321183,0.00420895694037382,0.04751356442348248,,,,
tianyan-287__message_0367,message,95,29,48,0.14569799212792184,0.018124352062036907,0.10389749466532827,0.008591975327214856,0.03264505825209328,0.0007708698285332808,0.13761798592070767,0.01640488566479342,-0.008080006207214163,0.04180049746259357,,,,
tianyan-287__message_0368,message,95,29,48,0.12578656101319452,0.015312886383673018,0.0840800153774433,0.005917454630822911,0.03887738901596405,0.0010739381847636841,0.11408121144521088,0.013627268691358536,-0.011705349567983636,0.04170654563575121,,,,
tianyan-287__message_0369,message,95,29,48,0.16092861737657616,0.020289012181963786,0.09971457384639965,0.0077379472832523055,0.051151921417760204,0.0018886630228308562,0.160255107676315,0.022194118249817416,-0.0006735097002611434,0.06121404353017651,,,,
tianyan-287__message_0370,message,95,29,48,0.23007561271845559,0.0883801518969795,0.066102973410505,0.007007643500446872,0.17282514292264667,0.06805424430114368,0.12617182000179963,0.015447247647340458,-0.10390379271665595,0.16397263930795059,,,,
tianyan-287__message_0371,message,95,29,48,0.15012974725291073,0.020886737015669767,0.09922181939449573,0.009409110965135746,0.0792192085661497,0.005125418901473272,0.15896917174687603,0.025478546210929882,0.008839424493965298,0.050907927858415,,,,
tianyan-287__message_0372,message,95,29,48,0.3063236716223741,0.1245630091434774,0.03180417045189339,0.0009931474142998967,0.24300317762462326,0.10022676074950639,0.1338344324787305,0.026196276973501187,-0.1724892391436436,0.27451950117048074,,,,
tianyan-287__message_0373,message,95,29,48,0.16218203938765338,0.02069645920964909,0.104835996035775,0.010305274556027665,0.029589784976304302,0.000662410370970267,0.16834214529378555,0.022273458400977306,0.006160105906132168,0.05734604335187839,,,,
tianyan-287__message_0374,message,95,29,48,0.14511168457557536,0.01913459318167344,0.09003034667478048,0.006917270936807782,0.034383384581098075,0.0008114764153266767,0.14638538954777086,0.01894989405090183,0.0012737049721955052,0.05508133790079488,,,,
tianyan-287__message_0375,message,95,29,48,0.13609628846793836,0.016782051425263594,0.10001098925020405,0.011187433162386094,0.11525510613401002,0.010194203446016268,0.12995613049144916,0.015551346362050515,-0.006140157976489202,0.03608529921773432,,,,
tianyan-287__message_0376,message,95,29,48,0.18836411149989252,0.025192502429500815,0.08635692394625344,0.009350210968390026,0.10601631234922147,0.00866872731084415,0.12976287662257438,0.014866401261041521,-0.05860123487731814,0.10200718755363908,,,,
tianyan-287__message_0377,message,95,29,48,0.17587036103996834,0.02534741336659635,0.09030833595078383,0.013698715027554955,0.07200749056087022,0.004168765645286539,0.19080428307085845,0.029542644299248588,0.014933922030890112,0.0855620250891845,,,,
tianyan-287__message_0378,message,95,29,48,0.32238160438980523,0.13629910271946308,0.05889298943599056,0.002333759715987582,0.22872430003389893,0.09433575635106806,0.15261418627060552,0.027015330548778402,-0.1697674181191997,0.26348861495381465,,,,
tianyan-287__message_0379,message,95,29,48,0.1442967559100164,0.016947752115987064,0.08926059741939969,0.008887390256983077,0.07095605461917315,0.003745199263324751,0.13316974886788416,0.015902773915735358,-0.011127007042132236,0.0550361584906167,,,,
tianyan-287__message_0380,message,95,29,48,0.15435263830422685,0.018475723304283362,0.10353296803194788,0.008787035217016433,0.024518066523125756,0.0004399489947377724,0.15765680829896067,0.019824090321942694,0.0033041699947338188,0.050819670272278974,,,,
tianyan-287__message_0381,message,95,29,48,0.1447734685093164,0.01710416285974669,0.08920286517755843,0.006505069926588515,0.023176994536826406,0.0003748167964527562,0.15712951830092386,0.020110899078018246,0.012356049791607454,0.05557060333175798,,,,
tianyan-287__message_0382,message,95,29,48,0.13362928267890165,0.014928508591161214,0.08740406457304176,0.007280740489551371,0.0707632832510809,0.0037610595471691405,0.13839671429588435,0.01708299163225292,0.004767431616982704,0.04622521810585989,,,,
tianyan-287__message_0383,message,95,29,48,0.23760261358718002,0.04379761066609976,0.0952483166923768,0.012769197412125406,0.1297429394281469,0.012892396020930631,0.15932117904266307,0.023851928572348316,-0.07828143454451694,0.14235429689480322,,,,
tianyan-287__message_0384,message,95,29,48,0.1610961017312132,0.022024946795903604,0.10189963295690646,0.008309625956653292,0.08947156165512282,0.006624343389144902,0.17164603523842897,0.024552239473599767,0.01054993350721578,0.05919646877430673,,,,
tianyan-287__message_0385,message,95,29,48,0.15680092712843102,0.024216713136929628,0.09192129949560644,0.009358002314228751,0.08484573853017614,0.0056474194635705915,0.13258603908846975,0.016615361054993755,-0.024214888039961274,0.06487962763282458,,,,
tianyan-287__message_0386,message,95,29,48,0.14829480649779642,0.018006582947887984,0.08650558998511598,0.006717977377973771,0.039774664710244434,0.001160552305059652,0.1645379336853806,0.021521313714296355,0.016243127187584194,0.061789216512680434,,,,
tianyan-287__message_0387,message,95,29,48,0.16343150404870055,0.02064252397607934,0.08948995342532272,0.005870317908551456,0.02888856128335085,0.0006240946380139261,0.16922613218734855,0.023121000065716997,0.005794628138648006,0.07394155062337783,,,,
tianyan-287__message_0388,message,95,29,48,0.1392025344503341,0.01959702457211864,0.10317849224892622,0.009035276558415739,0.04227150067006121,0.0013241954462595113,0.1414081462974781,0.020181575994261184,0.002205611847144018,0.03602404220140787,,,,
tianyan-287__message_0389,message,95,29,48,0.20584103886623842,0.030970569168565144,0.10210666097361062,0.011953137518245616,0.08634792229976113,0.005541177459190394,0.16842537859523748,0.019717420997792758,-0.03741566027100093,0.1037343778926278,,,,
tianyan-287__message_0390,message,95,29,48,0.16003627923568212,0.022630902592896688,0.10650542144367194,0.014841106677945816,0.08859845117534451,0.006598863866362109,0.17989786932922913,0.027576529057353777,0.019861590093547016,0.05353085779201018,,,,
tianyan-287__message_0391,message,95,29,48,0.15338148927133277,0.018712792501350783,0.09516696919357721,0.007406739161857456,0.05389130857414491,0.0020978807194696704,0.14858487754567806,0.01649935874435526,-0.004796611725654709,0.05821452007775556,,,,
tianyan-287__message_0392,message,95,29,48,0.1451073718313634,0.019680468142927995,0.07549028493296488,0.006549596978832265,0.04909332600246361,0.0018348081773691405,0.1620362394531551,0.023183666561116242,0.016928867621791688,0.06961708689839853,,,,
tianyan-287__message_0393,message,95,29,48,0.1828764095526031,0.02517965762848036,0.09673514085502061,0.007821004034487586,0.04388102474786515,0.0014340115640248253,0.18480134263590187,0.027120786058356813,0.0019249330832987743,0.08614126869758248,,,,
tianyan-287__message_0394,message,95,29,48,0.150881532141176,0.022064709805345407,0.0877727248271141,0.007082821041993323,0.026905047953055962,0.0004905709989852971,0.15491584665169894,0.02349464330446943,0.0040343145105229405,0.0631088073140619,,,,
tianyan-287__message_0395,message,95,29,48,0.15406765096919023,0.02018598104358567,0.09870611166731601,0.00957028390729804,0.09984691238928403,0.007700489731487809,0.13552281113519182,0.01469554103741486,-0.018544839833998406,0.05536153930187422,,,,
tianyan-287__message_0396,message,95,29,48,0.20060741974110424,0.034055472496108546,0.08466490759408796,0.007330800509728056,0.09682555968796756,0.007636936562397708,0.1574856639533724,0.020577719048979665,-0.043121755787731836,0.11594251214701629,,,,
tianyan-287__message_0397,message,95,29,48,0.1431429126187368,0.017067246084759333,0.09893554107987003,0.008418203641230183,0.09143036026582559,0.006938227019686369,0.15313294524487278,0.01821927895037425,0.009990032626135986,0.044207371538866766,,,,
tianyan-287__message_0398,message,95,29,48,0.19449872227914475,0.029894098667446495,0.0718458536314413,0.005983734250212754,0.08242089010931611,0.005066690751031549,0.1609628446591987,0.02277674454696311,-0.03353587761994606,0.12265286864770344,,,,
tianyan-287__message_0399,message,95,29,48,0.1603241008107386,0.019164063613450626,0.08829620461539758,0.0065521618571720034,0.04980263315463374,0.0019901886102903056,0.1771321128970632,0.023228358047185226,0.016808012086324597,0.07202789619534103,,,,
tianyan-287__message_0400,message,95,29,48,0.1452469368064359,0.018678952722399444,0.08438087469622971,0.005548728768467426,0.03743314357115302,0.0010438473275376108,0.15926298061038374,0.0220130069539445,0.01401604380394783,0.060866062110206204,,,,
tianyan-287__message_0401,message,95,29,48,0.16481620862240468,0.021797580379053078,0.10385205099656762,0.009582241769753332,0.03068807393686732,0.0007005831823007462,0.1646329759715392,0.02168515044049702,-0.00018323265086547802,0.060964157625837054,,,,
tianyan-287__message_0402,message,95,29,48,0.13281313128889366,0.013325309906434631,0.10421355670773325,0.00895771852014102,0.034377376048167894,0.0006911125976077738,0.13651863165931896,0.014595872088395438,0.003705500370425302,0.028599574581160414,,,,
tianyan-287__message_0403,message,95,29,48,0.13239329814080886,0.015827449790723917,0.0892241492904595,0.0084482122640587,0.0883615685633521,0.0063368254515519095,0.13397166980927283,0.01449544815190311,0.0015783716684639737,0.04316914885034935,,,,
tianyan-287__message_0404,message,95,29,48,0.16510632684060905,0.024783335655109186,0.10209094873527497,0.008330790912549046,0.048748535290267375,0.0017823811287569732,0.1706596089653933,0.02589564428557975,0.005553282124784259,0.06301537810533409,,,,
tianyan-287__message_0405,message,95,29,48,0.1394703644864668,0.01640430968114734,0.09954642960216328,0.008300438712347763,0.06545615273773525,0.003219248417196523,0.14868765689752111,0.01838122856563431,0.009217292411054318,0.039923934884303514,,,,
tianyan-287__message_0406,message,95,29,48,0.1117230920636746,0.010255169767709222,0.08977440530661923,0.006284398845494051,0.05197707105131587,0.002024439452002467,0.12479425637231067,0.012568381259877765,0.013071164308636071,0.021948686757055372,,,,
tianyan-287__message_0407,message,95,29,48,0.1488671839610935,0.01848317859831556,0.1005867491130314,0.009266499459525143,0.049751811156638556,0.0018526950195717489,0.14890985383341604,0.020107223607932406,4.266987232254271e-05,0.04828043484806209,,,,
tianyan-287__message_0408,message,95,29,48,0.16891188027897253,0.0219123204911277,0.0975934628209859,0.009813473215569754,0.06961887168058603,0.0036697583970894255,0.14454489426122252,0.01817559340785218,-0.024366986017750003,0.07131841745798663,,,,
tianyan-287__message_0409,message,95,29,48,0.1643618632754078,0.02405232989855514,0.10033177139747947,0.009684865784157138,0.09595701984495987,0.007462959140367806,0.1313178509424131,0.016476335059240163,-0.0330440123329947,0.06403009187792834,,,,
tianyan-287__message_0410,message,95,29,48,0.12159848052910739,0.016748862715602643,0.09976220071530029,0.00923317462153651,0.08828096292006951,0.006441239770485517,0.14289441210112674,0.019838937856452014,0.021295931572019353,0.021836279813807105,,,,
tianyan-287__message_0411,message,95,29,48,0.17617176715118793,0.02409022715283905,0.08098897866942473,0.006661311326025278,0.055324808678581194,0.0023134545498817703,0.14735313323921723,0.019008687758252762,-0.028818633911970704,0.0951827884817632,,,,
tianyan-287__message_0412,message,95,29,48,0.15304669061309062,0.019402912156058626,0.088094592802237,0.009732932424044338,0.062533399696763,0.0027628326126182146,0.16695460374178692,0.023125710856353555,0.013907913128696298,0.06495209781085362,,,,
tianyan-287__message_0413,message,95,29,48,0.15786382587455852,0.020502205400096347,0.0823113256902499,0.005989218057899563,0.05940850488608934,0.0026280575221373356,0.16935107028964314,0.023460790005581184,0.011487244415084613,0.07555250018430862,,,,
tianyan-287__message_0414,message,95,29,48,0.175251878061022,0.025213247132079376,0.0725404382603832,0.005713288413070896,0.03348730701115789,0.0008335219911258659,0.1822193570517574,0.028186653375415437,0.0069674789907354095,0.10271143980063879,,,,
tianyan-287__message_0415,message,95,29,48,0.1710232050697963,0.025043983065696836,0.09613653929802296,0.0074067743721181615,0.032147153528997816,0.00072903170070554,0.1694040906695787,0.025048011189738092,-0.0016191144002175861,0.07488666577177333,,,,
tianyan-287__message_0416,message,95,29,48,0.1355523556516966,0.018080017018645443,0.07448002345511268,0.007832930812727582,0.08511184640247386,0.005981512436015907,0.14538696353846986,0.022468228367658105,0.009834607886773261,0.06107233219658392,,,,
tianyan-287__message_0417,message,95,29,48,0.15015908873105416,0.020874875043036846,0.10147954615395183,0.009022182231215368,0.05865486542804584,0.0024586210479608786,0.1466532541882552,0.024022973615088792,-0.003505834542798958,0.04867954257710233,,,,
tianyan-287__message_0418,message,95,29,48,0.14018934063934368,0.019445367310132765,0.09832132195838902,0.008924473029200497,0.07232874530229465,0.003913633175166212,0.14299064030602393,0.019682117425225406,0.002801299666680246,0.04186801868095466,,,,
tianyan-287__message_0419,message,95,29,48,0.1523007300263522,0.02101559093541775,0.08521897557382019,0.006111506079931626,0.05774200654839082,0.0025639911521285513,0.17316928557814154,0.02798998255296796,0.020868555551789347,0.067081754452532,,,,
tianyan-287__message_0420,message,95,29,48,0.14302529589525015,0.01803392700953705,0.08744934551114336,0.008199948461743455,0.0542342434238012,0.0023178876855237253,0.1583253135659483,0.02235118883162778,0.015300017670698163,0.05557595038410679,,,,
tianyan-287__message_0421,message,95,29,48,0.13266281711701772,0.01638595007828158,0.10645845959839277,0.013683303189245367,0.059657452718021836,0.002684542714489337,0.1475081138610065,0.019722828627384247,0.014845296743988795,0.026204357518624946,,,,
tianyan-287__message_0422,message,95,29,48,0.17151838486619506,0.03336132198015501,0.07580016567139966,0.00920974820687975,0.15491052359365598,0.021444123948680276,0.12644220011404406,0.01654414320059385,-0.045076184752151,0.0957182191947954,,,,
tianyan-287__message_0423,message,95,29,48,0.11353787899437218,0.012259098861658806,0.08192767570968928,0.011237895759019258,0.08765126787072178,0.006344872513042062,0.14178465743971158,0.01837860625049536,0.028246778445339404,0.03161020328468289,,,,
tianyan-287__message_0424,message,95,29,48,0.1639432169922252,0.027907609784976237,0.10201129689712225,0.0102124697661526,0.052444408905441255,0.0021434097584643315,0.1668664474147442,0.03032040917454542,0.0029232304225190187,0.06193192009510294,,,,
tianyan-287__message_0425,message,95,29,48,0.15154904949064807,0.018786939902025866,0.08402044489842068,0.007615119944672346,0.06981125739918415,0.003861718023294768,0.16941590700254416,0.023056034507995548,0.017866857511896095,0.06752860459222738,,,,
tianyan-287__message_0426,message,95,29,48,0.11036251563055041,0.01600818420796455,0.07714997203017526,0.006476591304916851,0.08615968280570979,0.005798432793977418,0.1320434974659033,0.017389940502793178,0.021680981835352886,0.03321254360037515,,,,
tianyan-287__message_0427,message,95,29,48,0.14375634474296103,0.017947831688484153,0.10077105220345414,0.012782567476563363,0.058553086750248964,0.0025540715522201626,0.14509576951296246,0.018993067799077737,0.0013394247700014295,0.04298529253950689,,,,
tianyan-287__message_0428,message,95,29,48,0.22019913889259107,0.07735974317546397,0.0546195568992217,0.006921085309377283,0.1970283448620087,0.07185407891993684,0.10521757760312453,0.01466682956287517,-0.11498156128946654,0.16557958199336936,,,,
tianyan-287__message_0429,message,95,29,48,0.1481876718854272,0.020359141535693324,0.08236547464722807,0.00921522102938565,0.08264206206719413,0.005469559002737956,0.16422406883460666,0.025454084878413732,0.016036396949179466,0.06582219723819913,,,,
tianyan-287__message_0430,message,95,29,48,0.17704317867658267,0.030388382029273766,0.07012236715297893,0.00571041181227052,0.07154996277882886,0.003765562093317235,0.17366752115366557,0.029029131754852125,-0.0033756575229171026,0.10692081152360375,,,,
tianyan-287__message_0431,message,95,29,48,0.16084795931824925,0.02120479893480008,0.10343758212760085,0.009196318159388765,0.07759596187344463,0.0046788829116505915,0.15905416989862697,0.02444378076839133,-0.0017937894196222715,0.0574103771906484,,,,
tianyan-287__message_0432,message,95,29,48,0.14128728039540925,0.015213909503440568,0.1074224243448001,0.00814709318736731,0.03779924935563009,0.0010056400512892293,0.13921098449101993,0.01555842186067467,-0.002076295904389319,0.033864856050609154,,,,
tianyan-287__message_0433,message,95,29,48,0.11933535505994296,0.011783968280247761,0.08314237383152365,0.008202033663275137,0.07873629928290873,0.004756368658342433,0.13551704104191215,0.015336747518550043,0.016181685981969188,0.03619298122841931,,,,
tianyan-287__message_0434,message,95,29,48,0.14651871078906642,0.01787190491432826,0.10236069811005288,0.010774189563626746,0.08035728041424883,0.0049396738679968,0.15398673944809652,0.019742928848556475,0.007468028659030096,0.044158012679013536,,,,
tianyan-287__message_0435,message,95,29,48,0.16100305158882638,0.025038793619194734,0.07035610491196154,0.008196814387834806,0.11520999712913056,0.012277415899726425,0.1241097844112927,0.01465836208828078,-0.03689326717753369,0.09064694667686485,,,,
tianyan-287__message_0436,message,95,29,48,0.1350475291579985,0.016642109534218782,0.06039475504481301,0.00412298141942318,0.08854976670542695,0.006545214300421734,0.1748150503702302,0.025471894824506614,0.039767521212231705,0.0746527741131855,,,,
tianyan-287__message_0437,message,95,29,48,0.14765256839042795,0.01835926342018237,0.09791625404221134,0.008528890309243553,0.060050103127480596,0.0024884631409559997,0.13975356314235,0.017566620019733678,-0.007899005248077962,0.04973631434821661,,,,
tianyan-287__message_0438,message,95,29,48,0.13716654969574352,0.017584236117976222,0.08988541388189039,0.0091532418201501,0.07026706204160849,0.003731719439857555,0.1498307346975753,0.020633315817790408,0.01266418500183178,0.047281135813853126,,,,
tianyan-287__message_0439,message,95,29,48,0.12469602586114455,0.014230824549096039,0.0855559869455226,0.007734429307159847,0.06928198305623397,0.0035910038878441816,0.12013735834040982,0.013636118764046707,-0.004558667520734722,0.03914003891562194,,,,
tianyan-287__message_0440,message,95,29,48,0.13615817493996035,0.01680218910390607,0.07234075893747793,0.007329122698180673,0.08173185597733827,0.005481315219047744,0.11388386678806481,0.014804755105042824,-0.022274308151895544,0.06381741600248242,,,,
tianyan-287__message_0441,message,95,29,48,0.20985754291929898,0.04286351134002794,0.07128876523644795,0.008800507110219593,0.13384400688213466,0.01604996151144806,0.12217343541824871,0.020602736243276205,-0.08768410750105027,0.13856877768285103,,,,
tianyan-287__message_0442,message,95,29,48,0.1545964258526533,0.018894337052505396,0.0753085748443893,0.0079102589515257,0.0855151782118452,0.005712672463337086,0.1788026311849486,0.023753696927183793,0.02420620533229531,0.079287851008264,,,,
tianyan-287__message_0443,message,95,29,48,0.14735643417884087,0.01830786285439708,0.08788325304847257,0.009121724488443308,0.05448713537922521,0.0022737393722840503,0.14713083944517594,0.019101818224796126,-0.00022559473366493,0.0594731811303683,,,,
tianyan-287__message_0444,message,95,29,48,0.148072248019124,0.0206928493527258,0.08235224319125647,0.007953477390365423,0.06250748873543227,0.002983709769777928,0.1622663908268736,0.02521652981446286,0.01419414280774961,0.06572000482786752,,,,
tianyan-287__message_0445,message,95,29,48,0.17039462011844825,0.023875072828815326,0.10389165821547673,0.008795314118822825,0.029742376248702674,0.0006685240867240305,0.17283314326368154,0.025127753017094495,0.0024385231452332956,0.06650296190297152,,,,
tianyan-287__message_0446,message,95,29,48,0.12914289386283823,0.016349665530878518,0.095017979747928,0.008061365586491677,0.05410964476794661,0.0022948562397719858,0.11834837255991697,0.0133362828043591,-0.010794521302921259,0.034124914114910226,,,,
tianyan-287__message_0447,message,95,29,48,0.13518875177823314,0.015999794311564466,0.07971687269036766,0.005428143238156468,0.06076088187167858,0.0028666831411381577,0.13125915081056203,0.01528376032160213,-0.003929600967671115,0.05547187908786548,,,,
tianyan-287__message_0448,message,95,29,48,0.20226896106693398,0.029456597426707483,0.07148296497302739,0.007189001958399869,0.08767779319697275,0.006015136567330626,0.15432691864991666,0.020380572101674717,-0.04794204241701733,0.1307859960939066,,,,
tianyan-287__message_0449,message,95,29,48,0.15507745301174672,0.018590386950433323,0.07889037496360947,0.00953166926492942,0.08214281271872606,0.005251251717151295,0.1740967626093361,0.024482651756744297,0.01901930959758938,0.07618707804813725,,,,
tianyan-287__message_0450,message,95,29,48,0.12305874390965535,0.01780254015980395,0.10038263107724042,0.008417802579971986,0.05178729097622392,0.001968766074456862,0.12566097213918914,0.017827145779931282,0.002602228229533793,0.022676112832414927,,,,
tianyan-287__message_0451,message,95,29,48,0.15149715536990127,0.024869745357265063,0.08523183862359401,0.008226721512760767,0.059939864148071315,0.00273538272785042,0.15943768167452557,0.028797350707414047,0.007940526304624301,0.06626531674630726,,,,
tianyan-287__message_0452,message,95,29,48,0.15747840037475336,0.023533126291853806,0.07713553231916467,0.007707506780089864,0.05401466603220182,0.0022678825224016408,0.17874347883291108,0.030600179304091982,0.021265078458157727,0.08034286805558868,,,,
tianyan-287__message_0453,message,95,29,48,0.1619930023040712,0.0194584753030433,0.08477174677171856,0.006585152460424654,0.03456596296649013,0.0008983060030976805,0.17947646577678156,0.02302521460012741,0.017483463472710348,0.07722125553235265,,,,
tianyan-287__message_0454,message,95,29,48,0.2291087648391385,0.040010595486618644,0.0619410349030021,0.01176869339992488,0.16597504583547212,0.024067961584509127,0.1250989654766856,0.018604944814668276,-0.10400979936245291,0.1671677299361364,,,,
tianyan-287__message_0455,message,95,29,48,0.16294369439012912,0.020578915272108908,0.08023943453797568,0.008604599101594508,0.0759359872265837,0.004325204416942888,0.17739589753258594,0.02652896084544701,0.014452203142456821,0.08270425985215345,,,,
tianyan-287__message_0456,message,95,29,48,0.13838198140698088,0.017675452770328122,0.08244220688753406,0.006597685396191644,0.04092442707315797,0.0012567233438374762,0.14114185974559249,0.018875066539026368,0.0027598783386116044,0.05593977451944682,,,,
tianyan-287__message_0457,message,95,29,48,0.13527849432157085,0.01829943042320981,0.09518801966103323,0.01006348867138087,0.05769357255717608,0.002448665655075391,0.1589368011144498,0.023934744151088705,0.023658306792878947,0.040090474660537626,,,,
tianyan-287__message_0458,message,95,29,48,0.13401260211350247,0.01934097273621791,0.08763631759978076,0.007635384698690864,0.06060224304812922,0.002820948016864707,0.14777599595431606,0.024175013947438498,0.013763393840813598,0.04637628451372171,,,,
tianyan-287__message_0459,message,95,29,48,0.14079295565568625,0.01612019156323088,0.07791239601734055,0.006021646734640408,0.05868949164894701,0.0025959609852008497,0.1446048736344519,0.016622576344879805,0.00381191797876565,0.0628805596383457,,,,
tianyan-287__message_0460,message,95,29,48,0.15264284426817257,0.019214683085635002,0.08976702489064445,0.009358081945104272,0.06642777592440016,0.003325306297279819,0.15457119853426593,0.01916148121746567,0.0019283542660933628,0.06287581937752812,,,,
tianyan-287__message_0461,message,95,29,48,0.17538623709578624,0.025406242928102944,0.06975816726669826,0.007375605419386071,0.0866768633812011,0.005666884073767785,0.1692681896917883,0.02695658544080032,-0.006118047403997934,0.10562806982908798,,,,
tianyan-287__message_0462,message,95,29,48,0.12527128571944032,0.013862343235584293,0.09341675022100812,0.010862980430418463,0.07047105180077813,0.003952290480150724,0.1411623161548104,0.018149792858449417,0.015891030435370074,0.0318545354984322,,,,
tianyan-287__message_0463,message,95,29,48,0.164474206950457,0.02043335275738391,0.0829449498849793,0.008866675485517367,0.054253932770393073,0.001969164517727632,0.14860784083350612,0.01786141441643655,-0.015866366116950886,0.0815292570654777,,,,
tianyan-287__message_0464,message,95,29,48,0.15356458365494413,0.01907250785782304,0.11283729893775535,0.010838622981887702,0.04452503171758138,0.0014875003647833573,0.17349472257632675,0.023899428521453384,0.019930138921382623,0.04072728471718878,,,,
tianyan-287__message_0465,message,95,29,48,0.14797381906144608,0.02274709992968558,0.09339238813985433,0.008674436270631018,0.0672016612123025,0.003646134383529705,0.14655394967280563,0.021884073908034474,-0.0014198693886404434,0.05458143092159175,,,,
tianyan-287__message_0466,message,95,29,48,0.14100561162379452,0.018243546121901374,0.08768367522681905,0.0070688121512880895,0.06451049667036456,0.0032055513038512975,0.14946832436170263,0.018719972720338828,0.008462712737908107,0.05332193639697547,,,,
tianyan-287__message_0467,message,95,29,48,0.20605666183277277,0.0312132318612735,0.0872880627815247,0.008552999589782319,0.07041037899072597,0.0037470649483855173,0.17768489988691838,0.02665055375604759,-0.02837176194585439,0.11876859905124806,,,,
tianyan-287__message_0468,message,95,29,48,0.12446157869626688,0.013443156178202144,0.08104210695441609,0.006152463598151118,0.07556882976602264,0.004939646477025096,0.14331198746876583,0.018949641371355446,0.018850408772498953,0.04341947174185079,,,,
tianyan-287__message_0469,message,95,29,48,0.13228435259935684,0.017596860199970935,0.10208718647275386,0.00916459494889064,0.038771214603861626,0.0011069660717103924,0.14581399230563719,0.020867641183921766,0.01352963970628035,0.030197166126602976,,,,
tianyan-287__message_0470,message,95,29,48,0.16097968241603625,0.02174856416988836,0.08597910946405513,0.01018318989691819,0.05483357303060803,0.002412419055351467,0.17436331279056466,0.02621760536892079,0.013383630374528416,0.07500057295198112,,,,
tianyan-287__message_0471,message,95,29,48,0.15639570660494848,0.020079776949301666,0.08479830032333918,0.007795810804721385,0.073606388798726,0.004006533096243412,0.14252321744267685,0.017389089342163204,-0.013872489162271628,0.0715974062816093,,,,
tianyan-287__message_0472,message,95,29,48,0.17589574025723798,0.026253296229709826,0.08259483337041823,0.00783680774503847,0.064593161883153,0.0029004451543997263,0.1410420991547085,0.020363964657012394,-0.034853641102529476,0.09330090688681975,,,,
tianyan-287__message_0473,message,95,29,48,0.16792468717816933,0.025272422435102998,0.09165532936717516,0.011236713855407685,0.06809055739697717,0.0034402333275084084,0.13750548795621526,0.018891167896669815,-0.030419199221954074,0.07626935781099417,,,,
tianyan-287__message_0474,message,95,29,48,0.34566093516600754,0.1578103690101751,0.021824000802563318,0.003259950021605571,0.31349802676243255,0.14849857439303044,0.13404201003918675,0.032032084216758336,-0.2116189251268208,0.32383693436344424,,,,
tianyan-287__message_0475,message,95,29,48,0.1855268925475143,0.039228059576156396,0.05916199707813848,0.009166301196097706,0.08432912895771857,0.006042007190551456,0.20188224252230086,0.03784993350862945,0.01635534997478655,0.12636489546937582,,,,
tianyan-287__message_0476,message,95,29,48,0.3323448028135916,0.10904824666156265,0.060673824526208536,0.006841836640072582,0.24420116190198057,0.07147659634101901,0.13638746667131513,0.0190800902618145,-0.19595733614227645,0.27167097828738307,,,,
tianyan-287__message_0477,message,95,29,48,0.1795003395989726,0.03779863401749133,0.08167901632017699,0.010549412026757615,0.06441537770347466,0.003375575059855457,0.19397078105867205,0.037545606922013315,0.014470441459699446,0.09782132327879561,,,,
tianyan-287__message_0478,message,95,29,48,0.2141116501005942,0.04449363865542433,0.0574966545276659,0.00906453854642814,0.15403598680837902,0.01769881151663054,0.1625129578162361,0.029429126437558517,-0.051598692284358094,0.1566149955729283,,,,
tianyan-287__message_0479,message,95,29,48,0.22440149933522957,0.04535727474894043,0.05539109930617722,0.00823030261639629,0.1606856318640818,0.023568299100207336,0.13163631504317508,0.02051586248470706,-0.09276518429205449,0.16901040002905235,,,,
tianyan-287__message_0480,message,95,29,48,0.2983250517572156,0.08053279926015004,0.06899923990422291,0.006987856163349061,0.20953847515904112,0.04761549086435168,0.13315479861564966,0.01897300217916275,-0.16517025314156591,0.22932581185299267,,,,
tianyan-287__message_0481,message,95,29,48,0.159553066834012,0.032673285592902765,0.0722257723200713,0.010946490598347635,0.08801188104939406,0.006451545493317467,0.1767570489342436,0.030203707694985787,0.017203982100231607,0.0873272945139407,,,,
tianyan-287__message_0482,message,95,29,48,0.21575569367193387,0.05527495164812,0.05215712367090726,0.00748788649775638,0.16964736270473169,0.036471953737496884,0.13510562640405974,0.018504351487644524,-0.08065006726787413,0.16359857000102662,,,,
tianyan-287__message_0483,message,95,29,48,0.1793865390201635,0.04083021028130336,0.05903687541116734,0.007900417416296053,0.07063677852463124,0.00441537541943242,0.1787845592204093,0.033292238910821684,-0.000601979799754182,0.12034966360899615,,,,
tianyan-287__message_0484,message,95,29,48,0.21505323284008387,0.05032657678375334,0.06660132674197151,0.008804632823351142,0.11906532193205967,0.01151777127966335,0.18075271784481917,0.03542511289605767,-0.03430051499526471,0.14845190609811237,,,,
tianyan-287__message_0485,message,95,29,48,0.2510457904462081,0.05939177868626924,0.04016393419402489,0.005595826530141023,0.1841861867707782,0.04571980573331827,0.12453866038022118,0.016637800922329287,-0.12650713006598693,0.21088185625218323,,,,
tianyan-287__message_0486,message,95,29,48,0.27459717119999444,0.07347271902958619,0.06548727788095704,0.00883511131276777,0.21636829436205732,0.053588518316432854,0.12478056085076485,0.01969361875622087,-0.1498166103492296,0.2091098933190374,,,,
tianyan-287__message_0487,message,95,29,48,0.2972684786538522,0.10404059811953571,0.027288158922564622,0.004023550933547353,0.29545759119005754,0.0992414228783852,0.11715211623053529,0.03101452279149152,-0.1801163624233169,0.26998031973128755,,,,
tianyan-287__message_0488,message,95,29,48,0.17052462401906016,0.03810277591706719,0.08386189702106141,0.008843240817903365,0.08803367139922713,0.007286736178375471,0.17541025703821023,0.03238333096996694,0.004885633019150071,0.08666272699799875,,,,
tianyan-287__message_0489,message,95,29,48,0.1616077709598093,0.022777098314105352,0.07399340707243988,0.009193269311277655,0.11565520545983363,0.011845189028298913,0.12471453225322857,0.014981798268919268,-0.03689323870658073,0.08761436388736941,,,,
tianyan-287__message_0490,message,95,29,48,0.1382251107644093,0.016997079850218297,0.0922073630829974,0.008707520582764014,0.060291783225659576,0.002793351032799509,0.16032591335413135,0.02167977354500737,0.02210080258972205,0.0460177476814119,,,,
tianyan-287__message_0491,message,95,29,48,0.12528840452398665,0.016653035564266793,0.0767113314935167,0.006969730938896081,0.07894022406992027,0.004994654993230227,0.12450388865696574,0.01439209972913226,-0.0007845158670209129,0.04857707303046996,,,,
tianyan-287__message_0492,message,95,29,48,0.20061248813198973,0.029014387062271774,0.07214673734471544,0.009664354456881633,0.1187972058362246,0.010948235614969725,0.14563037413260832,0.018669317123372504,-0.05498211399938141,0.1284657507872743,,,,
tianyan-287__message_0493,message,95,29,48,0.1902163492228962,0.03005182283649615,0.09097936558036568,0.010022997342883661,0.10329237954003963,0.008239328879695217,0.12772127534372152,0.013869774840829218,-0.06249507387917469,0.09923698364253053,,,,
tianyan-287__message_0494,message,95,29,48,0.16813613599559907,0.02282802238222356,0.08275544531143456,0.0086773971314517,0.08033421372697322,0.0048165967582278636,0.16070478189161957,0.027727135328865338,-0.007431354103979493,0.08538069068416451,,,,
tianyan-287__message_0495,message,95,29,48,0.12785337032056843,0.014754202114076933,0.09651963349733478,0.008693781268281572,0.058953480712434544,0.0025971718389802825,0.13779347542199588,0.017744489652148598,0.009940105101427454,0.03133373682323365,,,,
tianyan-287__message_0496,message,95,29,48,0.17459117677861444,0.022703698272236686,0.10385851071744093,0.008834523243918056,0.05067168953287357,0.0018942933452360676,0.18044744617436745,0.024721726602373446,0.005856269395753011,0.07073266606117351,,,,
tianyan-287__message_0497,message,95,29,48,0.1560077945697708,0.019026057042880833,0.09621127515814815,0.007322748848707546,0.04354759062615574,0.0013959027232343865,0.14551892295851027,0.017527738131745713,-0.010488871611260525,0.059796519411622645,,,,
tianyan-287__message_0498,message,95,29,48,0.22591649386620616,0.04555623948327754,0.06349913261203483,0.008767588307866996,0.1613038707235932,0.021089471172952914,0.1491030666026956,0.021967684922808296,-0.07681342726351056,0.16241736125417133,,,,
tianyan-287__message_0499,message,95,29,48,0.2144517558226376,0.036121222447991846,0.060125285648582605,0.005437187742426221,0.14833318555481587,0.02120270414892821,0.12187873724282319,0.017781034705500784,-0.0925730185798144,0.15432647017405499,,,,
tianyan-287__qaoa_0000,qaoa,432,108,237,0.85546875,0.633558293982103,0.010605183509064572,0.00017998661137490001,0.7257635195665659,0.4786653166324327,0.2623744688019758,0.04859447825891766,-0.5930942811980242,0.8448635664909354,0.3212890625,1.0,1.0,0.38612570674854707
tianyan-287__qaoa_0001,qaoa,432,108,237,0.83984375,0.6151557450376072,0.01702755360927738,0.0002075190134075531,0.7257635194714716,0.4786653165925069,0.28055034360158776,0.05673730615632866,-0.5592934063984123,0.8228161963907226,0.3359375,1.0,1.0,0.3861257067572016
tianyan-287__qaoa_0002,qaoa,432,108,237,0.857421875,0.6346893270805993,0.041732625051318584,0.0011052519556912573,0.7257635202007291,0.4786653168986883,0.24515889632646512,0.04545106421925038,-0.6122629786735349,0.8156892499486814,0.33203125,1.0,1.0,0.38612570669083474
tianyan-287__qaoa_0003,qaoa,432,108,237,0.849609375,0.6271500502183582,0.04792475529801789,0.0013188771666703004,0.7257635197616363,0.4786653167143337,0.2833813480145763,0.05641306443148403,-0.5662280269854236,0.8016846197019821,0.3310546875,1.0,0.9999999999999999,0.3861257067307947
tianyan-287__qaoa_0004,qaoa,432,108,237,0.8447265625,0.6180966274407961,0.016935273807465068,0.00027014339502565735,0.7257635205261537,0.47866531703531906,0.2529787258798056,0.04612424586354866,-0.5917478366201945,0.8277912886925349,0.330078125,1.0,1.0,0.386125706661219
tianyan-287__qaoa_0005,qaoa,807,198,458,0.9011094567795973,0.7012690709983931,0.025996081604754355,0.0007091038968417019,0.8297758695800099,0.5916714150176376,0.20523056723060898,0.03201394256790393,-0.6958788895489884,0.875113375174843,0.3125,1.0,1.0,0.3263334434541206
tianyan-287__qaoa_0006,qaoa,807,198,458,0.8964737070460794,0.6852782243388518,0.02005132848920414,0.0011030910362325116,0.8302316897111919,0.5870488919049348,0.18241366141421583,0.025337869004145093,-0.7140600456318635,0.8764223785568753,0.3134765625,1.0,1.0,0.32426922791043805
tianyan-287__qaoa_0007,qaoa,807,198,458,0.8941117586782719,0.6847604759271557,0.04694371293724479,0.0023293940936254635,0.8294466091388764,0.5831040455577566,0.18661864443176904,0.027661705729416973,-0.7074931142465029,0.8471680457410271,0.337890625,1.0,0.9999999999999998,0.32430115266775955
tianyan-287__qaoa_0008,qaoa,807,198,458,0.8981334760486268,0.6827906964955517,0.03973968708616969,0.002758101011991044,0.8245164411845063,0.5714025855356009,0.19281770872298062,0.02930623809546349,-0.7053157673256462,0.8583937889624571,0.267578125,1.0,1.0000000000000002,0.32638841092754006
tianyan-287__qaoa_0009,qaoa,807,198,458,0.8622313223861015,0.6320202923054088,0.02316778428947386,0.0009939446482978831,0.8301622953738226,0.5867524824255166,0.14372394757953239,0.01582767608498235,-0.7185073748065691,0.8390635380966276,0.3408203125,1.0,0.9999999999999999,0.324269590129919
tianyan-287__qaoa_0010,qaoa,1182,288,704,0.8828675470679288,0.6747724156120505,0.02927198710115514,0.0024192173807592067,0.8725840654989829,0.6471925120859855,0.12857694509569667,0.013262451956914608,-0.7542906019722322,0.8535955599667737,0.2998046875,1.0,1.0,0.31524943841278225
tianyan-287__qaoa_0011,qaoa,1182,288,704,0.8873245297521273,0.6883812017975446,0.02145676537207103,0.0006988022332316743,0.865856002242859,0.6398796284160455,0.1190608473762803,0.013057768088771148,-0.768263682375847,0.8658677643800563,0.3212890625,1.0,0.9999999999999998,0.31474413091696263
tianyan-287__qaoa_0012,qaoa,1182,288,704,0.9262167396542308,0.7575418068112023,0.01170352232544922,0.0011012767965104383,0.8964285016338757,0.6967413279213477,0.12486283404533419,0.011928183068947442,-0.8013539056088966,0.9145132173287815,0.291015625,1.0,0.9999999999999999,0.3156184650468653
tianyan-287__qaoa_0013,qaoa,1182,288,704,0.8744170813981462,0.6432546982291782,0.025887351488791815,0.0013915498451797645,0.8632629879258276,0.6214374358657433,0.14619042368214058,0.015558461229981863,-0.7282266577160057,0.8485297299093544,0.3115234375,1.0,0.9999999999999999,0.31474572591560174
tianyan-287__qaoa_0014,qaoa,1182,288,704,0.8505238244511759,0.6188242572526661,0.029697308310199618,0.002146032002896066,0.854075064294385,0.6081631904920259,0.10886106231454974,0.010828809211380755,-0.7416627621366262,0.8208265161409763,0.31640625,1.0,0.9999999999999998,0.3157012777561335
tianyan-287__qaoa_0015,qaoa,432,108,237,0.8583984375,0.6380792401871893,0.021135053636615685,0.0005097958237987415,0.7257963685991765,0.4786791732571184,0.2528992630722776,0.04846079733023324,-0.6054991744277224,0.8372633838633843,0.328125,1.0,1.0,0.3861227155193193
tianyan-287__qaoa_0016,qaoa,432,108,237,0.8525390625,0.6356231437252118,0.01643295045374018,0.0001918757764124963,0.7257963681002677,0.478679173045681,0.2610043458048441,0.05217536806156532,-0.5915347166951559,0.8361061120462598,0.3388671875,1.0,1.0,0.38612271556477673
tianyan-287__qaoa_0017,qaoa,432,108,237,0.87109375,0.6494854621261816,0.02875056206976375,0.000608408344507945,0.7257963683404188,0.478679173147457,0.26394870976112755,0.04903652230953693,-0.6071450402388725,0.8423431879302362,0.30859375,1.0,1.0,0.38612271554289573
tianyan-287__qaoa_0018,qaoa,432,108,237,0.853515625,0.6348268125183053,0.03162176504675204,0.000639744425610081,0.7257963686616982,0.4786791732836152,0.27341913697967857,0.052847201890405905,-0.5800964880203214,0.8218938599532479,0.3076171875,1.0,1.0,0.3861227155136227
tianyan-287__qaoa_0019,qaoa,432,108,237,0.857421875,0.6339633068824805,0.02819718405052814,0.0007134227214473452,0.7257963686205403,0.4786791732661725,0.2759904687604976,0.05183011513933143,-0.5814314062395024,0.8292246909494718,0.3046875,1.0,1.0,0.38612271551737287
tianyan-287__qaoa_0020,qaoa,807,198,458,0.8837734248807582,0.6761188353305554,0.03840713241854704,0.0009488461133500339,0.8299819299918123,0.5956325622688718,0.17708057325637708,0.02559600849282322,-0.7066928516243811,0.8453662924622112,0.3125,1.0,1.0,0.3263319065170678
tianyan-287__qaoa_0021,qaoa,807,198,458,0.8723324260773974,0.6514265000226543,0.03228578564333141,0.0012119700218902632,0.8303227295803166,0.5885054432526597,0.15683754747102166,0.01841240741678176,-0.7154948786063757,0.840046640434066,0.33203125,1.0,0.9999999999999999,0.32426414364236517
tianyan-287__qaoa_0022,qaoa,807,198,458,0.8806129790050985,0.6635509325273283,0.029720744951419888,0.0008727214659516175,0.829451366821297,0.5841776626135594,0.21112802411035975,0.03156819120487333,-0.6694849548947388,0.8508922340536786,0.3349609375,1.0,0.9999999999999999,0.32429325443943113
tianyan-287__qaoa_0023,qaoa,807,198,458,0.8888734106294667,0.6630221834122041,0.0330063902574419,0.0024803776040990596,0.8241884168430029,0.5740379491258105,0.2078139760784808,0.032589495281000476,-0.6810594345509859,0.8558670203720248,0.341796875,1.0,0.9999999999999997,0.32636136551792005
tianyan-287__qaoa_0024,qaoa,807,198,458,0.8898859310180806,0.6896592408461986,0.031729787311846475,0.0012004287250667169,0.8303449948954748,0.5883099849805864,0.17698956700439392,0.025095818042918508,-0.7128963640136866,0.858156143706234,0.302734375,1.0,1.0,0.3242657208042531
tianyan-287__qaoa_0025,qaoa,1182,288,704,0.8488230078963556,0.6114347002014529,0.02925633357848512,0.002695312816992719,0.8439980079679683,0.6092675650762545,0.10230015543511602,0.008715859670103654,-0.7465228524612395,0.8195666743178704,0.322265625,1.0,0.9999999999999999,0.3151302059043095
tianyan-287__qaoa_0026,qaoa,1182,288,704,0.8797841258979351,0.6726052791527586,0.02119619138158926,0.0005114843354135085,0.86524792338122,0.6450806894246324,0.12794838504020295,0.012567267710926266,-0.7518357408577321,0.8585879345163459,0.3046875,1.0,0.9999999999999998,0.31475726988255504
tianyan-287__qaoa_0027,qaoa,1182,288,704,0.8671813138653897,0.6546561688184577,0.03402435284733499,0.0018187840767132386,0.8632047458289449,0.6413650987750603,0.11553416013414383,0.010095980778479488,-0.7516471537312458,0.8331569610180547,0.328125,1.0,0.9999999999999998,0.31571594308379947
tianyan-287__qaoa_0028,qaoa,1182,288,704,0.8930599047063328,0.6780390200205333,0.03097477912306844,0.002034214653706097,0.8649300164525193,0.6304247995898185,0.15218753538862134,0.01748144236288451,-0.7408723693177115,0.8620851255832643,0.2919921875,1.0,1.0,0.3147442787946571
tianyan-287__qaoa_0029,qaoa,1182,288,704,0.8731149146316293,0.6453453259860269,0.039534357730938566,0.00401661781511345,0.85379367866188,0.6153556636833639,0.11884138841534227,0.010187086271185062,-0.754273526216287,0.8335805569006907,0.3017578125,1.0,1.0000000000000002,0.31572339019493056
tianyan-287__qaoa_0030,qaoa,432,108,237,0.869140625,0.6539476682126518,0.028571334244037638,0.0004650668484533367,0.7258839769033175,0.4787167612361675,0.2676955253033477,0.05308027009837003,-0.6014450996966523,0.8405692907559623,0.298828125,1.0,1.0,0.386114720663334
tianyan-287__qaoa_0031,qaoa,432,108,237,0.8291015625,0.6115656268902847,0.030734821948884203,0.0010171618098598289,0.725883977243583,0.47871676138393837,0.29509256698738306,0.061699479767722255,-0.5340089955126169,0.7983667405511158,0.373046875,1.0,1.0,0.38611472063223384
tianyan-287__qaoa_0032,qaoa,432,108,237,0.8525390625000001,0.6280851287496927,0.032571727621280286,0.0008491801192552543,0.7258839772654564,0.47871676139343766,0.264117038303662,0.04766413363837605,-0.588422024196338,0.8199673348787199,0.3369140625,1.0,1.0000000000000002,0.38611472063023444
tianyan-287__qaoa_0033,qaoa,432,108,237,0.8740234375,0.6613605597328596,0.03823280923327817,0.0009570314723618335,0.7258839769744712,0.47871676126706825,0.2656636984384194,0.05046612799553876,-0.6083597390615806,0.8357906282667218,0.31640625,1.0,0.9999999999999999,0.38611472065683067
tianyan-287__qaoa_0034,qaoa,432,108,237,0.8408203125,0.6108946711152261,0.030756047232608823,0.0007226322152227239,0.7258839772048806,0.4787167613671307,0.2521136481965017,0.04641239476501728,-0.5887066643034983,0.8100642652673912,0.3544921875,1.0,1.0,0.3861147206357713
tianyan-287__qaoa_0035,qaoa,807,198,458,0.8822772948007872,0.6753063691337682,0.04000029811468085,0.0033074663212146237,0.822658247815912,0.5717838486394137,0.1715804468986508,0.024060385373367243,-0.7106968479021364,0.8422769966861063,0.298828125,1.0,0.9999999999999999,0.32637722074390946
tianyan-287__qaoa_0036,qaoa,807,198,458,0.89369108520822,0.6861482964385133,0.04703833662834565,0.002708905310221255,0.8296077692645143,0.5868197066659775,0.17279938358247582,0.024280782074237877,-0.7208917016257442,0.8466527485798744,0.3017578125,1.0,1.0,0.32424226671047796
tianyan-287__qaoa_0037,qaoa,807,198,458,0.8896407043420106,0.6968178796601368,0.01742385031272358,0.0003169022521648284,0.8306114162895859,0.5956272180758373,0.19857876048967726,0.03225446016370981,-0.6910619438523333,0.8722168540292871,0.318359375,1.0,1.0000000000000002,0.3242532126084948
tianyan-287__qaoa_0038,qaoa,807,198,458,0.8607468269902298,0.646169932712334,0.03681548663361569,0.0015776473537498239,0.797348248581493,0.5499739419270516,0.18805239564490417,0.027338565043927537,-0.6726944313453256,0.8239313403566141,0.310546875,1.0,1.0,0.3263519292852419
tianyan-287__qaoa_0039,qaoa,807,198,458,0.8945867703850168,0.685504558571195,0.019737161413940954,0.0009335852094646198,0.8295619197155535,0.5863259631876853,0.1731157744257471,0.02440870792695743,-0.7214709959592697,0.8748496089710758,0.3056640625,1.0,1.0,0.3242435013778756
tianyan-287__qaoa_0040,qaoa,1182,288,704,0.7783961552240872,0.5562843891571339,0.05029303976754708,0.004634678427555569,0.7723375268089718,0.5406435976386667,0.11827673123718824,0.011298556304444783,-0.660119423986899,0.7281031154565402,0.3046875,1.0,1.0,0.31587789021002144
tianyan-287__qaoa_0041,qaoa,1182,288,704,0.8137632688569609,0.5876324383478331,0.02633024754697006,0.002181085150505787,0.8019855786176096,0.5651549042542314,0.09977428099745092,0.008846606006538828,-0.71398898785951,0.7874330213099908,0.3125,1.0,1.0,0.3151822489640497
tianyan-287__qaoa_0042,qaoa,1182,288,704,0.8154600574469724,0.5918384048086582,0.03838133820275932,0.0021533573548569085,0.7915475496967487,0.5532452153033973,0.12792176897281282,0.01268814397288294,-0.6875382884741595,0.777078719244213,0.296875,1.0,1.0,0.3150634144059393
tianyan-287__qaoa_0043,qaoa,1182,288,704,0.8944840828379436,0.6915223767865118,0.030592157018023487,0.0006682526553678056,0.8660631241853545,0.6432795037544187,0.14570044488484193,0.01606931115017172,-0.7487836379531017,0.86389192581992,0.3046875,1.0,1.0,0.3147442298958463
tianyan-287__qaoa_0044,qaoa,1182,288,704,0.8486512812937606,0.6267259392050533,0.044965188736139486,0.003214036767251502,0.838917437004924,0.6069301245363012,0.11317103598776371,0.009213347295955542,-0.7354802453059969,0.803686092557621,0.306640625,1.0,1.0,0.31570842372786734
tianyan-287__qaoa_0045,qaoa,432,108,237,0.95703125,0.7927109492365735,1.5753254278913266e-17,1.5753254278913262e-17,0.8300565299750948,0.5877579942605538,0.3432341388548762,0.08647623609804464,-0.6137971111451238,0.95703125,0.3330078125,1.0,1.0,0.3872418736821733
tianyan-287__qaoa_0046,qaoa,432,108,237,0.9306640625,0.7366828190835817,3.821160792031386e-18,3.821160792031387e-18,0.8264478380481145,0.5834040778255295,0.36401153361902727,0.08932336082581771,-0.5666525288809727,0.9306640625,0.349609375,1.0,1.0,0.3827213078283561
tianyan-287__qaoa_0047,qaoa,432,108,237,0.927734375,0.7311773354049169,2.372515638879554e-30,2.372515638879554e-30,0.8264478380481146,0.5834040783302286,0.3306189549089596,0.07500395698740424,-0.5971154200910405,0.927734375,0.3515625,1.0,1.0,0.3827213078283561
tianyan-287__qaoa_0048,qaoa,432,108,237,0.9248046875,0.7257823617139029,1.9017735260109473e-17,1.901773526010948e-17,0.8264478380481146,0.5834040772042909,0.3715091601356535,0.08494492347444492,-0.5532955273643465,0.9248046875,0.3388671875,1.0,1.0,0.3827213078283559
tianyan-287__qaoa_0049,qaoa,432,108,237,0.9306640625,0.7366828181178888,2.895108705178379e-17,2.8951087051783787e-17,0.8264478380481146,0.5834040769410199,0.3712164257341938,0.0887528247900835,-0.5594476367658062,0.9306640625,0.33203125,1.0,1.0,0.38272130782835606
tianyan-287__qaoa_0050,qaoa,807,198,458,0.9746087901196806,0.8405079975792553,5.848803194451329e-07,2.9244020250645464e-07,0.9409398742282231,0.7568324381623982,0.1982975204964354,0.03095446778932836,-0.7763112696232453,0.9746082052393612,0.3203125,1.0,1.0,0.32321685256041066
tianyan-287__qaoa_0051,qaoa,807,198,458,0.983398309651163,0.8710887557961104,1.2784883683532892e-07,6.392442045320728e-08,0.9409403135942382,0.7569068336338572,0.21127715007334974,0.03655552078449519,-0.7721211595778132,0.9833981818023262,0.263671875,1.0,0.9999999999999999,0.32321684983273696
tianyan-287__qaoa_0052,qaoa,807,198,458,0.9833978190708043,0.8710137046259785,6.184291957075943e-07,3.092146456432993e-07,0.9409398513584118,0.7568303939505241,0.2344726021744665,0.04234541373570089,-0.7489252168963377,0.9833972006416085,0.2978515625,1.0,1.0,0.3232168540519242
tianyan-287__qaoa_0053,qaoa,807,198,458,0.9755857770325597,0.843675045142572,1.6046744034153243e-07,8.023372339251372e-08,0.940940281853412,0.7568984142042068,0.21465191348459522,0.03649477685754705,-0.7609338635479644,0.9755856165651193,0.328125,1.0,1.0,0.3232168499959164
tianyan-287__qaoa_0054,qaoa,807,198,458,0.9804687464809039,0.8602337369729083,3.519096108086783e-09,1.759548046827362e-09,0.9409404336049669,0.7569664441404225,0.20400457776309805,0.03524363970338458,-0.7764641687178058,0.9804687429618077,0.326171875,1.0,1.0,0.32321684960044894
tianyan-287__qaoa_0055,qaoa,1182,288,704,0.8968540098710718,0.7659809584655979,0.013188636240659739,0.0008651242205769717,0.8762779592705021,0.7212209877926168,0.12834139194981586,0.013312587855640831,-0.7685126179212559,0.8836653736304121,0.2978515625,1.0,1.0000000000000002,0.3158943102562415
tianyan-287__qaoa_0056,qaoa,1182,288,704,0.7784992321669324,0.5531850848073057,0.05032101874658293,0.003800356254308469,0.7692668534003926,0.5434590783273371,0.12093297794192921,0.012654087840279422,-0.6575662542250031,0.7281782134203495,0.3134765625,1.0,1.0000000000000002,0.3156728144246439
tianyan-287__qaoa_0057,qaoa,1182,288,704,0.917163991709737,0.7476469704967059,0.02415383282256569,0.002869001748942523,0.8962019018980808,0.7032677787838578,0.12561129371700522,0.011992559333097341,-0.7915526979927318,0.8930101588871713,0.31640625,1.0,0.9999999999999999,0.3159455055330277
tianyan-287__qaoa_0058,qaoa,1182,288,704,0.970927243910611,0.8425346096993991,0.005610708640031447,0.0005158411261672821,0.9557915811119079,0.7886058922837726,0.15191269450241762,0.01867178490665538,-0.8190145494081934,0.9653165352705796,0.306640625,1.0,1.0,0.31465063895735396
tianyan-287__qaoa_0059,qaoa,1182,288,704,0.9853077635393555,0.8791379242120249,0.00027266518644285785,0.00013989722682803643,0.9673997509806727,0.8164400046832027,0.15443105031804272,0.01885468007596109,-0.8308767132213127,0.9850350983529126,0.291015625,1.0,1.0,0.3146096235256741
tianyan-287__qaoa_0060,qaoa,432,108,237,0.958984375,0.7974768529892505,2.0011267422747008e-19,2.0011267422747005e-19,0.8300565299750949,0.5877579956285672,0.34722809200895677,0.08628130032703579,-0.6117562829910432,0.958984375,0.35546875,1.0,1.0,0.3872418736821732
tianyan-287__qaoa_0061,qaoa,432,108,237,0.93359375,0.7423058978751989,3.821159972917814e-18,3.821159972917814e-18,0.8264478380481146,0.5834040778255293,0.3924296873841745,0.09606281796378036,-0.5411640626158255,0.93359375,0.345703125,1.0,1.0,0.3827213078283561
tianyan-287__qaoa_0062,qaoa,432,108,237,0.9208984375,0.7187499997434372,7.151680874133656e-19,7.151680874133656e-19,0.8264478380481145,0.5834040781118861,0.34297670660957946,0.07860913421652965,-0.5779217308904205,0.9208984375,0.3515625,1.0,1.0,0.382721307828356
tianyan-287__qaoa_0063,qaoa,432,108,237,0.9365234375,0.7480544441348149,1.901773488074849e-17,1.901773488074849e-17,0.8264478380481142,0.5834040772042908,0.34390804220246385,0.08374997598090708,-0.5926153952975362,0.9365234375,0.32421875,1.0,1.0,0.382721307828356
tianyan-287__qaoa_0064,qaoa,432,108,237,0.9306640625,0.7366828183760387,2.8951086575125715e-17,2.8951086575125715e-17,0.8264478380481145,0.58340407694102,0.3827308458307016,0.091325789191731,-0.5479332166692984,0.9306640625,0.326171875,1.0,1.0,0.382721307828356
tianyan-287__qaoa_0065,qaoa,807,198,458,0.9775385689664802,0.8500025850054229,4.935335199518521e-07,2.467667904284026e-07,0.9409399622164819,0.7568430317854051,0.21738153751890354,0.03788114602173651,-0.7601570314475766,0.9775380754329602,0.267578125,1.0,1.0,0.32321685217036533
tianyan-287__qaoa_0066,qaoa,807,198,458,0.9785151569154983,0.8532917924712763,4.680845017199144e-07,2.3404227825048358e-07,0.9409399954451914,0.75684580663012,0.21444270336066032,0.03296138371300299,-0.764072453554838,0.9785146888309966,0.3173828125,1.0,1.0,0.3232168510603593
tianyan-287__qaoa_0067,qaoa,807,198,458,0.986327068428619,0.8828972291236741,1.0565713811302186e-06,5.282858300912354e-07,0.9409394182264891,0.75677309227844,0.24566010227233234,0.04666829559793032,-0.7406669661562866,0.9863260118572378,0.2998046875,1.0,0.9999999999999999,0.3232168543861896
tianyan-287__qaoa_0068,qaoa,807,198,458,0.9794920934907266,0.8567504043207826,9.400927336282166e-08,4.7004637784593903e-08,0.9409403491597039,0.7569221230389563,0.25835589233470807,0.05061476290036196,-0.7211362011560185,0.9794919994814533,0.3046875,1.0,1.0,0.32321685003780476
tianyan-287__qaoa_0069,qaoa,807,198,458,0.9824218740426166,0.8674117951355925,9.573834712615185e-10,4.786917184729315e-10,0.940940436086853,0.7569720784616297,0.2155750746360769,0.03842973742519423,-0.7668467994065398,0.9824218730852331,0.283203125,1.0,1.0,0.3232168495975904
tianyan-287__qaoa_0070,qaoa,1182,288,704,0.9486881079963532,0.8140107435806643,0.013610449382615646,0.0014008217257491804,0.9324605362734592,0.7541442030463544,0.1312539582129283,0.013870863746789782,-0.8174341497834249,0.9350776586137375,0.29296875,1.0,0.9999999999999999,0.3159625058278096
tianyan-287__qaoa_0071,qaoa,1182,288,704,0.7700975500345808,0.5432313146886198,0.05225807482875555,0.003320174088429148,0.7730070433150338,0.5471184594386315,0.11382234359484014,0.010127837083389699,-0.6562752064397407,0.7178394752058253,0.33203125,1.0,0.9999999999999999,0.31567017959419125
tianyan-287__qaoa_0072,qaoa,1182,288,704,0.9108121981331117,0.7237001790867557,0.008983667333872127,0.0017256848905626498,0.8994255661867179,0.7012695682774406,0.11729431189809059,0.011015460730137538,-0.7935178862350211,0.9018285307992395,0.30859375,1.0,1.0,0.3159411434487497
tianyan-287__qaoa_0073,qaoa,1182,288,704,0.9531365223066395,0.8152301903974297,0.018775833076226774,0.0012575852037622509,0.9421241811705378,0.7701868370418317,0.1457807280658595,0.016198511785899893,-0.80735579424078,0.9343606892304127,0.2998046875,1.0,1.0,0.3146746138184388
tianyan-287__qaoa_0074,qaoa,1182,288,704,0.9812266718360068,0.8611047820930571,0.00021864066399324153,0.0001093263081174441,0.9691308421547786,0.8224257463232589,0.16414015093543963,0.020918369606302986,-0.8170865209005671,0.9810080311720135,0.3125,1.0,1.0,0.31460883161642944
tianyan-287__qaoa_0075,qaoa,432,108,237,0.9228515625,0.7222439244588874,5.978427345282679e-31,5.9784273452826795e-31,0.8264478380481144,0.5834040783302288,0.3273922018868885,0.07150123266746027,-0.5954593606131116,0.9228515625,0.34375,1.0,1.0,0.38272130782835595
tianyan-287__qaoa_0076,qaoa,432,108,237,0.9326171875,0.740418003724683,3.821160544933939e-18,3.821160544933937e-18,0.8264478380481145,0.5834040778255296,0.3811536064565251,0.09238398735528573,-0.5514635810434749,0.9326171875,0.3583984375,1.0,1.0,0.382721307828356
tianyan-287__qaoa_0077,qaoa,432,108,237,0.9482421875,0.7724965657167672,7.151681793188121e-19,7.15168179318812e-19,0.8264478380481143,0.5834040781118857,0.3673589489239818,0.09024228698098413,-0.5808832385760182,0.9482421875,0.328125,1.0,1.0,0.3827213078283561
tianyan-287__qaoa_0078,qaoa,432,108,237,0.9423828125,0.7599641941258617,1.9017735161225685e-17,1.9017735161225685e-17,0.8264478380481145,0.5834040772042909,0.3686512365589513,0.08850813644448266,-0.5737315759410486,0.9423828125,0.314453125,1.0,1.0,0.382721307828356
tianyan-287__qaoa_0079,qaoa,432,108,237,0.9443359375,0.7640676723596747,2.895108610505999e-17,2.895108610505998e-17,0.8264478380481144,0.5834040769410199,0.37669365236166596,0.09080293738778786,-0.567642285138334,0.9443359375,0.31640625,1.0,1.0,0.3827213078283561
tianyan-287__qaoa_0080,qaoa,807,198,458,0.980460565259131,0.8597321755137299,8.184740869165726e-06,4.0923788083648884e-06,0.9409325651865974,0.7564576704340471,0.21641793289460862,0.03902738307445024,-0.7640426323645223,0.9804523805182618,0.3017578125,1.0,1.0,0.3232168896874406
tianyan-287__qaoa_0081,qaoa,807,198,458,0.980468554436212,0.8601633729638767,1.9556378798183656e-07,9.778189879179218e-08,0.9409402478434117,0.756889884033753,0.23460106148367346,0.041567856397196214,-0.7458674929525385,0.980468358872424,0.2998046875,1.0,1.0,0.3232168501679318
tianyan-287__qaoa_0082,qaoa,807,198,458,0.9775350939550588,0.8497757117848417,3.968544941126349e-06,1.9842744392423263e-06,0.9409366315074141,0.7566057784814747,0.20714402388146477,0.03471703723594914,-0.770391070073594,0.9775311254101177,0.3154296875,1.0,1.0,0.3232168565527827
tianyan-287__qaoa_0083,qaoa,807,198,458,0.9814450328904485,0.8636866379844166,2.7960955153166777e-07,1.3980478554820966e-07,0.9409401669340876,0.7568727531335584,0.22627121113963256,0.03674046737032418,-0.7551738217508159,0.981444753280897,0.314453125,1.0,1.0,0.32321685019164303
tianyan-287__qaoa_0084,qaoa,807,198,458,0.9833984350359759,0.8711429318045658,2.464023967780201e-09,1.2320119761143971e-09,0.940940434635642,0.7569683362780915,0.20770219633858772,0.03827852162896504,-0.7756962386973882,0.9833984325719519,0.32421875,1.0,1.0,0.32321684960492675
tianyan-287__qaoa_0085,qaoa,1182,288,704,0.8820006164803582,0.7163717583272565,0.01680040963668014,0.002168340747092966,0.8564580097200283,0.667814950383602,0.10655715158765686,0.009148914599129757,-0.7754434648927013,0.865200206843678,0.2822265625,1.0,1.0,0.3157641380357289
tianyan-287__qaoa_0086,qaoa,1182,288,704,0.8910077627072689,0.7212162027102684,0.020619658939558954,0.0017340190683431942,0.8531097959190919,0.6619141753917899,0.14039027254662279,0.015658793826648955,-0.7506174901606462,0.8703881037677099,0.2841796875,1.0,1.0000000000000002,0.3159189716725611
tianyan-287__qaoa_0087,qaoa,1182,288,704,0.8181560112482831,0.6187048461978346,0.029820118757241096,0.0024089395103874794,0.7817944430035889,0.5678577902431597,0.12912765744016902,0.013446310684879573,-0.6890283538081141,0.788335892491042,0.2978515625,1.0,0.9999999999999999,0.3153384371793645
tianyan-287__qaoa_0088,qaoa,1182,288,704,0.9632790206015951,0.8307417812204553,0.0023392202158060192,0.0011024635961203557,0.9453367714993182,0.7755300805271839,0.1387609522178655,0.014403289413716026,-0.8245180683837297,0.9609398003857891,0.3076171875,1.0,0.9999999999999999,0.3146910626871255
tianyan-287__qaoa_0089,qaoa,1182,288,704,0.9838180885873289,0.8699474244380697,0.0005602396204995336,0.00012913424429162782,0.9688315224365406,0.8198537415114565,0.1540137406311845,0.01912139116499717,-0.8298043479561443,0.9832578489668293,0.3056640625,1.0,0.9999999999999999,0.3146119931443024
tianyan-287__qaoa_0090,qaoa,432,108,237,0.85546875,0.6387451355922726,0.037848765537884355,0.0014198207971766502,0.724774127616911,0.4783102198867395,0.2497030535465447,0.047134356347909294,-0.6057656964534552,0.8176199844621157,0.3037109375,1.0,1.0,0.38621413122840764
tianyan-287__qaoa_0091,qaoa,432,108,237,0.845703125,0.6300031716598933,0.010772817445027283,0.0001344678051759727,0.7247741277035893,0.4783102199124348,0.2808055491763905,0.058770135386125154,-0.5648975758236094,0.8349303075549728,0.3505859375,1.0,0.9999999999999999,0.38621413122080384
tianyan-287__qaoa_0092,qaoa,432,108,237,0.8515625,0.6202888675185123,0.020125376181626606,0.00032039537423438806,0.724774127676793,0.47831021990449124,0.2586577700140005,0.04604571995647362,-0.5929047299859995,0.8314371238183734,0.326171875,1.0,1.0,0.38621413122315446
tianyan-287__qaoa_0093,qaoa,432,108,237,0.8623046875000001,0.6478161508668887,0.022859781934484645,0.0003311682490150205,0.7247741276964061,0.47831021991030553,0.2809582516565243,0.05658849206575427,-0.5813464358434758,0.8394449055655154,0.3154296875,1.0,1.0,0.38621413122143405
tianyan-287__qaoa_0094,qaoa,432,108,237,0.865234375,0.6490346876846707,0.03651525321818011,0.0010455660247641859,0.7247741274671389,0.47831021984234,0.2939293441719426,0.06011324369140262,-0.5713050308280574,0.82871912178182,0.3125,1.0,0.9999999999999999,0.38621413124154647
tianyan-287__qaoa_0095,qaoa,807,198,458,0.8880593085434646,0.6684526612705495,0.04102373085366175,0.0012937402129402078,0.8158268009454237,0.5671695004931403,0.19197905244770733,0.02753034250409699,-0.6960802560957573,0.8470355776898029,0.2841796875,1.0,1.0,0.32665775828002774
tianyan-287__qaoa_0096,qaoa,807,198,458,0.8241264882682087,0.606247665802395,0.035021073965383766,0.0015048057646111133,0.7717735194577293,0.5315769086085147,0.180616300776355,0.02604307429087848,-0.6435101874918536,0.7891054143028249,0.3154296875,1.0,0.9999999999999999,0.32458602861375047
tianyan-287__qaoa_0097,qaoa,807,198,458,0.875247916763551,0.6561255169381155,0.024510729328976515,0.0006920097084517176,0.8098604517703418,0.5627608981551766,0.21415868743209598,0.03420084010802894,-0.661089229331455,0.8507371874345745,0.2919921875,1.0,1.0,0.3266812891861455
tianyan-287__qaoa_0098,qaoa,807,198,458,0.8230803074602302,0.6113939791465673,0.05108892238547241,0.0018274911742960144,0.7554613925944369,0.5251059012890527,0.15616613520316333,0.019844212685840946,-0.6669141722570668,0.7719913850747577,0.294921875,1.0,1.0000000000000002,0.32643025016896043
tianyan-287__qaoa_0099,qaoa,807,198,458,0.8855729669671002,0.6747753857465313,0.043854045258367155,0.00352941967064879,0.8119236349814303,0.5592466591586289,0.20582667178199446,0.032322366127726626,-0.6797462951851058,0.8417189217087331,0.2958984375,1.0,1.0000000000000002,0.32425192217452725
tianyan-287__qaoa_0100,qaoa,1182,288,704,0.820764735215841,0.6160487157712093,0.03714611524719041,0.0012332387434782705,0.7838686704734961,0.568895406067385,0.13336339664221245,0.012711596554657277,-0.6874013385736286,0.7836186199686507,0.3046875,1.0,1.0,0.3159411421855989
tianyan-287__qaoa_0101,qaoa,1182,288,704,0.8067698148847672,0.6009742860724472,0.03942532591628556,0.003819570720041269,0.7914068544321974,0.5684288268840231,0.12384476926688162,0.0117781839903889,-0.6829250456178856,0.7673444889684816,0.302734375,1.0,0.9999999999999998,0.31564750942333164
tianyan-287__qaoa_0102,qaoa,1182,288,704,0.8483841367002435,0.6308472043449345,0.03316920177739599,0.0021320043824121933,0.8445805404442928,0.6340544254540733,0.0984640350353599,0.008634807528682247,-0.7499201016648835,0.8152149349228475,0.337890625,1.0,1.0,0.31551759015413156
tianyan-287__qaoa_0103,qaoa,1182,288,704,0.8079420005591338,0.5919045925392535,0.039129702739717914,0.0031015991139430035,0.7761877817644367,0.5502390320009911,0.11501027862101557,0.010937897102487402,-0.6929317219381183,0.7688122978194158,0.2822265625,1.0,1.0000000000000002,0.3154898873514754
tianyan-287__qaoa_0104,qaoa,1182,288,704,0.8270850525545337,0.602805423356118,0.02910334911519258,0.002799554480901842,0.8088207893804393,0.5793595982491708,0.1174493240815057,0.011454415039581096,-0.709635728473028,0.797981703439341,0.3173828125,1.0,0.9999999999999999,0.31562646836161723
tianyan-287__qaoa_0105,qaoa,432,108,237,0.833984375,0.6004825097916249,0.026759622796120035,0.0005118798595377721,0.7245791811400502,0.47825490068251225,0.226900065369711,0.036893233787292486,-0.607084309630289,0.80722475220388,0.3359375,1.0,1.0,0.38623116914467204
tianyan-287__qaoa_0106,qaoa,432,108,237,0.8232421875000001,0.6073140698057926,0.027922687968604577,0.0006652917672715399,0.7245791811860025,0.4782549006949663,0.2658254028760484,0.04843062483656736,-0.5574167846239517,0.7953194995313956,0.3583984375,1.0,1.0000000000000002,0.38623116914067096
tianyan-287__qaoa_0107,qaoa,432,108,237,0.8544921875,0.6304333026440413,0.01504606596331019,0.0002663931584276381,0.7245791814022804,0.47825490075358223,0.2388797889198001,0.040237395839398546,-0.6156123985801999,0.8394461215366898,0.3046875,1.0,1.0,0.38623116912183975
tianyan-287__qaoa_0108,qaoa,432,108,237,0.8662109375,0.644195991213403,0.022733624858753135,0.0003654590865332032,0.7245791812282698,0.4782549007064216,0.28499753534266503,0.05683619750190536,-0.581213402157335,0.8434773126412468,0.30859375,1.0,1.0,0.3862311691369909
tianyan-287__qaoa_0109,qaoa,432,108,237,0.8583984375,0.638466829999301,0.0171805008843288,0.00023937979025596563,0.724579181163135,0.47825490068876864,0.25783313250726225,0.050387625384279544,-0.6005653049927377,0.8412179366156712,0.306640625,1.0,1.0,0.3862311691426621
tianyan-287__qaoa_0110,qaoa,807,198,458,0.8670715535010356,0.6469064164924896,0.029756905611377626,0.0010231521305992233,0.8115404418790961,0.5643316879396052,0.18217992999852076,0.026670984195380675,-0.6848916235025149,0.8373146478896579,0.318359375,1.0,1.0,0.326694823694803
tianyan-287__qaoa_0111,qaoa,807,198,458,0.8486230895176934,0.6313377241434532,0.025723705408270084,0.001601064027583436,0.7853115111470522,0.5387730417312433,0.1695464919967285,0.023627590707641012,-0.6790765975209649,0.8228993841094233,0.3017578125,1.0,1.0000000000000002,0.32448969595146837
tianyan-287__qaoa_0112,qaoa,807,198,458,0.892981089449377,0.6789890952849779,0.06048172290597431,0.0027480811128161153,0.8249173137638781,0.5768841117723017,0.1849668352940778,0.028591863751067044,-0.7080142541552992,0.8324993665434027,0.3095703125,1.0,0.9999999999999999,0.3266041094233346
tianyan-287__qaoa_0113,qaoa,807,198,458,0.8227264503599983,0.6036606238627437,0.026644867395393252,0.0012599661514878294,0.7550176849862789,0.5240864522807345,0.19118884074758385,0.026255405421874288,-0.6315376096124143,0.796081582964605,0.302734375,1.0,1.0,0.3264224012191308
tianyan-287__qaoa_0114,qaoa,807,198,458,0.8592875522940181,0.6370804741385335,0.02980760904126121,0.00396308286735743,0.7987196968382821,0.546364504364193,0.18216453644220215,0.024758834248933763,-0.677123015851816,0.8294799432527569,0.30078125,1.0,1.0,0.3243527680896484
tianyan-287__qaoa_0115,qaoa,1182,288,704,0.8120473688754432,0.5998736222864269,0.03807221291481249,0.002424162508954183,0.7837712421854501,0.5685207490763238,0.11998208793430637,0.011482567980809832,-0.6920652809411367,0.7739751559606307,0.3115234375,1.0,1.0,0.31591776547122163
tianyan-287__qaoa_0116,qaoa,1182,288,704,0.798763138055671,0.6047180020505116,0.03554525434777093,0.0023582250056768637,0.782915687301706,0.5758532598410152,0.11721095228559852,0.012772691652091092,-0.6815521857700725,0.7632178837079001,0.291015625,1.0,1.0,0.3153716714419035
tianyan-287__qaoa_0117,qaoa,1182,288,704,0.8684733377714258,0.6635850949288282,0.03496342426654963,0.0029580569989834517,0.8528793677534101,0.6445016411166214,0.10197774079627402,0.008941028551535727,-0.7664955969751518,0.8335099135048761,0.294921875,1.0,1.0,0.31554453329901067
tianyan-287__qaoa_0118,qaoa,1182,288,704,0.7978240478257159,0.5696097954425383,0.034814290303145395,0.0022231496651494674,0.7706911701416265,0.5376937485540438,0.10952216957131616,0.009483166919624683,-0.6883018782543997,0.7630097575225705,0.3046875,1.0,1.0,0.31554096159046524
tianyan-287__qaoa_0119,qaoa,1182,288,704,0.828712049031463,0.6196440801997996,0.03361253223631081,0.003007828081847701,0.805087367956941,0.5794711763567855,0.12084054721556133,0.01233986124571568,-0.7078715018159016,0.7950995167951522,0.28515625,1.0,1.0,0.31562144466793746
tianyan-287__qaoa_0120,qaoa,432,108,237,0.833984375,0.6121434131075432,0.03507424502159078,0.001141061887648098,0.7236873514136111,0.4780667216979685,0.2571722968710078,0.05113960324407974,-0.5768120781289923,0.7989101299784093,0.34375,1.0,1.0,0.38630747111037916
tianyan-287__qaoa_0121,qaoa,432,108,237,0.8388671875,0.6217279013484323,0.015962403200348464,0.00022212347982827077,0.723687351686809,0.47806672173881615,0.2959607321397384,0.06064613351283245,-0.5429064553602616,0.8229047842996515,0.3525390625,1.0,1.0,0.3863074710874215
tianyan-287__qaoa_0122,qaoa,432,108,237,0.8447265625000001,0.6272987492883687,0.042414008589074265,0.001094894110490527,0.7236873517051281,0.4780667217415552,0.28038880684883577,0.05444455087027475,-0.5643377556511644,0.8023125539109258,0.330078125,1.0,1.0,0.386307471085882
tianyan-287__qaoa_0123,qaoa,432,108,237,0.8339843750000001,0.6171765584797715,0.03214455856126777,0.00098577027910725,0.723687351507105,0.47806672171194725,0.27799403512967363,0.055056576551755186,-0.5559903398703265,0.8018398164387324,0.3388671875,1.0,1.0,0.38630747110252267
tianyan-287__qaoa_0124,qaoa,432,108,237,0.84375,0.624294269972581,0.015950066482565323,0.0001550159205291889,0.7236873514295248,0.4780667217003479,0.2615651919657593,0.04780924569021562,-0.5821848080342407,0.8277999335174346,0.33203125,1.0,1.0,0.3863074711090421
tianyan-287__qaoa_0125,qaoa,807,198,458,0.8732353820210763,0.6553277352045839,0.022951929780977945,0.0009125245834078579,0.810677507275891,0.56673421147169,0.19143088400732877,0.02587771351408577,-0.6818044980137475,0.8502834522400984,0.3115234375,1.0,1.0,0.32676551203773907
tianyan-287__qaoa_0126,qaoa,807,198,458,0.8295930872609332,0.6333728471192345,0.03220288538740028,0.0024200455292469,0.7595759343788708,0.5325039867912117,0.20215234234195834,0.029896102833006217,-0.6274407449189748,0.7973902018735329,0.314453125,1.0,1.0,0.32663074804667264
tianyan-287__qaoa_0127,qaoa,807,198,458,0.8856144404559501,0.68376390291656,0.024582156490636716,0.0010283252562303786,0.8081752346323631,0.5650353539025221,0.20899418699049613,0.03782031010327368,-0.676620253465454,0.8610322839653134,0.3095703125,1.0,0.9999999999999998,0.3267721696666995
tianyan-287__qaoa_0128,qaoa,807,198,458,0.7826530231989526,0.5785433363458619,0.03482757298290981,0.0022662697953810245,0.7526396883257976,0.5259445990380581,0.17782037911550425,0.024130009359911293,-0.6048326440834484,0.7478254502160427,0.3232421875,1.0,1.0000000000000002,0.3264174134940362
tianyan-287__qaoa_0129,qaoa,807,198,458,0.8432766293583731,0.6289326899271099,0.05039292015967721,0.002052721538129962,0.7913147764802531,0.5512018267301105,0.20145937280554013,0.02976616991007094,-0.641817256552833,0.7928837091986959,0.3154296875,1.0,1.0,0.32685097002430635
tianyan-287__qaoa_0130,qaoa,1182,288,704,0.8241228793707744,0.5988416947670862,0.033265584647543305,0.0024641697150557668,0.8041035340867655,0.5761241254904952,0.12434183882870184,0.01198888125842553,-0.6997810405420726,0.7908572947232312,0.3271484375,1.0,0.9999999999999998,0.31585347394419216
tianyan-287__qaoa_0131,qaoa,1182,288,704,0.7898107853293397,0.5813925079795486,0.04576327007940741,0.0026350214165809854,0.7734865574861243,0.5566707215185283,0.12651851048754448,0.01220564263199358,-0.6632922748417952,0.7440475152499323,0.314453125,1.0,1.0,0.3152159062575069
tianyan-287__qaoa_0132,qaoa,1182,288,704,0.8528698222786122,0.6426210705421364,0.03934829800324889,0.002869888305988943,0.8423534526515831,0.6206352500773377,0.12007588364780511,0.010657110824634074,-0.7327939386308071,0.8135215242753633,0.3037109375,1.0,1.0,0.3155677494284987
tianyan-287__qaoa_0133,qaoa,1182,288,704,0.7832378154370189,0.5805741367095535,0.03593274478905366,0.002823115546448954,0.7550471673614318,0.549589460227266,0.13160645881522903,0.013039035986059292,-0.6516313566217898,0.7473050706479653,0.314453125,1.0,0.9999999999999999,0.315620747129699
tianyan-287__qaoa_0134,qaoa,1182,288,704,0.824688188713933,0.5986590815461544,0.04735579662368313,0.005264646630417823,0.8013881084233327,0.5760197321059888,0.11520179338242542,0.01052507405052699,-0.7094863953315076,0.7773323920902498,0.3095703125,1.0,0.9999999999999999,0.31562129704359193
tianyan-287__qaoa_0135,qaoa,432,108,237,0.8828125,0.6659017722246009,0.03260427823411555,0.0006177538674317105,0.7306584958223197,0.482028797278099,0.2645879475997638,0.05266056639418616,-0.6182245524002362,0.8502082217658844,0.298828125,1.0,1.0,0.385642921444346
tianyan-287__qaoa_0136,qaoa,432,108,237,0.837890625,0.6108760922646861,0.03827479496090742,0.0019553840380831427,0.7306584957137652,0.48202879717673336,0.25175697704993794,0.04802689001055533,-0.5861336479500621,0.7996158300390925,0.337890625,1.0,1.0,0.3856429214558321
tianyan-287__qaoa_0137,qaoa,432,108,237,0.8544921875,0.6279360065832401,0.04708087335967219,0.0014002696830593881,0.7306584959119332,0.4820287973617783,0.23989253453574103,0.042126932002886544,-0.614599652964259,0.8074113141403279,0.3212890625,1.0,0.9999999999999999,0.3856429214348638
tianyan-287__qaoa_0138,qaoa,432,108,237,0.857421875,0.6385891990457506,0.04002049652025265,0.0012195565432605866,0.730658495764125,0.48202879722375835,0.26101776079901234,0.05283177464821654,-0.5964041142009877,0.8174013784797474,0.30078125,1.0,0.9999999999999999,0.3856429214505037
tianyan-287__qaoa_0139,qaoa,432,108,237,0.86328125,0.6351701612428817,0.023810167859289338,0.00038031143461360155,0.7306584959446267,0.4820287973923065,0.2789654096455481,0.05450944602393839,-0.5843158403544519,0.8394710821407106,0.310546875,1.0,0.9999999999999999,0.38564292143140466
tianyan-287__qaoa_0140,qaoa,807,198,458,0.8023069418327069,0.6077895814023905,0.039661406607911724,0.0015274601030662487,0.7707312539642364,0.549152224873561,0.17618813488022989,0.024040990457693978,-0.626118806952477,0.7626455352247952,0.3095703125,1.0,0.9999999999999998,0.3260194377453862
tianyan-287__qaoa_0141,qaoa,807,198,458,0.8127488214205612,0.6112757889449459,0.02919874109932361,0.0018201581300590118,0.7585004763765925,0.5393121794884208,0.1724076598598776,0.02174113306165988,-0.6403411615606835,0.7835500803212375,0.2978515625,1.0,1.0,0.32616773561172213
tianyan-287__qaoa_0142,qaoa,807,198,458,0.8495395846098123,0.6269413376697828,0.046561592771885096,0.0017590369208416072,0.7964317704680361,0.5550332316132667,0.1780661802709207,0.0255094454479305,-0.6714734043388916,0.8029779918379272,0.337890625,1.0,1.0,0.32659756151231517
tianyan-287__qaoa_0143,qaoa,807,198,458,0.8068359589542828,0.6003958396397221,0.02357476586857231,0.0010155311455934777,0.7734808502327115,0.5510087683634948,0.16967010714426073,0.02150042197089115,-0.637165851810022,0.7832611930857105,0.3291015625,1.0,1.0,0.32599648802975534
tianyan-287__qaoa_0144,qaoa,807,198,458,0.8276617698870267,0.6434263149708838,0.04198111719872881,0.0026937525547908155,0.7673740787418319,0.5411048863767349,0.18108532825090493,0.024190696040462714,-0.6465764416361217,0.7856806526882979,0.3056640625,1.0,1.0,0.32482869015620774
tianyan-287__qaoa_0145,qaoa,1182,288,704,0.8166787599519976,0.6187614372468556,0.04245694542739683,0.002871348856801702,0.7830338367918459,0.5682358847031224,0.13606735206088758,0.01484127314817621,-0.68061140789111,0.7742218145246007,0.294921875,1.0,1.0000000000000002,0.31597068222499813
tianyan-287__qaoa_0146,qaoa,1182,288,704,0.8261169916628626,0.6128104658692215,0.04245904676079868,0.0036452943470123757,0.8164716267091533,0.5947131637012799,0.11869928717305807,0.011292706630494595,-0.7074177044898045,0.7836579449020639,0.294921875,1.0,1.0,0.31582481167386944
tianyan-287__qaoa_0147,qaoa,1182,288,704,0.833564314133706,0.6220254950143791,0.03219748173995924,0.0022786713131180314,0.8336521471133609,0.6158813296655307,0.12221216105449459,0.011639013653084486,-0.7113521530792114,0.8013668323937467,0.306640625,1.0,1.0,0.31582566974359466
tianyan-287__qaoa_0148,qaoa,1182,288,704,0.8040133384180668,0.6015038124048097,0.04300956730611083,0.0022146897556952487,0.7949199931930341,0.5804900276297817,0.10441469126843869,0.008244444282926615,-0.699598647149628,0.7610037711119559,0.2998046875,1.0,1.0,0.3155234695860469
tianyan-287__qaoa_0149,qaoa,1182,288,704,0.8387972367643215,0.6263499723409272,0.04477953133699264,0.003916569504259483,0.8120403274582426,0.5878308682944127,0.10500313751270113,0.008890081355976655,-0.7337940992516203,0.7940177054273289,0.291015625,1.0,1.0000000000000002,0.3155863387785638
tianyan-287__qaoa_0150,qaoa,432,108,237,0.86328125,0.6410285092650055,0.039557372492340495,0.0010008533732324724,0.7297287512137354,0.48120195520136044,0.2476727213032624,0.04366378733009399,-0.6156085286967377,0.8237238775076595,0.3388671875,1.0,0.9999999999999999,0.38574009925614244
tianyan-287__qaoa_0151,qaoa,432,108,237,0.8388671875,0.6082677550990311,0.018532270272512526,0.0003310370810361263,0.7297287509513222,0.4812019549797567,0.24927455149460104,0.04789531426742104,-0.5895926360053989,0.8203349172274875,0.3447265625,1.0,0.9999999999999999,0.3857400992832268
tianyan-287__qaoa_0152,qaoa,432,108,237,0.8759765625,0.6544644855789807,0.0330708063868722,0.0007925941307374844,0.7297287513456896,0.48120195531279336,0.298154160166154,0.061359754387922585,-0.5778224023338461,0.8429057561131278,0.3212890625,1.0,1.0,0.3857400992425232
tianyan-287__qaoa_0153,qaoa,432,108,237,0.85546875,0.6302279664188191,0.03474349346762592,0.0007852414592295633,0.7297287511111793,0.48120195511475333,0.2701706252246727,0.050795073354533316,-0.5852981247753273,0.820725256532374,0.3271484375,1.0,1.0,0.3857400992667274
tianyan-287__qaoa_0154,qaoa,432,108,237,0.87109375,0.6523601233661521,0.018809717041173332,0.00037858375444089424,0.7297287513806937,0.4812019553423539,0.29545081479707086,0.06066175591927171,-0.5756429352029291,0.8522840329588267,0.3046875,1.0,1.0,0.38574009923891056
tianyan-287__qaoa_0155,qaoa,807,198,458,0.8739943600153425,0.6552668562505857,0.04813893547741099,0.0015139926348981948,0.8063421754622178,0.5599833410022441,0.19491067201067272,0.02822407776366417,-0.6790836880046698,0.8258554245379315,0.2998046875,1.0,1.0,0.326583289778082
tianyan-287__qaoa_0156,qaoa,807,198,458,0.809047616986469,0.6059413068972075,0.04252057549816329,0.002815853036219611,0.7687928529531962,0.5471236802740448,0.16778301493288938,0.024549026150576234,-0.6412646020535796,0.7665270414883056,0.302734375,1.0,0.9999999999999999,0.3260412420516944
tianyan-287__qaoa_0157,qaoa,807,198,458,0.8646703983898684,0.6519229883848713,0.035190538619718256,0.0014595428306562663,0.7943355089041579,0.5540204033530919,0.20918321424579675,0.034453260496964844,-0.6554871841440716,0.8294798597701502,0.3037109375,1.0,1.0,0.3266195530471171
tianyan-287__qaoa_0158,qaoa,807,198,458,0.8255082645208235,0.6274243642659105,0.02849860561000651,0.0025194857999502017,0.7686736372964099,0.5470134336164049,0.15646280597717788,0.019287265156199614,-0.6690454585436456,0.797009658910817,0.3095703125,1.0,0.9999999999999999,0.3260435780509187
tianyan-287__qaoa_0159,qaoa,807,198,458,0.8402318905888153,0.6342590994490435,0.04225642268266439,0.002484954430335469,0.7726168709371893,0.5450652513210028,0.1738168399691678,0.024351595186762512,-0.6664150506196476,0.7979754679061509,0.283203125,1.0,0.9999999999999998,0.3252130906913513
tianyan-287__qaoa_0160,qaoa,1182,288,704,0.8363935437447034,0.6359698352025092,0.03763521733728012,0.001346459323821491,0.7895444912795255,0.5715299652576434,0.1360235795272211,0.014323087141660489,-0.7003699642174823,0.7987583264074233,0.287109375,1.0,1.0,0.3159734925872209
tianyan-287__qaoa_0161,qaoa,1182,288,704,0.7889541750078595,0.5631207577183266,0.0366969802170935,0.0028137701332053055,0.7867737953161885,0.5597865005285326,0.11608111696292892,0.011278623465198603,-0.6728730580449306,0.7522571947907659,0.3203125,1.0,1.0,0.31577570236417724
tianyan-287__qaoa_0162,qaoa,1182,288,704,0.8401195116051134,0.6567737958753127,0.03375639257015145,0.0027223217929267527,0.8343860352895897,0.6179140682496482,0.12438835932414906,0.0131538717010856,-0.7157311522809644,0.806363119034962,0.3173828125,1.0,1.0,0.31582148620000516
tianyan-287__qaoa_0163,qaoa,1182,288,704,0.7885360425728366,0.5645145335553359,0.04399720100634714,0.002466164253533955,0.7749079402829411,0.5396208346688851,0.12194736173852636,0.010831289497349211,-0.6665886808343102,0.7445388415664894,0.2958984375,1.0,0.9999999999999999,0.31542894351541567
tianyan-287__qaoa_0164,qaoa,1182,288,704,0.814016709894267,0.607974064295912,0.042502768730978656,0.0022699002827178843,0.7851711128753542,0.5720575508752916,0.10244147732869993,0.009038898595877708,-0.7115752325655671,0.7715139411632883,0.29296875,1.0,1.0,0.31534022576835435
tianyan-287__qaoa_0165,qaoa,432,108,237,0.8740234375,0.6515756035881137,0.018408177822173976,0.000307533296480362,0.7259292269771482,0.47873653445949294,0.26015612595841414,0.04757971592144367,-0.6138673115415858,0.855615259677826,0.3095703125,1.0,1.0,0.3861105814705758
tianyan-287__qaoa_0166,qaoa,432,108,237,0.865234375,0.6550493585420778,0.022999922382600662,0.0005645365011277271,0.7259292268898423,0.4787365344211071,0.28714532568943274,0.06420948218147368,-0.5780890493105673,0.8422344526173994,0.314453125,1.0,1.0,0.38611058147856825
tianyan-287__qaoa_0167,qaoa,432,108,237,0.8515625,0.6309172073212457,0.025487132019598947,0.0005791207501071444,0.7259292267885666,0.4787365343765791,0.2787017625574381,0.057860242093113676,-0.5728607374425618,0.826075367980401,0.3203125,1.0,1.0,0.38611058148784
tianyan-287__qaoa_0168,qaoa,432,108,237,0.859375,0.6489529854941298,0.019827219752286705,0.00027388138203587105,0.7259292269137703,0.4787365344316274,0.2975603054670721,0.0631519743093815,-0.5618146945329279,0.8395477802477133,0.3017578125,1.0,1.0,0.38611058147637795
tianyan-287__qaoa_0169,qaoa,432,108,237,0.849609375,0.6223229189448024,0.02130377889019141,0.0004246287254874144,0.7259292267308408,0.478736534351199,0.2835816078069855,0.05845695671311189,-0.5660277671930145,0.8283055961098086,0.3310546875,1.0,1.0,0.3861105814931247
tianyan-287__qaoa_0170,qaoa,807,198,458,0.88172811858824,0.6758522433243535,0.035154255799945036,0.0011652418929362584,0.8070078565226975,0.5617132835682389,0.24209156536644266,0.0416581901865674,-0.6396365532217974,0.8465738627882949,0.2958984375,1.0,0.9999999999999999,0.32671994374735075
tianyan-287__qaoa_0171,qaoa,807,198,458,0.8050353915616693,0.6189232159373991,0.03082270671969324,0.00110665652124314,0.7557769139135635,0.5320944781045696,0.14796683240037883,0.019447426060478872,-0.6570685591612904,0.774212684841976,0.3095703125,1.0,1.0,0.3262476724957726
tianyan-287__qaoa_0172,qaoa,807,198,458,0.8851207217279511,0.6698238721928335,0.03948126680648678,0.0019130150607489737,0.825729883256191,0.5788994570897875,0.19808659282453317,0.02759613567200427,-0.6870341289034179,0.8456394549214643,0.33203125,1.0,0.9999999999999998,0.32661756657482666
tianyan-287__qaoa_0173,qaoa,807,198,458,0.8086701584863942,0.6101594276209275,0.047883545469340816,0.004031787536109089,0.7560758054872936,0.5322946702373078,0.18527351285365146,0.026426387336231733,-0.6233966456327428,0.7607866130170534,0.3125,1.0,1.0,0.3262446942650703
tianyan-287__qaoa_0174,qaoa,807,198,458,0.8259425139780063,0.6217573446996656,0.04103704640989653,0.0025017937066246576,0.7740204557093744,0.5502993480796536,0.18272859020526816,0.0218868732849564,-0.6432139237727381,0.7849054675681097,0.302734375,1.0,1.0,0.3258474441459079
tianyan-287__qaoa_0175,qaoa,1182,288,704,0.8324274657462136,0.6187454292159204,0.03918144947144774,0.0018409476676657767,0.7981265009367875,0.5783808549903393,0.1361726614576427,0.015773075687136998,-0.6962548042885709,0.7932460162747659,0.3017578125,1.0,0.9999999999999998,0.315917881485916
tianyan-287__qaoa_0176,qaoa,1182,288,704,0.8215957754487584,0.6222113533100793,0.02991746170033131,0.0021506174690328703,0.8030319300774664,0.5851340201336235,0.12902362519985922,0.012890309328057315,-0.6925721502488992,0.7916783137484271,0.2939453125,1.0,1.0,0.3154165865258615
tianyan-287__qaoa_0177,qaoa,1182,288,704,0.844593121081619,0.6306916910059133,0.0510832543028784,0.00308266219717742,0.8427232319101023,0.624311703924538,0.10970805153356794,0.009634412820422211,-0.7348850695480511,0.7935098667787406,0.3203125,1.0,0.9999999999999999,0.31556875529735434
tianyan-287__qaoa_0178,qaoa,1182,288,704,0.7977715814102029,0.597176783198338,0.045184834189373975,0.001695492028679618,0.7786730383510072,0.5569708656611662,0.1242561429279762,0.011644506355872572,-0.6735154384822267,0.7525867472208289,0.3037109375,1.0,0.9999999999999999,0.31552969086676025
tianyan-287__qaoa_0179,qaoa,1182,288,704,0.8021692417759657,0.5941333054377385,0.04357887519300721,0.003082094149091515,0.7820005118081429,0.5625689593900824,0.11840490058931989,0.012235205589494126,-0.6837643411866459,0.7585903665829585,0.3173828125,1.0,1.0,0.3156127623614224
tianyan-287__qaoa_0180,qaoa,432,108,237,0.8564453125,0.627353941494988,0.038669578889554856,0.001110618014874311,0.7293421942552862,0.48088282065040433,0.25604969382463383,0.04687736876323212,-0.6003956186753662,0.8177757336104452,0.3212890625,1.0,1.0,0.38577978203327407
tianyan-287__qaoa_0181,qaoa,432,108,237,0.8310546875,0.5956932207163859,0.031373905359135056,0.000619093141652235,0.7293421947413856,0.48088282104248925,0.24286316684104428,0.04353691541819382,-0.5881915206589557,0.7996807821408649,0.361328125,1.0,1.0,0.3857797819836439
tianyan-287__qaoa_0182,qaoa,432,108,237,0.857421875,0.6319507513229649,0.019407344731032863,0.0002830428129351506,0.7293421948429821,0.48088282112443653,0.2451802932699094,0.041902356849682965,-0.6122415817300906,0.8380145302689671,0.3232421875,1.0,1.0,0.38577978197327095
tianyan-287__qaoa_0183,qaoa,432,108,237,0.8623046875,0.637447198367227,0.029501707476401778,0.0005999110429206477,0.7293421946833578,0.4808828209956844,0.26734609483377547,0.051930102979672904,-0.5949585926662245,0.8328029800235982,0.31640625,1.0,1.0,0.38577978198956847
tianyan-287__qaoa_0184,qaoa,432,108,237,0.865234375,0.6464921265664201,0.02727693680379219,0.0004036136741616958,0.729342194385163,0.48088282075516203,0.279911541541986,0.05724507906275088,-0.5853228334580141,0.8379574381962078,0.30078125,1.0,1.0,0.3857797820200138
tianyan-287__qaoa_0185,qaoa,807,198,458,0.8359780709510316,0.6336397228460706,0.03642637891826821,0.0024764147618539043,0.7784656210962626,0.5573744630011657,0.17527834369680162,0.022144084747737963,-0.66069972725423,0.7995516920327634,0.314453125,1.0,1.0,0.32594273712580213
tianyan-287__qaoa_0186,qaoa,807,198,458,0.7815237894505671,0.5920746434553058,0.037169088621900534,0.0024145412815801182,0.7417345055384614,0.5197997626251398,0.14728648498118824,0.019671392307773268,-0.6342373044693789,0.7443547008286666,0.310546875,1.0,1.0,0.3257359987498979
tianyan-287__qaoa_0187,qaoa,807,198,458,0.8748971061702173,0.6591901084728847,0.05953044924692483,0.00296016239909288,0.8138759427291885,0.5661028689349463,0.2087605961105662,0.033048336486089444,-0.6661365100596511,0.8153666569232925,0.3056640625,1.0,1.0,0.326408919763626
tianyan-287__qaoa_0188,qaoa,807,198,458,0.8396690053882044,0.6410414806293832,0.044485634103731506,0.002293232132622424,0.7771935105002827,0.5538112100705881,0.19776209588931454,0.02902744610338852,-0.6419069094988898,0.7951833712844729,0.2783203125,1.0,1.0,0.32581030818911505
tianyan-287__qaoa_0189,qaoa,807,198,458,0.7799937488069806,0.5802128862980152,0.03163115205962169,0.0019777651569163673,0.7349877404285405,0.5151266587650055,0.16794501858722588,0.020550171669365708,-0.6120487302197547,0.7483625967473588,0.3095703125,1.0,1.0,0.32488552480839605
tianyan-287__qaoa_0190,qaoa,1182,288,704,0.7700998717653502,0.5445584028403883,0.030240620629795885,0.0013699844228408622,0.7663707358201854,0.5350118404096237,0.12174512125447776,0.011202764919370195,-0.6483547505108724,0.7398592511355543,0.3076171875,1.0,0.9999999999999998,0.3153031001068787
tianyan-287__qaoa_0191,qaoa,1182,288,704,0.8138653633564172,0.5852455677207355,0.03233211526653665,0.0014517736327270053,0.7889452652186286,0.5494637434157109,0.1529965056171999,0.01650253894050318,-0.6608688577392173,0.7815332480898806,0.30859375,1.0,1.0,0.3155967296407561
tianyan-287__qaoa_0192,qaoa,1182,288,704,0.8490535132516688,0.6325414424469049,0.02222427939296025,0.0013902490664574976,0.8426699314884957,0.6144695263322059,0.10257481383974013,0.008556402340320712,-0.7464786994119287,0.8268292338587085,0.3193359375,1.0,1.0,0.31551514518665497
tianyan-287__qaoa_0193,qaoa,1182,288,704,0.7919044665326811,0.5947590807648441,0.02054888189851411,0.001186133006618623,0.7902979327320448,0.5775943189711685,0.11608130722921137,0.010372195256453866,-0.6758231593034697,0.771355584634167,0.318359375,1.0,1.0,0.3154010708864138
tianyan-287__qaoa_0194,qaoa,1182,288,704,0.8092260585805752,0.6191209061778337,0.03041808103463168,0.003439715417874351,0.7854760952665905,0.5778188813103236,0.13566295676528028,0.013312560696055915,-0.6735631018152949,0.7788079775459434,0.3134765625,1.0,1.0,0.31548940040407025
tianyan-287__qaoa_0195,qaoa,432,108,237,0.876953125,0.6559840055488797,0.016299627454339518,0.0002539003893085564,0.7290114502964147,0.4806214660198903,0.2777625435423402,0.055414361568284595,-0.5991905814576598,0.8606534975456605,0.2958984375,1.0,1.0,0.38581339104821044
tianyan-287__qaoa_0196,qaoa,432,108,237,0.8388671875,0.6069289168171337,0.014484879619276959,0.00016406036011406118,0.7290114499288686,0.48062146573550557,0.2656463343765791,0.05066144348949017,-0.5732208531234209,0.8243823078807231,0.353515625,1.0,1.0,0.3858133910853811
tianyan-287__qaoa_0197,qaoa,432,108,237,0.8828125,0.6703441987914465,0.01962980665189201,0.00026225165744792707,0.7290114496545494,0.4806214655232541,0.293654355264397,0.0650202900034704,-0.589158144735603,0.863182693348108,0.310546875,1.0,1.0,0.3858133911131234
tianyan-287__qaoa_0198,qaoa,432,108,237,0.8701171875,0.6458789157479582,0.02704781064373967,0.0005107987280558645,0.7290114501152254,0.48062146587969706,0.29132936443728763,0.05522263698409729,-0.5787878230627124,0.8430693768562604,0.318359375,1.0,0.9999999999999999,0.3858133910665344
tianyan-287__qaoa_0199,qaoa,432,108,237,0.8359375,0.6058121657823476,0.021013122025865114,0.00038852401150099407,0.7290114500559032,0.48062146583379717,0.2806027539491433,0.054472365970713574,-0.5553347460508566,0.8149243779741349,0.33984375,1.0,1.0,0.38581339107253365
tianyan-287__qaoa_0200,qaoa,807,198,458,0.7982434536410636,0.6114288254330975,0.04774025556443475,0.0021360066137269943,0.7499388693503544,0.5277211353389263,0.17301627550371862,0.02396014144938302,-0.6252271781373451,0.7505031980766289,0.298828125,1.0,0.9999999999999999,0.3261693203634081
tianyan-287__qaoa_0201,qaoa,807,198,458,0.8228633714892312,0.6414741150717977,0.034679968100112,0.002185975971349438,0.7756399496073573,0.5523933482388066,0.181896576425998,0.027379137553592947,-0.6409667950632332,0.7881834033891192,0.2802734375,1.0,0.9999999999999999,0.32580130474674934
tianyan-287__qaoa_0202,qaoa,807,198,458,0.8861790671479445,0.6820999143492827,0.0335856031622241,0.0019776490235689456,0.8176058720674421,0.5711416310585429,0.20778553610886283,0.03135793230658223,-0.6783935310390816,0.8525934639857203,0.302734375,1.0,1.0,0.326234190266042
tianyan-287__qaoa_0203,qaoa,807,198,458,0.8233773544045716,0.6348232816731089,0.03881708122417822,0.0017289346921495626,0.7748331628696514,0.5516639165975535,0.17614685100281727,0.025270036233539527,-0.6472305034017544,0.7845602731803933,0.2978515625,1.0,0.9999999999999998,0.32584508771035803
tianyan-287__qaoa_0204,qaoa,807,198,458,0.793427788655594,0.5732479939207205,0.04107252492887298,0.0024928765340912293,0.7478557616480458,0.5242462415372551,0.14827427282567643,0.017358102041196637,-0.6451535158299176,0.752355263726721,0.3056640625,1.0,1.0,0.325507148449415
tianyan-287__qaoa_0205,qaoa,1182,288,704,0.770351131842202,0.5405649194154377,0.03450309770574353,0.001185549489913634,0.7608932139566631,0.5299564688971117,0.09002205885198931,0.007145733984104894,-0.6803290729902127,0.7358480341364585,0.3017578125,1.0,1.0,0.31527305667955635
tianyan-287__qaoa_0206,qaoa,1182,288,704,0.8081853712464344,0.5870426044581518,0.043808971626773746,0.002406573750401568,0.7778760654471434,0.5435122179662315,0.13337130572098405,0.01250965670302965,-0.6748140655254504,0.7643763996196606,0.3046875,1.0,1.0,0.3155975812477131
tianyan-287__qaoa_0207,qaoa,1182,288,704,0.8433918356446388,0.6489106624153825,0.03275606522408541,0.002286292527141738,0.8241427738552167,0.610842805088988,0.10926290982266817,0.00966163191220951,-0.7341289258219706,0.8106357704205535,0.2744140625,1.0,1.0,0.31585543589625625
tianyan-287__qaoa_0208,qaoa,1182,288,704,0.777768481494314,0.5697304705855821,0.040239733408133554,0.0015061505108410985,0.7552291356048162,0.5487261131638586,0.1175338798975551,0.01022201721434821,-0.6602346015967588,0.7375287480861804,0.3095703125,1.0,1.0,0.31538294353707863
tianyan-287__qaoa_0209,qaoa,1182,288,704,0.8016394553991404,0.5968703323188704,0.03389816870111882,0.0031240858510105268,0.7856385512188666,0.5726563461458738,0.10098225836375326,0.00848307863435887,-0.7006571970353871,0.7677412866980216,0.310546875,1.0,1.0,0.31553321398612877
tianyan-287__qaoa_0210,qaoa,432,108,237,0.876953125,0.6644047173540903,0.01865832867761148,0.00028813452861806366,0.726761595720538,0.479142924248765,0.2837666613122257,0.05927738119022163,-0.5931864636877743,0.8582947963223885,0.3095703125,1.0,1.0,0.3860332595453941
tianyan-287__qaoa_0211,qaoa,432,108,237,0.828125,0.5922389421095038,0.04431231798000408,0.0015897527529091348,0.72676159577726,0.47914292427916294,0.22983360871744246,0.03768855264914445,-0.5982913912825576,0.7838126820199959,0.33984375,1.0,1.0,0.3860332595400493
tianyan-287__qaoa_0212,qaoa,432,108,237,0.8681640625,0.6561840136332935,0.040160529358059915,0.0010129689886104105,0.7267615955276017,0.47914292414536774,0.2901587694362156,0.05987840962973562,-0.5780052930637845,0.8280035331419401,0.30078125,1.0,1.0,0.3860332595635745
tianyan-287__qaoa_0213,qaoa,432,108,237,0.8505859375,0.632357412210354,0.03331670808655756,0.000999688602336631,0.7267615955837601,0.479142924175464,0.27983947236155027,0.05474204915023276,-0.5707464651384497,0.8172692294134425,0.3271484375,1.0,0.9999999999999999,0.38603325955828277
tianyan-287__qaoa_0214,qaoa,432,108,237,0.869140625,0.6523101028354747,0.02681979196693075,0.0004760308433216614,0.7267615955274602,0.47914292414529214,0.29096723063503527,0.05893597645080774,-0.5781733943649647,0.8423208330330693,0.3369140625,1.0,1.0,0.38603325956358786
tianyan-287__qaoa_0215,qaoa,807,198,458,0.7701073802622644,0.5649636567302359,0.05225655906432826,0.0028459349688997456,0.7437925490199437,0.5178640961096187,0.13080380068674805,0.014263645746341622,-0.6393035795755164,0.7178508211979362,0.3115234375,1.0,0.9999999999999999,0.3264257396758555
tianyan-287__qaoa_0216,qaoa,807,198,458,0.7805632158205409,0.5843236574941774,0.043676466491884315,0.0020213098779026492,0.7470299831810283,0.5304335618514977,0.1363711292330513,0.015114817927515603,-0.6441920865874896,0.7368867493286566,0.3154296875,1.0,1.0,0.32603627514225875
tianyan-287__qaoa_0217,qaoa,807,198,458,0.8728600260898675,0.6521197638703504,0.02177394300900616,0.0009215691309940387,0.8066500445248739,0.5601198031235377,0.19640942640058018,0.027547471359545335,-0.6764505996892873,0.8510860830808613,0.3056640625,1.0,1.0,0.32661349985919164
tianyan-287__qaoa_0218,qaoa,807,198,458,0.7873639122156537,0.6002842459525519,0.03249966134633553,0.002393510679401219,0.7469884733351586,0.5303903466643907,0.14683584788400916,0.018484455765332353,-0.6405280643316446,0.7548642508693182,0.3037109375,1.0,1.0,0.32603367970063235
tianyan-287__qaoa_0219,qaoa,807,198,458,0.781504548802173,0.5740040932599969,0.04052614325605307,0.0023368856116067448,0.7461786567952357,0.525783474233418,0.13860909868071233,0.014551473632132111,-0.6428954501214607,0.7409784055461199,0.2919921875,1.0,1.0000000000000002,0.3261190527518276
tianyan-287__qaoa_0220,qaoa,1182,288,704,0.8222772494376389,0.5830443710526405,0.037416990890378816,0.002573582478100957,0.8131312730774958,0.5708602144780359,0.10220359005099364,0.008060432041635986,-0.7200736593866452,0.78486025854726,0.3115234375,1.0,1.0,0.3153452359997282
tianyan-287__qaoa_0221,qaoa,1182,288,704,0.9015873350396758,0.6809805402654454,0.030911241669641504,0.0015815297777566073,0.8558846365057227,0.6096702099481602,0.15062695521332065,0.016160110652309954,-0.7509603798263551,0.8706760933700343,0.2958984375,1.0,1.0,0.3150813328357487
tianyan-287__qaoa_0222,qaoa,1182,288,704,0.8331125319695021,0.64228421662528,0.03965175982880209,0.0031941654874599844,0.8179567868572211,0.6107936236645024,0.10518207605357682,0.009089239353633316,-0.7279304559159252,0.7934607721407,0.2900390625,1.0,0.9999999999999999,0.31585704903730516
tianyan-287__qaoa_0223,qaoa,1182,288,704,0.8184080148640882,0.6027520728772013,0.02875586506988837,0.0017264850139928544,0.79488342899562,0.5718551437774565,0.11156584101576979,0.009092964523483474,-0.7068421738483184,0.7896521497941998,0.298828125,1.0,0.9999999999999999,0.3154974726295959
tianyan-287__qaoa_0224,qaoa,1182,288,704,0.8103625048535117,0.5924589097837573,0.02736044334623821,0.0015648578369336997,0.7857505865216105,0.5601606876700976,0.12181748719457981,0.011329893973393923,-0.6885450176589318,0.7830020615072735,0.3173828125,1.0,0.9999999999999999,0.315480452460132
tianyan-287__qaoa_0225,qaoa,432,108,237,0.853515625,0.6278287374544661,0.01726425358434324,0.0007786200346639121,0.7364224322885493,0.4889791123811212,0.26233907195417544,0.05307332976933031,-0.5911765530458246,0.8362513714156568,0.3447265625,1.0,1.0,0.3849926284753505
tianyan-287__qaoa_0226,qaoa,432,108,237,0.8525390625,0.6245477479462512,0.037170855729880284,0.0008898234317605133,0.7364224328243258,0.4889791131778548,0.2372843223559604,0.04199240305235187,-0.6152547401440396,0.8153682067701197,0.3193359375,1.0,1.0,0.3849926284116687
tianyan-287__qaoa_0227,qaoa,432,108,237,0.892578125,0.6898500311275848,0.02306500181140788,0.00042338661923575424,0.7364224326982735,0.4889791129904067,0.27482926953926484,0.059461657807339974,-0.6177488554607351,0.8695131231885921,0.3310546875,1.0,1.0,0.38499262842665105
tianyan-287__qaoa_0228,qaoa,432,108,237,0.869140625,0.6444193724458233,0.01939254959976249,0.0004487440272374447,0.7364224318815304,0.48897911177585796,0.2522273574926014,0.043039136117646856,-0.6169132675073986,0.8497480754002376,0.3251953125,1.0,1.0,0.3849926285237282
tianyan-287__qaoa_0229,qaoa,432,108,237,0.8388671874999999,0.6110003775174531,0.04541223858610185,0.001408439729365205,0.7364224333919249,0.4889791140219102,0.24918858794820514,0.0463441659874916,-0.5896785995517948,0.793454948913898,0.31640625,1.0,0.9999999999999999,0.3849926283442044
tianyan-287__qaoa_0230,qaoa,807,198,458,0.8964880946194502,0.6857854358614219,0.035464652403972736,0.0027301473865734022,0.8326361626679102,0.5862191661836695,0.17843169473465015,0.026138528571166657,-0.7180563998848001,0.8610234422154774,0.310546875,1.0,1.0,0.3267917932425942
tianyan-287__qaoa_0231,qaoa,807,198,458,0.8862857847173952,0.6767244077193195,0.035047005773374044,0.001381728897606748,0.8013284095148681,0.5542286176579176,0.22977645882755768,0.03799633084011229,-0.6565093258898375,0.8512387789440211,0.2939453125,1.0,0.9999999999999998,0.326715441715401
tianyan-287__qaoa_0232,qaoa,807,198,458,0.8576071393889334,0.6564717819417409,0.03419130620186595,0.0012971431923534567,0.7902956290596015,0.5472495266757852,0.24677168690404688,0.04416998181985561,-0.6108354524848865,0.8234158331870675,0.3046875,1.0,0.9999999999999999,0.3267564358823836
tianyan-287__qaoa_0233,qaoa,807,198,458,0.8655311724478826,0.6551036133290016,0.030597688605885322,0.0016400211579452816,0.8016893148551416,0.554520912638354,0.21843617642862534,0.03808006674557456,-0.6470949960192572,0.8349334838419973,0.3115234375,1.0,0.9999999999999999,0.3267150307146156
tianyan-287__qaoa_0234,qaoa,807,198,458,0.869945526164581,0.6541100855158054,0.02716680098327161,0.0010892123479859955,0.802523428665777,0.5554782295304228,0.2121573980626679,0.032159690131022475,-0.6577881281019131,0.8427787251813094,0.3232421875,1.0,1.0,0.3267134550454057
tianyan-287__qaoa_0235,qaoa,1182,288,704,0.8116470980525258,0.615803774349635,0.03501676778569519,0.0022445861021950135,0.803262376467102,0.5917681177113416,0.12401591164227765,0.011976994702359418,-0.6876311864102481,0.7766303302668306,0.3173828125,1.0,1.0,0.3156800932650565
tianyan-287__qaoa_0236,qaoa,1182,288,704,0.7670863645227133,0.545642075248862,0.04381739801466986,0.002653061108363804,0.7558879990666811,0.5193777511048727,0.1270464042662628,0.013472721359543466,-0.6400399602564505,0.7232689665080434,0.3291015625,1.0,1.0000000000000002,0.31552452596425684
tianyan-287__qaoa_0237,qaoa,1182,288,704,0.8057309087813266,0.5777576904949335,0.03133664920036604,0.002424018355838149,0.7974315235073595,0.5680255371024204,0.1314304410971392,0.013665469991133002,-0.6743004676841874,0.7743942595809605,0.3251953125,1.0,1.0,0.31595969175620225
tianyan-287__qaoa_0238,qaoa,1182,288,704,0.7987159445700959,0.6088299002545088,0.03587357515819542,0.002022145669625169,0.7774339807490205,0.560671183798999,0.15846159848806685,0.02043165609540168,-0.640254346082029,0.7628423694119004,0.2841796875,1.0,1.0000000000000002,0.31546445643006804
tianyan-287__qaoa_0239,qaoa,1182,288,704,0.74215980997017,0.5132252176824945,0.04781698045750207,0.0026817192313696473,0.7381991095959579,0.5145735780430306,0.10735853404010795,0.011499634792767919,-0.634801275930062,0.6943428295126679,0.3193359375,1.0,1.0,0.31542163089814523
tianyan-287__qaoa_0240,qaoa,432,108,237,0.8720703125,0.6549909112404382,0.03155970293772981,0.000815089966293469,0.7316252783334958,0.48297563644037095,0.2466055905873925,0.051570698712252366,-0.6254647219126075,0.8405106095622702,0.3134765625,1.0,1.0,0.38553936941019185
tianyan-287__qaoa_0241,qaoa,432,108,237,0.8671875,0.6410971985238262,0.029370265865844753,0.0005139546513501448,0.7316252776954004,0.48297563578649316,0.26996955286788116,0.05300327819219401,-0.5972179471321188,0.8378172341341552,0.33984375,1.0,0.9999999999999999,0.38553936947935274
tianyan-287__qaoa_0242,qaoa,432,108,237,0.8798828125,0.6626130200529285,0.026747303132329033,0.0006478469908616797,0.7316252774943479,0.48297563558046785,0.2578823461962092,0.05112295430006137,-0.6220004663037908,0.853135509367671,0.3232421875,1.0,1.0,0.3855393695011441
tianyan-287__qaoa_0243,qaoa,432,108,237,0.8603515625,0.639059581839361,0.030494184951703363,0.0006400564639584587,0.7316252779097588,0.48297563600615334,0.27898351625639967,0.055047373606582725,-0.5813680462436004,0.8298573775482967,0.31640625,1.0,1.0,0.3855393694561191
tianyan-287__qaoa_0244,qaoa,432,108,237,0.8603515625,0.6351171929801225,0.03272044753307421,0.0008396235484934671,0.7316252782095768,0.48297563631338725,0.27450028006622174,0.04814961194648838,-0.5858512824337783,0.8276311149669258,0.3134765625,1.0,1.0,0.38553936942362294
tianyan-287__qaoa_0245,qaoa,807,198,458,0.8769945171961879,0.6519661156991623,0.03986300757949682,0.0034000734988897073,0.8335289247186397,0.5903132663929375,0.16731175577003848,0.020012454169849044,-0.7096827614261494,0.8371315096166911,0.306640625,1.0,1.0,0.3268108285783359
tianyan-287__qaoa_0246,qaoa,807,198,458,0.8754257301116892,0.6586211449282319,0.04041643439720475,0.0013933669513578404,0.8031778704497305,0.5569569578772308,0.1926374971864959,0.029667214461799492,-0.6827882329251933,0.8350092957144845,0.296875,1.0,1.0,0.32674988129060456
tianyan-287__qaoa_0247,qaoa,807,198,458,0.8909731928148921,0.6883493443246704,0.029181909125746336,0.0013921845322863754,0.8030582591468859,0.5568738331788398,0.21344667984409565,0.033947126267605224,-0.6775265129707964,0.8617912836891457,0.29296875,1.0,1.0000000000000002,0.32675105571431834
tianyan-287__qaoa_0248,qaoa,807,198,458,0.8896210413499269,0.6967350223964295,0.04293377937606259,0.002242468425116467,0.8015833703324975,0.5558240301023456,0.21702510847759485,0.0380329930363167,-0.6725959328723321,0.8466872619738643,0.294921875,1.0,0.9999999999999999,0.3267604574178633
tianyan-287__qaoa_0249,qaoa,807,198,458,0.8788514376839641,0.6702815058098189,0.04650124199613079,0.0028807937181000005,0.8046573277809718,0.5582411114318452,0.21272319916059357,0.03401480748029044,-0.6661282385233706,0.8323501956878333,0.2763671875,1.0,1.0,0.3267458497438404
tianyan-287__qaoa_0250,qaoa,1182,288,704,0.7976706339238013,0.6010918991510215,0.03401359410021837,0.0029884272779128864,0.7958813715098301,0.5848280807693049,0.12520149364875655,0.011614385479457992,-0.6724691402750448,0.7636570398235829,0.33203125,1.0,1.0,0.31567675358860087
tianyan-287__qaoa_0251,qaoa,1182,288,704,0.7707306070565303,0.5380156290207669,0.05169073793678243,0.0023508349009181174,0.7396859823254918,0.5044513032649529,0.1349990498280812,0.013375374744268354,-0.6357315572284491,0.7190398691197478,0.3056640625,1.0,0.9999999999999999,0.3155800366637707
tianyan-287__qaoa_0252,qaoa,1182,288,704,0.8155665298144583,0.5993462506013995,0.0317793963275251,0.001862000183041757,0.8039726691628197,0.5771043198428617,0.10638985204053268,0.008121762320358099,-0.7091766777739257,0.7837871334869332,0.314453125,1.0,1.0,0.3159635216540887
tianyan-287__qaoa_0253,qaoa,1182,288,704,0.7866149092017533,0.5526261080844517,0.06263410832110936,0.003851567830368604,0.7780300418299907,0.5487046508609177,0.11770209530268146,0.010623476223796717,-0.6689128138990718,0.7239808008806439,0.33203125,1.0,0.9999999999999998,0.3156003409837309
tianyan-287__qaoa_0254,qaoa,1182,288,704,0.7647896436563142,0.5702245617009858,0.03472746420748179,0.0014199410866047133,0.7387722972873783,0.5227865723660152,0.11974349095445942,0.011192616011771381,-0.6450461527018547,0.7300621794488324,0.306640625,1.0,1.0,0.3154789355028005
tianyan-287__qaoa_0255,qaoa,432,108,237,0.853515625,0.6355171847139363,0.02474530843423427,0.000541987842723134,0.7242002364937145,0.47816172911076876,0.27286816151352855,0.05456875167549784,-0.5806474634864714,0.8287703165657657,0.3037109375,1.0,1.0,0.38626392105747503
tianyan-287__qaoa_0256,qaoa,432,108,237,0.861328125,0.6382459270438663,0.02238246462481102,0.00035889095397282646,0.7242002363675213,0.4781617290829474,0.2641802493115016,0.050938300023184,-0.5971478756884985,0.838945660375189,0.3017578125,1.0,1.0,0.38626392106830093
tianyan-287__qaoa_0257,qaoa,432,108,237,0.8447265625,0.624874331902926,0.042616095549274174,0.0015063158273439408,0.7242002368050262,0.47816172917940236,0.28265232418273484,0.05668867023154793,-0.5620742383172652,0.8021104669507259,0.345703125,1.0,0.9999999999999999,0.3862639210307687
tianyan-287__qaoa_0258,qaoa,432,108,237,0.84375,0.6225106996514269,0.03722367521082095,0.0009364931298718258,0.7242002366260659,0.47816172913994764,0.28971255533958334,0.05887421925040007,-0.5540374446604166,0.8065263247891791,0.3271484375,1.0,1.0,0.3862639210461213
tianyan-287__qaoa_0259,qaoa,432,108,237,0.8642578125,0.6485915027504291,0.021158396671209164,0.0004889644299091272,0.7242002363873217,0.47816172908731264,0.2942213312649009,0.06242825503201649,-0.5700364812350991,0.8430994158287909,0.3037109375,1.0,0.9999999999999999,0.3862639210666022
tianyan-287__qaoa_0260,qaoa,807,198,458,0.8684145824563401,0.6488860947673698,0.03332010100633616,0.001428497679899844,0.8082253172519769,0.5658413258979231,0.18779663209902253,0.025269201016896344,-0.6806179503573175,0.8350944814500039,0.3115234375,1.0,1.0000000000000002,0.3267830144932473
tianyan-287__qaoa_0261,qaoa,807,198,458,0.8694450849721684,0.6617461174448954,0.016290012204410412,0.002485537529838554,0.8221321730928679,0.5783125095731025,0.19241223273724045,0.029792485942097883,-0.677032852234928,0.853155072767758,0.3154296875,1.0,1.0,0.32674151051731554
tianyan-287__qaoa_0262,qaoa,807,198,458,0.8740597987631274,0.657633521539807,0.01316342298083226,0.0002811646103525186,0.8074300668233942,0.5655360433648652,0.19316396224227228,0.029881046445287177,-0.6808958365208552,0.8608963757822952,0.3017578125,1.0,0.9999999999999999,0.32678812301777455
tianyan-287__qaoa_0263,qaoa,807,198,458,0.7215108384422879,0.5218962189638723,0.04849748911047862,0.0025671193352596925,0.731676127856528,0.5081867118726645,0.12393923016746572,0.013239845529594648,-0.5975716082748221,0.6730133493318093,0.337890625,1.0,1.0,0.32623813065822665
tianyan-287__qaoa_0264,qaoa,807,198,458,0.8947253248881468,0.688718642957535,0.03439689016610569,0.0020254324712661444,0.8245757146147182,0.583013109588486,0.21226952926184772,0.033091199623318135,-0.6824557956262991,0.8603284347220411,0.3154296875,1.0,1.0000000000000002,0.32673967140626753
tianyan-287__qaoa_0265,qaoa,1182,288,704,0.8009595238344828,0.6070622805718342,0.04179157500426039,0.0026434078737616676,0.7862709076964245,0.5839761466599966,0.12339244709996901,0.011030519160594665,-0.6775670767345138,0.7591679488302224,0.3310546875,1.0,1.0,0.31570830200535926
tianyan-287__qaoa_0266,qaoa,1182,288,704,0.8582378909761499,0.628269777080898,0.021631503054554798,0.002305495865590434,0.8293562139279642,0.589257980257645,0.15163332946912317,0.016109343869802607,-0.7066045615070267,0.8366063879215951,0.32421875,1.0,1.0,0.31516533512665496
tianyan-287__qaoa_0267,qaoa,1182,288,704,0.8382469520131712,0.6684921419363266,0.03647400431771492,0.0032737532276986185,0.8206123954271551,0.6227076687344435,0.11839043278389993,0.012294898570401678,-0.7198565192292713,0.8017729476954563,0.2978515625,1.0,1.0,0.3158219486149876
tianyan-287__qaoa_0268,qaoa,1182,288,704,0.8306866023041631,0.6105870330437383,0.03799192994493821,0.002104210863545961,0.8018827069670791,0.5727181384376321,0.10995107624878639,0.009135935687147184,-0.7207355260553767,0.792694672359225,0.2978515625,1.0,0.9999999999999998,0.3155715817505032
tianyan-287__qaoa_0269,qaoa,1182,288,704,0.7838611467199674,0.5650529311841623,0.03398583992632739,0.0012687757913734357,0.8000433470922816,0.5785959255632606,0.10972299968069003,0.009002258090028184,-0.6741381470392774,0.74987530679364,0.3310546875,1.0,1.0000000000000002,0.3150640119724954
tianyan-287__qaoa_0270,qaoa,432,108,237,0.95703125,0.7927109491499835,1.575325360882444e-17,1.575325360882444e-17,0.8300565299750947,0.5877579942605536,0.35719872363112776,0.0877182230697586,-0.5998325263688722,0.95703125,0.341796875,1.0,1.0,0.3872418736821733
tianyan-287__qaoa_0271,qaoa,432,108,237,0.9179687499999996,0.7135890147878943,4.538182671579138e-16,2.317736622328825e-16,0.8264478380481142,0.5834040743995534,0.32151596519266057,0.0675592382791698,-0.596452784807339,0.9179687499999991,0.3349609375,1.0,1.0,0.382721307828356
tianyan-287__qaoa_0272,qaoa,432,108,237,0.9482421875,0.7724965638813743,5.403265281404892e-17,5.403265281404891e-17,0.8264478380481143,0.5834040764323727,0.3798098357059238,0.09503722953466712,-0.5684323517940761,0.9482421875,0.3359375,1.0,1.0,0.3827213078283561
tianyan-287__qaoa_0273,qaoa,432,108,237,0.9365234375,0.7480544442141807,1.9017734814495858e-17,1.901773481449586e-17,0.8264478380481144,0.5834040772042908,0.37300518879559924,0.08868408024015732,-0.5635182487044008,0.9365234375,0.3330078125,1.0,1.0,0.3827213078283561
tianyan-287__qaoa_0274,qaoa,432,108,237,0.9384765625,0.7519608130997393,2.895108702241345e-17,2.895108702241345e-17,0.8264478380481146,0.58340407694102,0.3868224377081149,0.09655639545813854,-0.5516541247918851,0.9384765625,0.30859375,1.0,1.0,0.382721307828356
tianyan-287__qaoa_0275,qaoa,807,198,458,0.9814444009048222,0.8636207601563779,9.115951778032355e-07,4.5579769278486807e-07,0.9409395614778043,0.7568017588491638,0.24005525581941278,0.04350746002392322,-0.7413891450854094,0.9814434893096444,0.298828125,1.0,1.0,0.32321685331278227
tianyan-287__qaoa_0276,qaoa,807,198,458,0.8738502789747099,0.6699264401627548,0.02942663110274196,0.0014774057529421002,0.8340928110089798,0.5933004255315009,0.18106676629663448,0.021575384739510053,-0.6927835126780755,0.844423647871968,0.30078125,1.0,0.9999999999999999,0.32600294031422816
tianyan-287__qaoa_0277,qaoa,807,198,458,0.9902314078324128,0.9009627707520149,2.967167587210263e-06,1.4835848941289634e-06,0.9409375873135175,0.7566361629840654,0.2536678679106917,0.05206549080961313,-0.7365635399217212,0.9902284406648256,0.283203125,1.0,1.0,0.3232168653332752
tianyan-287__qaoa_0278,qaoa,807,198,458,0.9833982451551146,0.8710631967472693,1.9234488547486014e-07,9.617244736768433e-08,0.9409402517695422,0.7568905496631201,0.23274252104589516,0.04661358953559436,-0.7506557241092195,0.9833980528102292,0.3271484375,1.0,1.0,0.32321685053241656
tianyan-287__qaoa_0279,qaoa,807,198,458,0.9824218724639948,0.8674090136384989,2.536005302063011e-09,1.2680026555414097e-09,0.940940434558553,0.7569681942215133,0.23841916044393185,0.04358180381355521,-0.744002712020063,0.9824218699279895,0.3017578125,1.0,1.0,0.32321684959709157
tianyan-287__qaoa_0280,qaoa,1182,288,704,0.7615771146594729,0.5563532340804077,0.049934502862989665,0.003374203422078201,0.7435493979072874,0.5291317489802552,0.11629035371958804,0.011706971974520893,-0.6452867609398848,0.7116426117964832,0.3095703125,1.0,0.9999999999999998,0.31569902884204926
tianyan-287__qaoa_0281,qaoa,1182,288,704,0.8471128965294528,0.6095367638815811,0.026507109220812255,0.0025588264142926095,0.8392346171955187,0.5883221584008467,0.13374853367530415,0.013268807324568518,-0.7133643628541486,0.8206057873086405,0.3134765625,1.0,1.0,0.31568480279027245
tianyan-287__qaoa_0282,qaoa,1182,288,704,0.7939581464965766,0.5697269562472331,0.04206859359253699,0.0037708495379233835,0.7634564046959351,0.53276949022194,0.12332273540078947,0.013062886480663921,-0.6706354110957871,0.7518895529040396,0.3125,1.0,0.9999999999999999,0.3155907127301619
tianyan-287__qaoa_0283,qaoa,1182,288,704,0.9812561595958267,0.8627388709804913,0.0011657154041733427,0.000583027662714429,0.9682044940314427,0.8185352936195596,0.14781598618822972,0.01765698810929948,-0.8334401734075969,0.9800904441916534,0.294921875,1.0,1.0,0.3146099979585936
tianyan-287__qaoa_0284,qaoa,1182,288,704,0.9876355608094789,0.8871448196518972,0.0006456891905211913,0.00032289672640854674,0.9687077436568522,0.8202851487367233,0.14468907939454262,0.017690417195579428,-0.8429464814149363,0.9869898716189577,0.291015625,1.0,0.9999999999999998,0.31460894940299383
tianyan-287__qaoa_0285,qaoa,432,108,237,0.951171875,0.7790291307137991,2.0011276107146625e-19,2.0011276107146625e-19,0.8300565299750949,0.5877579956285671,0.35169447901687545,0.08346830030181404,-0.5994773959831246,0.951171875,0.330078125,1.0,1.0,0.38724187368217317
tianyan-287__qaoa_0286,qaoa,432,108,237,0.9394531249999996,0.7539372497496882,4.53818268076341e-16,2.3177366315130964e-16,0.826447838048114,0.583404074399553,0.38033540716300906,0.09319815048732029,-0.5591177178369905,0.9394531249999991,0.3330078125,1.0,1.0,0.38272130782835606
tianyan-287__qaoa_0287,qaoa,432,108,237,0.9541015625,0.7857607935044005,7.151681106649912e-19,7.151681106649912e-19,0.8264478380481148,0.5834040781118863,0.3632873663547143,0.08990419161477646,-0.5908141961452857,0.9541015625,0.33203125,1.0,1.0,0.38272130782835595
tianyan-287__qaoa_0288,qaoa,432,108,237,0.9267578125,0.7293670602050142,1.9017735083202103e-17,1.9017735083202106e-17,0.8264478380481145,0.5834040772042908,0.3563643508753887,0.08019651203295974,-0.5703934616246114,0.9267578125,0.3251953125,1.0,1.0,0.38272130782835606
tianyan-287__qaoa_0289,qaoa,432,108,237,0.9189453125,0.7152989492145356,2.8951086377155943e-17,2.8951086377155943e-17,0.8264478380481143,0.5834040769410199,0.3325409692400241,0.07390965002670577,-0.5864043432599759,0.9189453125,0.326171875,1.0,1.0,0.382721307828356
tianyan-287__qaoa_0290,qaoa,807,198,458,0.9765622054713803,0.846811941009048,2.945286197361841e-07,1.4726432072189882e-07,0.9409401539744225,0.756869862802318,0.24330376839533477,0.04274423906286324,-0.7332584370760455,0.9765619109427606,0.3330078125,1.0,1.0,0.3232168511821926
tianyan-287__qaoa_0291,qaoa,807,198,458,0.8800046219488257,0.6713733184837942,0.04351665791798204,0.003339802600423823,0.8354866069594116,0.5970866390637692,0.17008925700971647,0.02292758399166734,-0.7099153649391092,0.8364879640308436,0.3017578125,1.0,1.0,0.32596966605922123
tianyan-287__qaoa_0292,qaoa,807,198,458,0.9814423457281833,0.8634629918631684,2.9667718166728258e-06,1.4833870085616971e-06,0.9409375877136925,0.7566360935413907,0.22234996200624635,0.03855044985839883,-0.759092383721937,0.9814393789563667,0.2880859375,1.0,1.0,0.3232168653392474
tianyan-287__qaoa_0293,qaoa,807,198,458,0.9814451211100441,0.8637129288115364,1.9138995594340562e-07,9.569498252484117e-08,0.9409402527011661,0.7568907677902398,0.20419296195293127,0.03301598605327177,-0.7772521591571129,0.9814449297200881,0.3115234375,1.0,1.0,0.3232168505315925
tianyan-287__qaoa_0294,qaoa,807,198,458,0.9775390599791847,0.8501201614604696,2.520815331849615e-09,1.2604076655187215e-09,0.9409404345733725,0.7569682244865776,0.18848365248042223,0.02628815630354954,-0.7890554074987625,0.9775390574583693,0.310546875,1.0,1.0,0.3232168495970787
tianyan-287__qaoa_0295,qaoa,1182,288,704,0.7899502820876817,0.5694630787918482,0.04576250321542012,0.001966408252390809,0.7581141199432997,0.5332920344705454,0.09812205335268559,0.00856998773428567,-0.6918282287349962,0.7441877788722616,0.3037109375,1.0,1.0,0.3156876928158065
tianyan-287__qaoa_0296,qaoa,1182,288,704,0.8326338248063155,0.5935975989457102,0.04442132840249275,0.0037831741428418658,0.8405281742876651,0.5910589094516412,0.10947002415337362,0.008962848691631017,-0.723163800652942,0.7882124964038227,0.31640625,1.0,0.9999999999999999,0.3156894391629242
tianyan-287__qaoa_0297,qaoa,1182,288,704,0.783004151592422,0.5660055345181457,0.04415558834140215,0.002840017183886509,0.7684104202415526,0.5377040036195734,0.11671865696366276,0.01232717190700474,-0.6662854946287592,0.7388485632510198,0.2861328125,1.0,1.0000000000000004,0.31559969419795164
tianyan-287__qaoa_0298,qaoa,1182,288,704,0.9827033490065337,0.866475725473587,0.000695088493466356,0.00034760466123344463,0.9686603463201041,0.8199148567189599,0.14773099528790753,0.01694639741471686,-0.8349723537186261,0.9820082605130673,0.298828125,1.0,1.0,0.31460962485472344
tianyan-287__qaoa_0299,qaoa,1182,288,704,0.9727108277826795,0.8367851805278026,0.0015095842246225133,0.000305209897946366,0.9655573180122519,0.8125869707700206,0.16596889048607097,0.020991058098800593,-0.8067419372966085,0.9712012435580569,0.3095703125,1.0,0.9999999999999997,0.3146127519271575
tianyan-287__qaoa_0300,qaoa,432,108,237,0.9599609375,0.7999023673878447,2.0011283276710216e-19,2.0011283276710216e-19,0.8300565299750952,0.5877579956285672,0.3743937114120876,0.09453040863856926,-0.5855672260879123,0.9599609375,0.3544921875,1.0,1.0,0.3872418736821731
tianyan-287__qaoa_0301,qaoa,432,108,237,0.9306640625,0.7366828190720855,3.8211601891342165e-18,3.821160189134216e-18,0.8264478380481144,0.5834040778255294,0.37556959085617825,0.08963494823269574,-0.5550944716438218,0.9306640625,0.337890625,1.0,1.0,0.382721307828356
tianyan-287__qaoa_0302,qaoa,432,108,237,0.947265625,0.7703603366140761,2.372970058067521e-30,2.372970058067521e-30,0.8264478380481146,0.5834040783302287,0.3773470200432989,0.0922514342570987,-0.5699186049567011,0.947265625,0.345703125,1.0,1.0,0.382721307828356
tianyan-287__qaoa_0303,qaoa,432,108,237,0.931640625,0.7385437405404933,1.9017735171580298e-17,1.9017735171580304e-17,0.8264478380481144,0.5834040772042908,0.3403378311354456,0.07748361210183556,-0.5913027938645544,0.931640625,0.3125,1.0,1.0,0.3827213078283561
tianyan-287__qaoa_0304,qaoa,432,108,237,0.9462890625,0.7682437957953724,2.895108622836631e-17,2.895108622836631e-17,0.8264478380481142,0.58340407694102,0.4054429400673121,0.1040776063156694,-0.5408461224326879,0.9462890625,0.326171875,1.0,1.0,0.3827213078283561
tianyan-287__qaoa_0305,qaoa,807,198,458,0.979491337201607,0.8566437343695439,8.5029839310715e-07,4.251492869130012e-07,0.9409396201467791,0.7568125847150556,0.2310659499234401,0.03908666441368122,-0.7484253872781669,0.9794904869032138,0.3154296875,1.0,1.0,0.3232168522126729
tianyan-287__qaoa_0306,qaoa,807,198,458,0.7948153639081827,0.5980067663204677,0.04781896367075302,0.002644954397370609,0.7643584535493084,0.5382756619593844,0.16448768003795777,0.021616281318724742,-0.630327683870225,0.7469964002374297,0.3310546875,1.0,0.9999999999999997,0.3259038636725789
tianyan-287__qaoa_0307,qaoa,807,198,458,0.977517100396896,0.8492185842481509,2.196210310402255e-05,1.0981111844425311e-05,0.9409193022975655,0.7560642939200044,0.20819998227141545,0.03357167284126533,-0.7693171181254805,0.977495138293792,0.3388671875,1.0,1.0,0.32321693968227866
tianyan-287__qaoa_0308,qaoa,807,198,458,0.9804686519260412,0.8601960892995911,9.807395887742004e-08,4.9036980602730975e-08,0.9409403437815145,0.7569158212613307,0.237706678654185,0.04334570427121534,-0.7427619732718562,0.9804685538520823,0.3125,1.0,0.9999999999999999,0.32321684988938065
tianyan-287__qaoa_0309,qaoa,807,198,458,0.974609373528255,0.8406484742669831,1.4717450597298405e-09,7.358725304225201e-10,0.9409404355835405,0.7569705925137284,0.21396658034769372,0.03488430252591411,-0.7606427931805613,0.97460937205651,0.2998046875,1.0,1.0,0.3232168495959818
tianyan-287__qaoa_0310,qaoa,1182,288,704,0.7633860256810734,0.5334976501791997,0.060191910051606644,0.003401183681562784,0.7416607809750235,0.5168210414977554,0.09735859603173748,0.007563533516976054,-0.6660274296493359,0.7031941156294668,0.3212890625,1.0,1.0,0.3156344079046492
tianyan-287__qaoa_0311,qaoa,1182,288,704,0.8520176203344517,0.6219995666647267,0.038843911325094675,0.0031335591409623878,0.8529414112990099,0.6102663758635746,0.11439037658036474,0.01034269765417915,-0.737627243754087,0.813173709009357,0.3095703125,1.0,1.0000000000000002,0.3157483593147052
tianyan-287__qaoa_0312,qaoa,1182,288,704,0.7795570150486307,0.5829388727359013,0.03508809052048739,0.0017686227050047732,0.7709662808449255,0.5526327436128329,0.10970035331021852,0.009719788992243832,-0.6698566617384122,0.7444689245281433,0.3125,1.0,0.9999999999999998,0.31559972471999
tianyan-287__qaoa_0313,qaoa,1182,288,704,0.9562118231177381,0.8372766098610431,0.007415870972644545,0.0014907545187439189,0.9400430449463348,0.7810409249304259,0.13475168902752327,0.014743682047570714,-0.8214601340902148,0.9487959521450936,0.298828125,1.0,0.9999999999999999,0.3146498745028609
tianyan-287__qaoa_0314,qaoa,1182,288,704,0.9872679111239783,0.8862023834870841,3.6776376021721526e-05,1.838835707669457e-05,0.9693096067201492,0.8237738966841325,0.1654051711211706,0.020832444997177506,-0.8218627400028077,0.9872311347479565,0.2939453125,1.0,0.9999999999999999,0.3146087142964649
tianyan-287__qaoa_0315,qaoa,432,108,237,0.9521484375,0.7812499998275795,2.0011261375297135e-19,2.0011261375297133e-19,0.8300565299750949,0.5877579956285672,0.36805489743529485,0.09673292285018717,-0.5840935400647052,0.9521484375,0.345703125,1.0,1.0,0.38724187368217305
tianyan-287__qaoa_0316,qaoa,432,108,237,0.943359375,0.7620070899139925,3.8211605210215386e-18,3.8211605210215386e-18,0.8264478380481145,0.5834040778255295,0.3946389303379769,0.09873675571286004,-0.5487204446620231,0.943359375,0.3037109375,1.0,1.0,0.3827213078283561
tianyan-287__qaoa_0317,qaoa,432,108,237,0.9384765625,0.7519608143412141,7.15167884995257e-19,7.15167884995257e-19,0.8264478380481145,0.583404078111886,0.361762420574256,0.08440066761887824,-0.576714141925744,0.9384765625,0.31640625,1.0,1.0,0.38272130782835606
tianyan-287__qaoa_0318,qaoa,432,108,237,0.943359375,0.7620070892769144,1.9017735179441605e-17,1.9017735179441605e-17,0.8264478380481146,0.583404077204291,0.3872402307652041,0.09618941277296636,-0.5561191442347959,0.943359375,0.287109375,1.0,1.0,0.3827213078283559
tianyan-287__qaoa_0319,qaoa,432,108,237,0.9404296875,0.755929696102992,2.89510866596043e-17,2.89510866596043e-17,0.8264478380481145,0.5834040769410199,0.36343472084323447,0.08586138211892151,-0.5769949666567655,0.9404296875,0.3203125,1.0,1.0,0.38272130782835606
tianyan-287__qaoa_0320,qaoa,807,198,458,0.9833980286129875,0.8710596545979689,4.088870124401086e-07,2.044435271033009e-07,0.9409400439639188,0.7568504053618788,0.24213473530246601,0.04245736024245299,-0.7412632933105215,0.9833976197259751,0.287109375,1.0,0.9999999999999999,0.323216850248173
tianyan-287__qaoa_0321,qaoa,807,198,458,0.9824212797243566,0.8672865273035106,5.952756435088403e-07,2.976378660251601e-07,0.9409398662558189,0.7568266151639899,0.19553481062248934,0.029770580689958227,-0.7868864691018672,0.982420684448713,0.2724609375,1.0,0.9999999999999999,0.32321685075811285
tianyan-287__qaoa_0322,qaoa,807,198,458,0.9765623205657311,0.8468349067821321,1.794342690247505e-07,8.971713854998772e-08,0.940940265402195,0.7568942809472208,0.20771858655820208,0.03130787357866354,-0.768843734007529,0.9765621411314621,0.291015625,1.0,1.0,0.32321685066890654
tianyan-287__qaoa_0323,qaoa,807,198,458,0.9765622693931261,0.8468288874603358,2.3060687388181298e-07,1.153034435642798e-07,0.9409402142147706,0.7568825392362504,0.21306367685322292,0.03258715517291919,-0.7634985925399032,0.9765620387862521,0.3017578125,1.0,0.9999999999999999,0.32321685027672314
tianyan-287__qaoa_0324,qaoa,807,198,458,0.9843749974314292,0.8749912540793019,2.56857084708601e-09,1.28428544766143e-09,0.9409404345269357,0.7569681365107238,0.21552717452501013,0.035922775762095314,-0.7688478229064191,0.9843749948628584,0.287109375,1.0,1.0,0.32321684959713315
tianyan-287__qaoa_0325,qaoa,1182,288,704,0.800698820888331,0.5923123208789598,0.03303752042388094,0.0016655954713397521,0.7911499643012609,0.5718408585778834,0.12411728084661311,0.011927520665874922,-0.6765815400417179,0.76766130046445,0.30078125,1.0,0.9999999999999999,0.3157577127193864
tianyan-287__qaoa_0326,qaoa,1182,288,704,0.8158869985399244,0.5890730562891956,0.03670911933010108,0.0019357561689212865,0.800242709003322,0.5692314839006901,0.09426934695798857,0.007468663226160969,-0.7216176515819358,0.7791778792098233,0.328125,1.0,0.9999999999999999,0.3157211211688964
tianyan-287__qaoa_0327,qaoa,1182,288,704,0.875808343897944,0.7250024761010433,0.016206613307708246,0.0018657506970493276,0.8607720678757271,0.7002210841363592,0.10722541970904947,0.009877779178368823,-0.7685829241888946,0.8596017305902358,0.31640625,1.0,0.9999999999999998,0.31592821305061775
tianyan-287__qaoa_0328,qaoa,1182,288,704,0.9592839021749708,0.835943490460234,0.0049205534959058115,0.0008801024204836483,0.9422583938708864,0.78032462589787,0.17069904520949142,0.020805018755246305,-0.7885848569654794,0.954363348679065,0.3427734375,1.0,1.0,0.31466139773355
tianyan-287__qaoa_0329,qaoa,1182,288,704,0.982140124804015,0.8642704350334556,0.00028175019598493926,0.00014088502228720392,0.9690682275032381,0.8220029353414033,0.14347769134188582,0.015547306210124663,-0.8386624334621292,0.98185837460803,0.3193359375,1.0,1.0,0.31460904126070993
tianyan-287__qaoa_0330,qaoa,432,108,237,0.96484375,0.8124999983926344,1.575325379743637e-17,1.575325379743637e-17,0.8300565299750948,0.5877579942605538,0.39045606870479094,0.10483484306244498,-0.5743876812952091,0.96484375,0.33203125,1.0,1.0,0.38724187368217333
tianyan-287__qaoa_0331,qaoa,432,108,237,0.9296875,0.7348349565109535,3.821159985645247e-18,3.821159985645248e-18,0.8264478380481146,0.5834040778255297,0.36254778962088735,0.08061250366900938,-0.5671397103791127,0.9296875,0.3212890625,1.0,1.0,0.3827213078283559
tianyan-287__qaoa_0332,qaoa,432,108,237,0.9501953125,0.7768303611354439,2.860668135869828e-18,2.8606681358698277e-18,0.8264478380481145,0.5834040778935431,0.35432802482984715,0.08262336489533467,-0.5958672876701528,0.9501953125,0.296875,1.0,1.0,0.3827213078283561
tianyan-287__qaoa_0333,qaoa,432,108,237,0.9296875,0.7348349557036893,1.9017735095574954e-17,1.9017735095574954e-17,0.8264478380481143,0.5834040772042907,0.3850754478276068,0.0916707236660165,-0.5446120521723932,0.9296875,0.353515625,1.0,1.0,0.3827213078283561
tianyan-287__qaoa_0334,qaoa,432,108,237,0.943359375,0.7620070889228769,2.895108639620444e-17,2.895108639620444e-17,0.8264478380481145,0.58340407694102,0.36085617624462235,0.0860312732800788,-0.5825031987553777,0.943359375,0.3193359375,1.0,1.0,0.38272130782835606
tianyan-287__qaoa_0335,qaoa,807,198,458,0.9833980286412244,0.871051554453458,4.0885877559902496e-07,2.0442940868797944e-07,0.9409400439914064,0.75685040983535,0.23596276195792074,0.0440982902587702,-0.7474352666833036,0.9833976197824488,0.271484375,1.0,0.9999999999999999,0.3232168502481198
tianyan-287__qaoa_0336,qaoa,807,198,458,0.9804671510661247,0.8600257782415864,1.5989338753507125e-06,7.994672572736768e-07,0.9409388992807582,0.7567254310855749,0.2141896388981156,0.03673961091427799,-0.7662775121680091,0.9804655521322494,0.3017578125,1.0,1.0,0.32321685804733563
tianyan-287__qaoa_0337,qaoa,807,198,458,0.9794865376341697,0.8563249141946443,5.649865830305404e-06,2.8249369052932583e-06,0.9409349762204429,0.7565059074539524,0.22798989160603966,0.037848627017504174,-0.75149664602813,0.9794808877683394,0.3291015625,1.0,0.9999999999999999,0.3232168608885313
tianyan-287__qaoa_0338,qaoa,807,198,458,0.9785155227983696,0.853366319566871,1.0220163037010489e-07,5.110081648531032e-08,0.9409403400788567,0.7569160996341895,0.22940766815315272,0.041230095154098395,-0.7491078546452169,0.9785154205967392,0.3388671875,1.0,1.0,0.323216849912335
tianyan-287__qaoa_0339,qaoa,807,198,458,0.977539059923561,0.8501217676934054,2.576438885103715e-09,1.2882194659075872e-09,0.940940434519268,0.7569681218782149,0.20971193924352166,0.03497243998962038,-0.7678271206800393,0.9775390573471222,0.2919921875,1.0,1.0,0.32321684959715247
tianyan-287__qaoa_0340,qaoa,1182,288,704,0.7632623135555973,0.560496614956586,0.039810764159776905,0.001748682613540689,0.7529141883427353,0.5433919844554345,0.12240811305239682,0.010912922691918125,-0.6408542005032004,0.7234515493958203,0.3095703125,1.0,1.0,0.3155496819182192
tianyan-287__qaoa_0341,qaoa,1182,288,704,0.8197576743573524,0.5997469391106454,0.041801515746075116,0.00302169500230965,0.799413498075976,0.5693903388130999,0.09776538370619092,0.00777863045714954,-0.7219922906511614,0.7779561586112772,0.2978515625,1.0,1.0,0.31572132796911423
tianyan-287__qaoa_0342,qaoa,1182,288,704,0.9797928080431344,0.8537203267460449,0.0009129207810920977,0.000576964284222088,0.9680811139679173,0.8167786930918768,0.11506696025349447,0.01078391710822331,-0.8647258477896399,0.9788798872620423,0.3125,1.0,0.9999999999999999,0.31596485548227693
tianyan-287__qaoa_0343,qaoa,1182,288,704,0.9842220994402293,0.8730295943958514,0.0001529005597705979,7.645320243139162e-05,0.9691966685228343,0.8228388739588183,0.15903111868949382,0.018753689218438646,-0.8251909807507355,0.9840691988804587,0.287109375,1.0,0.9999999999999999,0.3146090752194616
tianyan-287__qaoa_0344,qaoa,1182,288,704,0.9881118428124961,0.889273065448659,0.00016940718750381757,8.470718140520808e-05,0.9691792462795168,0.8224693806602026,0.17204405457451782,0.021136295150563603,-0.8160677882379783,0.9879424356249923,0.3134765625,1.0,0.9999999999999999,0.3146088432861716
tianyan-287__qaoa_0345,qaoa,432,108,237,0.9482421874999999,0.7724965634989241,1.7326750224972832e-16,6.224519978721269e-17,0.8264478380481143,0.5834040762932425,0.38629414365399406,0.0944127491452831,-0.5619480438460058,0.9482421874999997,0.330078125,1.0,1.0,0.382721307828356
tianyan-287__qaoa_0346,qaoa,432,108,237,0.9384765624999993,0.7519608088682797,6.991643253286152e-16,3.660974179410684e-16,0.826447838048114,0.5834040733901548,0.37776182456642826,0.09104572727020305,-0.5607147379335711,0.9384765624999987,0.3388671875,1.0,1.0,0.3827213078283561
tianyan-287__qaoa_0347,qaoa,432,108,237,0.9462890624999999,0.7682437948025067,1.8227986681708247e-16,7.125756435456682e-17,0.8264478380481143,0.5834040761507602,0.3708591385430265,0.08880183055312588,-0.5754299239569733,0.9462890624999997,0.3251953125,1.0,1.0,0.38272130782835617
tianyan-287__qaoa_0348,qaoa,432,108,237,0.911132812499999,0.7018939946976424,1.0598634307954412e-15,5.047519184828633e-16,0.8264478380481136,0.5834040725296129,0.34645670106973603,0.07469400357947471,-0.564676111430263,0.9111328124999979,0.3330078125,1.0,1.0,0.38272130782835606
tianyan-287__qaoa_0349,qaoa,432,108,237,0.920898437499998,0.7187499927676476,1.9664277804287206e-15,9.6722705826608e-16,0.8264478380481128,0.5834040703005284,0.35427012751928655,0.08262806318386443,-0.5666283099807115,0.920898437499996,0.32421875,1.0,1.0,0.38272130782835606
tianyan-287__qaoa_0350,qaoa,807,198,458,0.8085826084965564,0.6101534747748681,0.04522933366014034,0.002104890214430392,0.775620748863403,0.5507025125670219,0.1565902289751191,0.020714027708698693,-0.6519923795214373,0.763353274836416,0.30078125,1.0,1.0,0.3260417794056466
tianyan-287__qaoa_0351,qaoa,807,198,458,0.8046197035511315,0.6135241524086851,0.03437594953598767,0.002074965856806454,0.7767166474998483,0.5551501872245372,0.13851894649386703,0.014308708502295462,-0.6661007570572646,0.7702437540151439,0.2978515625,1.0,0.9999999999999999,0.3260219821143547
tianyan-287__qaoa_0352,qaoa,807,198,458,0.8815696896005362,0.6933476460375866,0.020468342795461204,0.0018665866545272362,0.8226917890026,0.5912858195011521,0.20697473147675763,0.030491250984509555,-0.6745949581237786,0.861101346805075,0.310546875,1.0,1.0,0.3251117440202485
tianyan-287__qaoa_0353,qaoa,807,198,458,0.7972459313381699,0.5984005765931959,0.03339634646645759,0.0014379946897541103,0.7767624981760194,0.5536187040505133,0.13570385419620828,0.01593604883015954,-0.6615420771419616,0.7638495848717123,0.2998046875,1.0,0.9999999999999999,0.32605134528536067
tianyan-287__qaoa_0354,qaoa,807,198,458,0.9726562485302925,0.834632900019669,1.469707400349999e-09,7.348537227116282e-10,0.9409404356510465,0.7569706019389075,0.21713565355650843,0.03539253144400388,-0.7555205949737841,0.9726562470605852,0.3388671875,1.0,1.0,0.3232168496131865
tianyan-287__qaoa_0355,qaoa,1182,288,704,0.8896706361583768,0.7318574856095248,0.017528205800261824,0.0007976839984195688,0.8559606190092095,0.6787856755012096,0.11178854001527466,0.010392621181512851,-0.7778820961431021,0.872142430358115,0.298828125,1.0,1.0,0.31591399322601443
tianyan-287__qaoa_0356,qaoa,1182,288,704,0.7334291742498588,0.5163738388145845,0.037715335813740605,0.0012088680129239077,0.722238748574878,0.5048216092746008,0.10182913582674268,0.008320165205016794,-0.6316000384231161,0.6957138384361181,0.31640625,1.0,1.0000000000000002,0.3157082256762146
tianyan-287__qaoa_0357,qaoa,1182,288,704,0.8285719113975282,0.6089937534149599,0.03009201141009212,0.0024880626722603005,0.80089858404064,0.5766997437945638,0.13499624589672993,0.014691222665592477,-0.6935756655007983,0.7984798999874361,0.279296875,1.0,0.9999999999999999,0.3158707700970918
tianyan-287__qaoa_0358,qaoa,1182,288,704,0.8186630989257581,0.5995886801071401,0.06090246221350688,0.0036018247509981742,0.7935236179760512,0.5758076261456819,0.1066873147215865,0.009416214597426323,-0.7119757842041715,0.7577606367122511,0.294921875,1.0,1.0000000000000002,0.3156180853534308
tianyan-287__qaoa_0359,qaoa,1182,288,704,0.849778890639203,0.6551615468493195,0.032626315050864135,0.003790197758934513,0.8232001784918777,0.6132907939424774,0.13058226646474977,0.014396575731600643,-0.7191966241744532,0.8171525755883389,0.3173828125,1.0,0.9999999999999998,0.31494870136444136
tianyan-287__qaoa_0360,qaoa,432,108,237,0.955078125,0.7880521858951264,3.884807216702955e-17,3.8848072167029553e-17,0.8300565299750948,0.58775799338118,0.3585190100438314,0.08875577921292924,-0.5965591149561686,0.955078125,0.326171875,1.0,1.0,0.38724187368217344
tianyan-287__qaoa_0361,qaoa,432,108,237,0.93359375,0.7423058977931536,3.8211605699090855e-18,3.8211605699090855e-18,0.8264478380481143,0.5834040778255294,0.3496183745090892,0.07827267407850252,-0.5839753754909107,0.93359375,0.3212890625,1.0,1.0,0.382721307828356
tianyan-287__qaoa_0362,qaoa,432,108,237,0.9541015625,0.7857607915382427,5.4032653251884286e-17,5.403265325188428e-17,0.8264478380481144,0.5834040764323727,0.4069700247758526,0.1052998607411313,-0.5471315377241475,0.9541015625,0.3330078125,1.0,1.0,0.38272130782835606
tianyan-287__qaoa_0363,qaoa,432,108,237,0.9609375,0.8023576449928518,1.901773521561349e-17,1.901773521561349e-17,0.8264478380481145,0.5834040772042909,0.40644405296003755,0.10872757327089741,-0.5544934470399625,0.9609375,0.3330078125,1.0,1.0,0.382721307828356
tianyan-287__qaoa_0364,qaoa,432,108,237,0.958984375,0.7974768518927773,2.895108765418107e-17,2.895108765418107e-17,0.8264478380481143,0.5834040769410196,0.3819325409346548,0.10158629288297838,-0.5770518340653452,0.958984375,0.3291015625,1.0,1.0,0.38272130782835617
tianyan-287__qaoa_0365,qaoa,807,198,458,0.9873020409604283,0.8870816083519641,2.646539571756395e-06,1.323270661421178e-06,0.9409378933692523,0.7566679773649292,0.24984147941714974,0.04699906069600891,-0.7374605615432785,0.9872993944208566,0.28125,1.0,1.0,0.32321685750527146
tianyan-287__qaoa_0366,qaoa,807,198,458,0.9882811587209324,0.8916832266741314,9.127906761939189e-08,4.5639534842011254e-08,0.9416516608773804,0.7583796890063438,0.25196600754318565,0.04826579149487798,-0.7363151511777467,0.9882810674418647,0.345703125,1.0,1.0,0.3232031319744357
tianyan-287__qaoa_0367,qaoa,807,198,458,0.9902328371577087,0.9008586154397187,1.5378422912574342e-06,7.689214412334399e-07,0.941650276073046,0.7580868051043564,0.21236747470276235,0.04065034303295537,-0.7778653624549463,0.9902312993154174,0.3193359375,1.0,1.0,0.32320313621003477
tianyan-287__qaoa_0368,qaoa,807,198,458,0.9814449998853998,0.8636942287010114,3.1261460028439544e-07,1.5630731234168557e-07,0.9409401638845555,0.7568662490561073,0.21626000955214572,0.036376284292203534,-0.765184990333254,0.9814446872707995,0.2998046875,1.0,0.9999999999999999,0.32321685287338237
tianyan-287__qaoa_0369,qaoa,807,198,458,0.9794921850661731,0.8567854641519663,2.433826986407422e-09,1.21691347274652e-09,0.9409404346650118,0.7569683978129457,0.21164294951770388,0.03354695585261616,-0.7678492355484692,0.979492182632346,0.3232421875,1.0,1.0,0.32321684960487856
tianyan-287__qaoa_0370,qaoa,1182,288,704,0.9889901792923179,0.8939198202719874,0.00026763320768194226,0.0001338255584810631,0.9690836308671937,0.8219537727042971,0.15445418716896459,0.02013886283187908,-0.8345359921233533,0.988722546084636,0.302734375,1.0,1.0000000000000002,0.31460899134781684
tianyan-287__qaoa_0371,qaoa,1182,288,704,0.980396244203896,0.858373272754452,7.250579610389385e-05,3.62535552120461e-05,0.9693120628400052,0.8227474532214746,0.18640523632602674,0.024761461948789344,-0.7939910078778694,0.9803237384077922,0.296875,1.0,0.9999999999999999,0.3153631401269162
tianyan-287__qaoa_0372,qaoa,1182,288,704,0.8926594821534415,0.7306685289239253,0.018961394283576183,0.0020728614994089166,0.8694095438035053,0.6835227898180525,0.14543526984275695,0.015903343751484375,-0.7472242123106845,0.8736980878698652,0.3095703125,1.0,1.0,0.3153397071271009
tianyan-287__qaoa_0373,qaoa,1182,288,704,0.979983693593061,0.8598815763831523,0.0006817261721973613,5.0840299615943425e-05,0.9659765633529984,0.8135851747259653,0.17356758967755231,0.024581196503301636,-0.8064161039155087,0.9793019674208636,0.287109375,1.0,0.9999999999999999,0.31461275835957225
tianyan-287__qaoa_0374,qaoa,1182,288,704,0.9901402639846684,0.8995286014490305,0.0008982921182186458,0.0002589636818276875,0.9692529963903497,0.8231854865892396,0.1759169918887028,0.026100272634298455,-0.8142232720959656,0.9892419718664497,0.328125,1.0,1.0,0.31460881590545203
tianyan-287__qaoa_0375,qaoa,432,108,237,0.9619140625,0.8048438110972512,1.5753254678947684e-17,1.5753254678947684e-17,0.830056529975095,0.5877579942605539,0.3719531652395027,0.09804945272661618,-0.5899608972604973,0.9619140625,0.3505859375,1.0,1.0,0.3872418736821733
tianyan-287__qaoa_0376,qaoa,432,108,237,0.935546875,0.7461237993470894,3.821160162948662e-18,3.8211601629486605e-18,0.8264478380481144,0.5834040778255294,0.36752936014298687,0.08654969550958969,-0.5680175148570131,0.935546875,0.3388671875,1.0,1.0,0.3827213078283562
tianyan-287__qaoa_0377,qaoa,432,108,237,0.9560546875,0.7903686268519475,7.151678547707554e-19,7.151678547707554e-19,0.8264478380481144,0.5834040781118858,0.3804208621599129,0.097032705833316,-0.5756338253400871,0.9560546875,0.333984375,1.0,1.0,0.382721307828356
tianyan-287__qaoa_0378,qaoa,432,108,237,0.9326171875,0.7404180030466191,1.9017735065653205e-17,1.9017735065653205e-17,0.8264478380481143,0.5834040772042908,0.37166110367864913,0.08565426895789417,-0.5609560838213509,0.9326171875,0.341796875,1.0,1.0,0.3827213078283561
tianyan-287__qaoa_0379,qaoa,432,108,237,0.935546875,0.7461237984400821,2.895108691898152e-17,2.895108691898152e-17,0.8264478380481144,0.58340407694102,0.3592265623841744,0.08319981796516226,-0.5763203126158256,0.935546875,0.31640625,1.0,1.0,0.38272130782835606
tianyan-287__qaoa_0380,qaoa,807,198,458,0.9843462826577042,0.8739525328736342,2.8717342295737242e-05,1.4358774235084397e-05,0.9409128332614496,0.7559088140298794,0.23204859904446792,0.04411887293712531,-0.7522976836132362,0.9843175653154085,0.2998046875,1.0,1.0,0.32321689897680855
tianyan-287__qaoa_0381,qaoa,807,198,458,0.9853515391988309,0.8789297901894194,2.330116912535818e-08,1.165058464056802e-08,0.9416517262031135,0.7584019402196462,0.22284608747496662,0.038822623536230116,-0.7625054517238643,0.9853515158976618,0.2919921875,1.0,1.0,0.32320313168133064
tianyan-287__qaoa_0382,qaoa,807,198,458,0.9765435594020351,0.846102781203455,0.0009665365859077711,0.00039891709894890966,0.9409222326042544,0.7561092389229411,0.22066985865855523,0.034974210915248494,-0.7558737007434798,0.9755770228161273,0.3076171875,1.0,1.0,0.3232169431937517
tianyan-287__qaoa_0383,qaoa,807,198,458,0.9833983957340688,0.8711118875666819,4.1765931263117655e-08,2.0882965846650146e-08,0.9409404179158729,0.7569372274494863,0.24715956339541592,0.0459041743279958,-0.736238832338653,0.9833983539681376,0.30859375,1.0,1.0,0.32321685245301424
tianyan-287__qaoa_0384,qaoa,807,198,458,0.9863281225984148,0.8830630717604074,2.4015851796688e-09,1.2007926039063283e-09,0.9409404347153442,0.7569684629768794,0.21926516894611464,0.03685475874377215,-0.7670629536523002,0.9863281201968297,0.31640625,1.0,1.0,0.3232168495972615
tianyan-287__qaoa_0385,qaoa,1182,288,704,0.7852235165323771,0.5815908098743625,0.04102905388679542,0.0023119647728483675,0.777366322698152,0.5708605292641927,0.09782888743534426,0.007788498683372796,-0.6873946290970329,0.7441944626455816,0.3193359375,1.0,1.0,0.3154600666729894
tianyan-287__qaoa_0386,qaoa,1182,288,704,0.9814334433878239,0.8629329530623846,1.1869112176056703e-05,5.934573697589478e-06,0.9693715974983151,0.8241322221479467,0.15665686058796138,0.019278921839357966,-0.8247765827998625,0.9814215742756478,0.298828125,1.0,0.9999999999999999,0.31536317006696596
tianyan-287__qaoa_0387,qaoa,1182,288,704,0.9832823848710692,0.8760138733019593,0.004031948363785642,0.0005576310479944976,0.9635038367650615,0.8036844352209145,0.18134662447616626,0.026287781086811304,-0.801935760394903,0.9792504365072836,0.3115234375,1.0,1.0000000000000002,0.3153636542083664
tianyan-287__qaoa_0388,qaoa,1182,288,704,0.9805144791555521,0.8659043417681873,0.00362894993677575,0.0008019209779321769,0.9645681246128787,0.8136909973637276,0.1744079475493872,0.02242296436660513,-0.8061065316061649,0.9768855292187764,0.3154296875,1.0,1.0,0.31461189465331746
tianyan-287__qaoa_0389,qaoa,1182,288,704,0.9764112581870807,0.8448065469229229,0.0001512418129193675,7.562376593667115e-05,0.969197384818463,0.8226730511669829,0.13978136648040204,0.015571841040421771,-0.8366298917066787,0.9762600163741614,0.29296875,1.0,1.0,0.3146088279984637
tianyan-287__qaoa_0390,qaoa,432,108,237,0.8662109375,0.6421793233144271,0.027347082215495293,0.00044993159320435216,0.7272749788345423,0.47943272571765055,0.270519616106506,0.05215044981660147,-0.595691321393494,0.8388638552845047,0.3134765625,1.0,0.9999999999999999,0.3859844663256252
tianyan-287__qaoa_0391,qaoa,432,108,237,0.8466796875,0.6211609761104148,0.03911576008559599,0.0009142057520249261,0.7272749790858521,0.4794327258666219,0.2556394780567224,0.049465371268911346,-0.5910402094432776,0.807563927414404,0.3271484375,1.0,1.0,0.38598446630153693
tianyan-287__qaoa_0392,qaoa,432,108,237,0.8642578125,0.6455591140467478,0.01750600878693797,0.0005731310921763366,0.727274978829933,0.47943272571491824,0.28614018966184374,0.060776930770895944,-0.5781176228381563,0.846751803713062,0.3173828125,1.0,0.9999999999999999,0.3859844663260671
tianyan-287__qaoa_0393,qaoa,432,108,237,0.830078125,0.5978253243865508,0.04311181684218878,0.0014331226807986533,0.7272749791895214,0.47943272592807507,0.25575927408389637,0.04751330623674902,-0.5743188509161037,0.7869663081578112,0.3388671875,1.0,1.0,0.3859844662916
tianyan-287__qaoa_0394,qaoa,432,108,237,0.857421875,0.6338850514477131,0.03997492342356246,0.0012830059810719518,0.7272749789661789,0.4794327257956821,0.29140898736071713,0.0561949301056356,-0.5660128876392829,0.8174469515764375,0.3251953125,1.0,1.0,0.3859844663130078
tianyan-287__qaoa_0395,qaoa,807,198,458,0.8897903588721967,0.6865726817916282,0.03156765249518339,0.0012808356202270014,0.80352865384493,0.5654601007895845,0.22272723217749096,0.03866855455693117,-0.6670631266947058,0.8582227063770134,0.3212890625,1.0,1.0,0.32681429578707255
tianyan-287__qaoa_0396,qaoa,807,198,458,0.7881270885281921,0.5669713120534321,0.0453652812003624,0.0024002820096990455,0.739015941467182,0.5085521960787753,0.17196304344542335,0.021234174239698467,-0.6161640450827688,0.7427618073278297,0.3037109375,1.0,1.0,0.3257921486811113
tianyan-287__qaoa_0397,qaoa,807,198,458,0.894982319951229,0.7235728054448065,0.039856133912724336,0.0009910314284395012,0.7992801737147683,0.5649294845887625,0.26948963497931716,0.05670173820736573,-0.6254926849719118,0.8551261860385047,0.3271484375,1.0,0.9999999999999999,0.32682470972591476
tianyan-287__qaoa_0398,qaoa,807,198,458,0.8898536187835767,0.6692145960222268,0.027855539469976695,0.001752457814266356,0.8121545414906713,0.5525340800642711,0.20944542461783178,0.035133064545709636,-0.6804081941657449,0.8619980793136001,0.3076171875,1.0,1.0,0.32631137453991793
tianyan-287__qaoa_0399,qaoa,807,198,458,0.7705554221402309,0.5505263341950591,0.06519087198777973,0.0034533853905547402,0.73882167128093,0.5079122681828961,0.16301516490955326,0.021401030605927178,-0.6075402572306776,0.7053645501524511,0.31640625,1.0,1.0000000000000002,0.32579742545973933
tianyan-287__qaoa_0400,qaoa,1182,288,704,0.8645839059522255,0.6750092903828646,0.021908578148856946,0.0015119295695646888,0.8230677255428507,0.6033176391308186,0.13882293243358848,0.01621233210562129,-0.725760973518637,0.8426753278033685,0.3017578125,1.0,1.0000000000000002,0.31575341428469417
tianyan-287__qaoa_0401,qaoa,1182,288,704,0.8096904281632342,0.5890457567774275,0.03041502764250003,0.0035008598320150257,0.783298848204043,0.5584915946869169,0.11353498636969253,0.010529953847842654,-0.6961554417935417,0.7792754005207342,0.2998046875,1.0,1.0,0.31534767730784674
tianyan-287__qaoa_0402,qaoa,1182,288,704,0.8063099584676918,0.5747573493396585,0.03801271278547495,0.003152086676320066,0.7639594693388126,0.5302998471129184,0.11955267000386455,0.012927275987823063,-0.6867572884638273,0.7682972456822169,0.2890625,1.0,1.0,0.3149739929458697
tianyan-287__qaoa_0403,qaoa,1182,288,704,0.8359885955232647,0.6432313459963683,0.025388522157062804,0.001244555327987681,0.7996468166046982,0.5931297582408217,0.09893665276271377,0.007742725706228294,-0.7370519427605509,0.8106000733662019,0.2880859375,1.0,1.0,0.31540325920472206
tianyan-287__qaoa_0404,qaoa,1182,288,704,0.8082186992283887,0.600365508735599,0.03216708850346263,0.0016814026036379769,0.7854675035775703,0.5767680114457306,0.11017599025968003,0.009970655477617952,-0.6980427089687087,0.7760516107249261,0.3154296875,1.0,1.0,0.31556125959640113
tianyan-287__qaoa_0405,qaoa,432,108,250,0.9658203125,0.8151225065926424,4.0022552076232947e-19,4.0022552076232947e-19,0.8303469683230855,0.5881104129941069,0.30992515320478314,0.07712186676853512,-0.6558951592952169,0.9658203125,0.322265625,1.0,1.0,0.39435983518184337
tianyan-287__qaoa_0406,qaoa,432,108,250,0.95703125,0.7927109499924083,3.8211603442492744e-18,3.8211603442492744e-18,0.8279172159482289,0.5851713793273506,0.34773921438789335,0.0918735442941987,-0.6092920356121067,0.95703125,0.3017578125,1.0,1.0,0.3864095675302462
tianyan-287__qaoa_0407,qaoa,432,108,250,0.97265625,0.8346405430584622,2.1893822842284242e-30,2.1893822842284242e-30,0.8279172159482288,0.5851713799027701,0.3814485079497435,0.11411303676195513,-0.5912077420502565,0.97265625,0.3046875,1.0,1.0,0.3864095675302461
tianyan-287__qaoa_0408,qaoa,432,108,250,0.9482421875,0.7724965647929706,1.901773494576001e-17,1.9017734945760007e-17,0.8279172159482291,0.585171378619062,0.3678617723176895,0.09320252223330973,-0.5803804151823104,0.9482421875,0.298828125,1.0,1.0,0.38640956753024597
tianyan-287__qaoa_0409,qaoa,432,108,250,0.94921875,0.7746530435530414,2.895108671013619e-17,2.895108671013619e-17,0.8279172159482289,0.5851713783189004,0.3164085996542969,0.07786246173549384,-0.6328101503457031,0.94921875,0.30859375,1.0,1.0,0.3864095675302462
tianyan-287__qaoa_0410,qaoa,414,102,186,0.951171875,0.7790291286421325,5.5026087347375555e-17,5.502608734737556e-17,0.8133692185624364,0.5679921490354819,0.4046222987479764,0.11189990047010036,-0.5465495762520236,0.951171875,0.296875,1.0,1.0,0.3979661570454657
tianyan-287__qaoa_0411,qaoa,414,102,186,0.97265625,0.8346405424206144,3.8211602249840365e-18,3.8211602249840365e-18,0.8133692185624363,0.5679921506187294,0.4218205209221841,0.1361879055580944,-0.5508357290778159,0.97265625,0.337890625,1.0,1.0,0.3979661570454658
tianyan-287__qaoa_0412,qaoa,414,102,186,0.947265625,0.7703603366140759,2.7856337215561e-30,2.7856337215561e-30,0.8133692185624364,0.5679921511852304,0.3884258009242195,0.1015812304212246,-0.5588398240757805,0.947265625,0.318359375,1.0,1.0,0.3979661570454657
tianyan-287__qaoa_0413,qaoa,414,102,186,0.9716796875,0.8317135982383483,1.9017735386167535e-17,1.9017735386167532e-17,0.8133692185624363,0.5679921499214179,0.3899353334898401,0.11937914547034889,-0.5817443540101599,0.9716796875,0.3115234375,1.0,1.0,0.39796615704546556
tianyan-287__qaoa_0414,qaoa,414,102,186,0.9609375,0.8023576445771043,2.895108674513689e-17,2.895108674513689e-17,0.8133692185624364,0.5679921496259088,0.3907855376538446,0.11813369409645769,-0.5701519623461554,0.9609375,0.28515625,1.0,1.0,0.3979661570454657
tianyan-287__qaoa_0415,qaoa,388,98,200,0.9638671874999999,0.8099136699577806,1.3586744170255796e-16,8.035629047130012e-17,0.7982449780976475,0.5508285142375576,0.457223281392933,0.15644407557721773,-0.5066439061070669,0.9638671874999998,0.345703125,1.0,1.0,0.4010146440658465
tianyan-287__qaoa_0416,qaoa,388,98,200,0.9570312499999996,0.792710948531506,3.495821637562032e-16,1.8304871006242976e-16,0.7982449780976473,0.5508285132626255,0.46257066809607894,0.15197409891995092,-0.4944605819039206,0.9570312499999992,0.3095703125,1.0,1.0,0.4010146440658465
tianyan-287__qaoa_0417,qaoa,388,98,200,0.9501953124999996,0.7768303589019838,5.659580325093702e-16,2.884022763530812e-16,0.7982449780976473,0.5508285125252711,0.41671412563946153,0.11953582495055118,-0.533481186860538,0.950195312499999,0.3349609375,1.0,1.0,0.4010146440658466
tianyan-287__qaoa_0418,qaoa,388,98,200,0.9443359375,0.7640676734257037,9.508867517196456e-18,9.508867517196456e-18,0.7982449780976476,0.5508285154933367,0.4416799963685829,0.12826718368499357,-0.5026559411314171,0.9443359375,0.333984375,1.0,1.0,0.4010146440658465
tianyan-287__qaoa_0419,qaoa,388,98,200,0.9453125,0.766146412851044,1.4475543535207046e-17,1.447554353520705e-17,0.7982449780976475,0.5508285153393617,0.4332641060571326,0.12642917705910825,-0.5120483939428674,0.9453125,0.306640625,1.0,1.0,0.40101464406584647
tianyan-287__qaoa_0420,qaoa,388,98,225,0.9755859375,0.8437499998066306,1.063580004916862e-18,1.0635800049168618e-18,0.8001408659388469,0.5529439249064467,0.42604354677583084,0.13965733980908066,-0.5495423907241692,0.9755859375,0.33203125,1.0,1.0,0.404586218988802
tianyan-287__qaoa_0421,qaoa,388,98,225,0.9726562499999996,0.8346405405931452,3.495821664566439e-16,1.830487127628705e-16,0.8001408659388467,0.5529439219665689,0.41855671104465525,0.12949652019381802,-0.5540995389553443,0.9726562499999992,0.3369140625,1.0,1.0,0.40458621898880204
tianyan-287__qaoa_0422,qaoa,388,98,225,0.9794921875,0.8567945084309826,2.7016359305558816e-17,2.7016359305558813e-17,0.8001408659388468,0.5529439239264067,0.42692383847840093,0.1350140281142207,-0.5525683490215991,0.9794921875,0.3125,1.0,1.0,0.4045862189888021
tianyan-287__qaoa_0423,qaoa,388,98,225,0.9560546875,0.7903686264558222,9.508875400109376e-18,9.508875400109375e-18,0.8001408659388469,0.5529439244236877,0.44441916388543967,0.14382509421267345,-0.5116355236145603,0.9560546875,0.3359375,1.0,1.0,0.4045862189888021
tianyan-287__qaoa_0424,qaoa,388,98,225,0.9658203125,0.8151225059717442,1.4475543172968578e-17,1.4475543172968578e-17,0.800140865938847,0.5529439242540852,0.4493746737749773,0.14631151342434565,-0.5164456387250227,0.9658203125,0.3779296875,1.0,1.0,0.40458621898880215
tianyan-287__qaoa_0425,qaoa,406,104,192,0.9013671875,0.6859413863756885,1.2262902813777632e-17,1.2262902813777633e-17,0.8202558368475641,0.5760375444170349,0.2536361388284406,0.04348942296327949,-0.6477310486715594,0.9013671875,0.3330078125,1.0,1.0,0.38281814403297615
tianyan-287__qaoa_0426,qaoa,406,104,192,0.91015625,0.700260528926933,5.7317400527998646e-18,5.7317400527998646e-18,0.8154308889553794,0.5703849259789722,0.2665518596483945,0.05147154228733289,-0.6436043903516055,0.91015625,0.3671875,1.0,1.0,0.3938459832084328
tianyan-287__qaoa_0427,qaoa,406,104,192,0.9189453125,0.7152989497782257,4.2910029150375395e-18,4.2910029150375395e-18,0.8154308889553794,0.5703849261015377,0.27260250680476544,0.05415043175197681,-0.6463428056952345,0.9189453125,0.35546875,1.0,1.0,0.39384598320843267
tianyan-287__qaoa_0428,qaoa,406,104,192,0.9326171875,0.7404180030900772,9.021595974009989e-18,9.02159597400999e-18,0.8154308889553794,0.5703849257474309,0.2755856992238619,0.05581835642390916,-0.6570314882761381,0.9326171875,0.365234375,1.0,1.0,0.3938459832084327
tianyan-287__qaoa_0429,qaoa,406,104,192,0.904296875,0.6906407814446748,2.097693820707046e-17,2.0976938207070467e-17,0.8154308889553796,0.5703849251485449,0.24257508154528695,0.045273080706042634,-0.661721793454713,0.904296875,0.373046875,1.0,1.0,0.3938459832084327
tianyan-287__qaoa_0430,qaoa,406,104,242,0.9775390625,0.8501302627215694,4.78023555613947e-17,4.78023555613947e-17,0.8186164166542614,0.5741084821336677,0.42986181570135085,0.1354793875891412,-0.5476772467986492,0.9775390625,0.333984375,1.0,1.0,0.3967588202437772
tianyan-287__qaoa_0431,qaoa,406,104,242,0.9580078125,0.7950800452141265,5.731740133787374e-18,5.731740133787374e-18,0.8147730090229085,0.569619944939777,0.3466842472141347,0.08937838787685211,-0.6113235652858653,0.9580078125,0.3154296875,1.0,1.0,0.40085516931826765
tianyan-287__qaoa_0432,qaoa,406,104,242,0.9746093749999997,0.8406556361883071,2.692578824376034e-16,1.582355799750878e-16,0.8186164166542615,0.5741084805514548,0.4280424520928855,0.13049299615199955,-0.5465669229071142,0.9746093749999994,0.3134765625,1.0,1.0,0.3967588202437772
tianyan-287__qaoa_0433,qaoa,406,104,242,0.9746093749999997,0.8406556364948916,2.4203922089894573e-16,1.3101691843643008e-16,0.8186164166542613,0.5741084808678584,0.3798874182543259,0.104978764560888,-0.5947219567456737,0.9746093749999994,0.302734375,1.0,1.0,0.3967588202437773
tianyan-287__qaoa_0434,qaoa,406,104,242,0.95703125,0.7927109478811425,4.342663012583775e-17,4.3426630125837736e-17,0.8147730090229087,0.5696199432772459,0.3207430354733499,0.08395658941203349,-0.6362882145266501,0.95703125,0.34375,1.0,1.0,0.4008551693182675
tianyan-287__qaoa_0435,qaoa,432,108,250,0.7698194729193464,0.5518706369411258,0.021877453778103156,0.0007625423945341093,0.649617556568486,0.4274865622087256,0.18554683841556618,0.02630496219389905,-0.5842726345037802,0.7479420191412433,0.283203125,1.0,1.0,0.39163916612636435
tianyan-287__qaoa_0436,qaoa,432,108,250,0.7933618816624259,0.5768836647665221,0.03376427103027603,0.0012109438998310397,0.6496175565329516,0.4274865620288364,0.20072224494664306,0.03158230405265725,-0.5926396367157829,0.7595976106321499,0.283203125,1.0,0.9999999999999999,0.3916391661364965
tianyan-287__qaoa_0437,qaoa,432,108,250,0.7467751033289494,0.515317353309563,0.04481174964689426,0.0028727149929262457,0.649617556593766,0.4274865623367038,0.1692963331437407,0.02142715476645344,-0.5774787701852087,0.7019633536820551,0.3173828125,1.0,1.0,0.39163916611915595
tianyan-287__qaoa_0438,qaoa,432,108,250,0.7707960357215937,0.5589684256666011,0.03432332037491184,0.0012938997866579285,0.649617556552637,0.4274865621284919,0.16343862563481276,0.02133695064010329,-0.6073574100867809,0.7364727153466819,0.2880859375,1.0,1.0,0.3916391661308834
tianyan-287__qaoa_0439,qaoa,432,108,250,0.7356397855440926,0.5115646789787405,0.03526208511340691,0.0014961754333927945,0.6496175565619448,0.42748656217561093,0.16146311991635165,0.02113275399428679,-0.574176665627741,0.7003777004306857,0.3203125,1.0,1.0,0.39163916612822947
tianyan-287__qaoa_0440,qaoa,414,102,186,0.953125,0.7834936483543289,4.0282988108775075e-18,4.028298810877507e-18,0.8173472311418384,0.5726210468899678,0.38873555235570545,0.09954587416463931,-0.5643894476442946,0.953125,0.291015625,1.0,1.0,0.39941995155360943
tianyan-287__qaoa_0441,qaoa,414,102,186,0.9560546874999998,0.7903686231638685,3.3793164076243017e-16,1.1588703583739891e-16,0.8173472311418379,0.5726210432997485,0.4293665742477871,0.11391785293623749,-0.5266881132522127,0.9560546874999994,0.3251953125,1.0,0.9999999999999998,0.3994199515536096
tianyan-287__qaoa_0442,qaoa,414,102,186,0.9492187499999998,0.7746530414342603,3.3907450745074163e-16,1.1702990252571038e-16,0.8173472311418382,0.5726210432780421,0.42205809752522966,0.1100157170730715,-0.5271606524747701,0.9492187499999994,0.31640625,1.0,0.9999999999999998,0.3994199515536094
tianyan-287__qaoa_0443,qaoa,414,102,186,0.9599609375,0.7999023664529672,9.508836688428295e-18,9.508836688428295e-18,0.8173472311418384,0.572621046448641,0.4235381883290877,0.11847142551746218,-0.5364227491709124,0.9599609375,0.3359375,1.0,1.0,0.39941995155360943
tianyan-287__qaoa_0444,qaoa,414,102,186,0.9619140625,0.8048438111734013,1.4475510301364878e-17,1.4475510301364878e-17,0.8173472311418384,0.5726210461530659,0.4178770413053833,0.11645355076587019,-0.5440370211946167,0.9619140625,0.330078125,1.0,1.0,0.3994199515536094
tianyan-287__qaoa_0445,qaoa,388,98,200,0.9716796874999999,0.8317135969789917,1.2721469549272836e-16,7.170354426147055e-17,0.8042350923447019,0.5575467138445938,0.3871549781495283,0.11261915164107064,-0.5845247093504715,0.9716796874999998,0.28515625,1.0,1.0,0.411465546509172
tianyan-287__qaoa_0446,qaoa,388,98,200,0.9726562499999999,0.8346405406020851,9.720380932374052e-17,4.169265809248269e-17,0.8042350923447021,0.5575467145891119,0.397653837887362,0.11498246444023692,-0.5750024121126378,0.9726562499999998,0.310546875,1.0,1.0,0.41146554650917194
tianyan-287__qaoa_0447,qaoa,388,98,200,0.9707031249999999,0.8288366986297454,1.0240068628266371e-16,4.6889535051405874e-17,0.8042350923447018,0.5575467144444857,0.41866644694276955,0.11883588423616331,-0.5520366780572303,0.9707031249999998,0.25390625,1.0,1.0,0.41146554650917205
tianyan-287__qaoa_0448,qaoa,388,98,200,0.9619140624999996,0.8048438071036843,3.63058849631573e-16,1.9652539593779952e-16,0.8042350923447019,0.5575467117893079,0.41628426369364485,0.11835086324753298,-0.5456297988063548,0.9619140624999992,0.3359375,1.0,1.0,0.41146554650917194
tianyan-287__qaoa_0449,qaoa,388,98,200,0.9628906249999999,0.8073620597055304,1.1752688626914716e-16,6.201573503788937e-17,0.8042350923447021,0.5575467140640782,0.3956317036817787,0.11181417219219153,-0.5672589213182212,0.9628906249999998,0.3271484375,1.0,1.0,0.41146554650917183
tianyan-287__qaoa_0450,qaoa,388,98,225,0.94921875,0.7746530450794838,2.0011264845194238e-19,2.001126484519424e-19,0.8040733790356811,0.5573640083383922,0.33420603845256047,0.08126004032029782,-0.6150127115474395,0.94921875,0.337890625,1.0,1.0,0.40542788521459244
tianyan-287__qaoa_0451,qaoa,388,98,225,0.947265625,0.770360336115966,1.4329156332970997e-18,1.4329156332970997e-18,0.8040733790356811,0.5573640080545471,0.32321385911847256,0.07696835849942052,-0.6240517658815274,0.947265625,0.353515625,1.0,1.0,0.4054278852145924
tianyan-287__qaoa_0452,qaoa,388,98,225,0.9638671875,0.8099136695704079,9.376802767914001e-18,9.376802767914001e-18,0.8040733790356811,0.5573640073483991,0.30773732753115957,0.0815191792827169,-0.6561298599688404,0.9638671875,0.3125,1.0,1.0,0.40542788521459233
tianyan-287__qaoa_0453,qaoa,388,98,225,0.9541015625,0.7857607925582019,7.13163446446932e-18,7.131634464469319e-18,0.8040733790356811,0.5573640074966792,0.2896915937242792,0.07061298312299172,-0.6644099687757208,0.9541015625,0.306640625,1.0,1.0,0.40542788521459233
tianyan-287__qaoa_0454,qaoa,388,98,225,0.9580078125,0.7950800447340273,1.0856631846894823e-17,1.0856631846894823e-17,0.804073379035681,0.5573640072602649,0.31402328683712244,0.0818888187021434,-0.6439845256628776,0.9580078125,0.3349609375,1.0,1.0,0.4054278852145923
tianyan-287__qaoa_0455,qaoa,406,104,192,0.8682723226423426,0.6472563564658416,0.016064950261283226,0.0005247424253203008,0.7582054815165934,0.5186734443195148,0.24300824844981983,0.03853437866089422,-0.6252640741925227,0.8522073723810594,0.2998046875,1.0,1.0,0.3848872899328031
tianyan-287__qaoa_0456,qaoa,406,104,192,0.8379988826880308,0.601898004477245,0.007275893749510659,0.00013431284447571018,0.7582054793395501,0.5186734432969988,0.21149243954251523,0.03211676700092961,-0.6265064431455156,0.8307229889385201,0.3466796875,1.0,1.0,0.3848872900354409
tianyan-287__qaoa_0457,qaoa,406,104,192,0.8633895097663803,0.6461754324157397,0.01387193031390551,0.0003331156277476499,0.758205481183104,0.5186734441628811,0.2649142741820235,0.04508652329277254,-0.5984752355843568,0.8495175794524747,0.3271484375,1.0,1.0,0.3848872899485256
tianyan-287__qaoa_0458,qaoa,406,104,192,0.826171875,0.6002998036173608,0.02104442253052509,0.0009227579060173066,0.7582054807137966,0.5186734439424563,0.18204380972955944,0.021580842760304655,-0.6441280652704405,0.8051274524694749,0.333984375,1.0,1.0,0.38488728997065147
tianyan-287__qaoa_0459,qaoa,406,104,192,0.8448348211554886,0.625127793237048,0.015424949645961998,0.00017045733910658366,0.7582054801977122,0.5186734437000614,0.19924407787096812,0.030758687224925384,-0.6455907432845205,0.8294098715095266,0.3115234375,1.0,1.0,0.38488728999498234
tianyan-287__qaoa_0460,qaoa,406,104,242,0.9648437499999999,0.8124999979039822,1.6945957904272838e-16,5.843727658021272e-17,0.8186164166542613,0.5741084819296499,0.42086067524011883,0.12386466487718178,-0.5439830747598811,0.9648437499999997,0.310546875,1.0,1.0,0.3967588202437771
tianyan-287__qaoa_0461,qaoa,406,104,242,0.9677734374999999,0.8204824151051566,1.6896582268593212e-16,5.794352022341648e-17,0.8186164166542615,0.5741084819386888,0.39873314910061725,0.11747073253521696,-0.5690402883993826,0.9677734374999997,0.3115234375,1.0,1.0,0.3967588202437771
tianyan-287__qaoa_0462,qaoa,406,104,242,0.9716796874999999,0.8317135971013123,1.6750121035212753e-16,5.647890788961186e-17,0.8186164166542615,0.574108481965729,0.40019543636118426,0.12347691741005021,-0.5714842511388156,0.9716796874999997,0.3271484375,1.0,1.0,0.39675882024377707
tianyan-287__qaoa_0463,qaoa,406,104,242,0.95703125,0.7927109499729985,4.7544182962668984e-18,4.7544182962668984e-18,0.8186164166542615,0.5741084834556482,0.3714915737168898,0.09933252782078066,-0.5855396762831102,0.95703125,0.314453125,1.0,1.0,0.3967588202437772
tianyan-287__qaoa_0464,qaoa,406,104,242,0.9580078125,0.795080045330189,7.237755196798526e-18,7.237755196798526e-18,0.8186164166542618,0.5741084833132568,0.3219885900831556,0.07646546241562974,-0.6360192224168444,0.9580078125,0.3408203125,1.0,1.0,0.39675882024377707
tianyan-287__qaoa_0465,qaoa,432,108,250,0.7299457421952311,0.5092587438275904,0.036989333431656946,0.0018681422879117402,0.6540900922354957,0.4267761809813719,0.15653963143808655,0.017393629877029845,-0.5734061107571445,0.6929564087635742,0.31640625,1.0,1.0,0.3917786259252629
tianyan-287__qaoa_0466,qaoa,432,108,250,0.7428759207128248,0.5404596499477023,0.027515582717904014,0.0014802149342220813,0.6540900922424528,0.4267761809818703,0.18252625614495366,0.028335531716988858,-0.5603496645678712,0.7153603379949208,0.3251953125,1.0,1.0000000000000002,0.3917786259253546
tianyan-287__qaoa_0467,qaoa,432,108,250,0.7544140895648009,0.5256677344374778,0.04481530161474051,0.002258621003035698,0.654090092406401,0.4267761809936141,0.18961294876125326,0.026898762814011355,-0.5648011408035477,0.7095987879500605,0.3203125,1.0,1.0,0.3917786259275168
tianyan-287__qaoa_0468,qaoa,432,108,250,0.7710156523381593,0.5504652886636542,0.036989333554102985,0.0013096689578919367,0.6540900926649471,0.426776181012134,0.19274048457562037,0.028680948290717902,-0.5782751677625388,0.7340263187840563,0.2880859375,1.0,1.0,0.39177862593092655
tianyan-287__qaoa_0469,qaoa,432,108,250,0.7766401604390752,0.5548917587406272,0.03922263363362316,0.0013450341729020479,0.6540900919047601,0.42677618095768105,0.21529207046896015,0.03274036367537752,-0.5613480899701151,0.7374175268054521,0.2890625,1.0,1.0,0.39177862592090107
tianyan-287__qaoa_0470,qaoa,414,102,186,0.9521484375,0.7812499967514958,8.941725911067404e-17,8.941725911067405e-17,0.8173472311418382,0.5726210438363595,0.428001559579145,0.11324942758201706,-0.524146877920855,0.9521484374999999,0.3017578125,1.0,1.0000000000000002,0.3994199515536094
tianyan-287__qaoa_0471,qaoa,414,102,186,0.9453125,0.7661464128748061,1.910554034765578e-18,1.910554034765578e-18,0.8173472311418382,0.5726210471461092,0.37575953229150927,0.09081801043326287,-0.5695529677084907,0.9453125,0.2890625,1.0,1.0,0.3994199515536095
tianyan-287__qaoa_0472,qaoa,414,102,186,0.9521484375,0.7812499964941927,9.757139104399533e-17,9.757139104399534e-17,0.8173472311418384,0.5726210436634682,0.42172622391076464,0.10968510544186666,-0.5304222135892354,0.9521484374999999,0.3037109375,1.0,1.0000000000000002,0.3994199515536095
tianyan-287__qaoa_0473,qaoa,414,102,186,0.9521484375,0.7812499988741726,9.508845613374055e-18,9.508845613374055e-18,0.8173472311418382,0.5726210464486403,0.429215071749143,0.11985151630942154,-0.522933365750857,0.9521484375,0.3134765625,1.0,1.0,0.39941995155360943
tianyan-287__qaoa_0474,qaoa,414,102,186,0.9404296875,0.7559296961733734,1.44755100862642e-17,1.44755100862642e-17,0.8173472311418382,0.5726210461530659,0.37967709074006895,0.09168224026146271,-0.560752596759931,0.9404296875,0.3486328125,1.0,1.0,0.39941995155360954
tianyan-287__qaoa_0475,qaoa,388,98,200,0.9541015625,0.7857607937374669,6.297243461009665e-31,6.297243461009665e-31,0.7982449780976475,0.5508285161518451,0.4307736473248409,0.14034579764382066,-0.5233279151751591,0.9541015625,0.365234375,1.0,1.0,0.4010146440658466
tianyan-287__qaoa_0476,qaoa,388,98,200,0.9521484374999922,0.7812499893675411,7.744525635682908e-15,3.858745049494867e-15,0.7982449780976413,0.5508285028864496,0.45432055474684513,0.1357224983048431,-0.4978278827531471,0.9521484374999845,0.31640625,1.0,1.0,0.4010146440658465
tianyan-287__qaoa_0477,qaoa,388,98,200,0.9599609375,0.7999023675802227,1.4585566546322946e-30,1.4585566546322946e-30,0.7982449780976477,0.5508285161518452,0.4611993201277367,0.1533117223670452,-0.4987616173722633,0.9599609375,0.349609375,1.0,1.0,0.4010146440658466
tianyan-287__qaoa_0478,qaoa,388,98,200,0.9589843749999996,0.7974768509124885,5.395894111177312e-16,2.620336549614421e-16,0.798244978097647,0.5508285126950334,0.45300821441552797,0.14729607624414745,-0.5059761605844716,0.958984374999999,0.3125,1.0,1.0,0.4010146440658465
tianyan-287__qaoa_0479,qaoa,388,98,200,0.9550781249999982,0.7880521851021725,1.7643717252072574e-15,8.761933055071328e-16,0.7982449780976463,0.5508285098306798,0.471462283899872,0.15625330299122142,-0.48361584110012623,0.9550781249999964,0.2880859375,1.0,1.0,0.4010146440658465
tianyan-287__qaoa_0480,qaoa,388,98,225,0.9765625,0.8469068901539806,5.367836097029852e-18,5.367836097029853e-18,0.8040733790356811,0.5573640076305753,0.380336789914566,0.11575272477436174,-0.596225710085434,0.9765625,0.30859375,1.0,1.0,0.4054278852145922
tianyan-287__qaoa_0481,qaoa,388,98,225,0.9531249999999922,0.7834936340173226,7.744525625857538e-15,3.858745039669497e-15,0.8001408659388405,0.5529439105372532,0.3776900000155508,0.10517428519935425,-0.5754349999844415,0.9531249999999845,0.3212890625,1.0,1.0,0.40458621898880215
tianyan-287__qaoa_0482,qaoa,388,98,225,0.9619140625,0.804843810918787,1.5882572169073144e-17,1.5882572169073144e-17,0.8040733790356812,0.557364006998891,0.35810085109101536,0.1001451306525129,-0.6038132114089847,0.9619140625,0.3271484375,1.0,1.0,0.40542788521459244
tianyan-287__qaoa_0483,qaoa,388,98,225,0.94921875,0.7746530441800119,7.13162813910548e-18,7.131628139105478e-18,0.8040733790356811,0.5573640074966797,0.3271376994081771,0.0834584737507766,-0.6220810505918228,0.94921875,0.3505859375,1.0,1.0,0.4054278852145922
tianyan-287__qaoa_0484,qaoa,388,98,225,0.9580078124999982,0.7950800383763095,1.7643717270559946e-15,8.761933073558698e-16,0.8001408659388454,0.5529439181862945,0.41173735886174057,0.11647692379464872,-0.5462704536382577,0.9580078124999964,0.3623046875,1.0,1.0,0.40458621898880204
tianyan-287__qaoa_0485,qaoa,406,104,192,0.9189453125,0.7152989500035596,2.3901180001888734e-17,2.390118000188873e-17,0.8202558368475641,0.5760375441407286,0.290052732898301,0.05670407297591297,-0.628892579601699,0.9189453125,0.318359375,1.0,1.0,0.3828181440329762
tianyan-287__qaoa_0486,qaoa,406,104,192,0.90625,0.6938137820508018,4.77638599297488e-19,4.7763859929748795e-19,0.8202558368475642,0.5760375449769479,0.25117370526342975,0.0433428404593032,-0.6550762947365703,0.90625,0.3115234375,1.0,1.0,0.38281814403297615
tianyan-287__qaoa_0487,qaoa,406,104,192,0.9150390624999999,0.7085194030899264,1.3241842359843103e-16,7.690727236717319e-17,0.8202558368475641,0.5760375433676519,0.2614960050616361,0.04379254776330575,-0.6535430574383638,0.9150390624999998,0.3310546875,1.0,1.0,0.38281814403297615
tianyan-287__qaoa_0488,qaoa,406,104,192,0.9003906249999999,0.68439046943709,1.210196217747411e-16,6.550847054348328e-17,0.8202558368475641,0.5760375435023048,0.24292036491695124,0.03972992802283298,-0.6574702600830487,0.9003906249999998,0.3330078125,1.0,1.0,0.3828181440329763
tianyan-287__qaoa_0489,qaoa,406,104,192,0.8857421875,0.6619795676464146,3.6188772622365916e-18,3.6188772622365916e-18,0.8202558368475643,0.5760375447356658,0.21550519573127372,0.03502046069197509,-0.6702369917687263,0.8857421875,0.3251953125,1.0,1.0,0.38281814403297626
tianyan-287__qaoa_0490,qaoa,406,104,242,0.96484375,0.8124999988759791,1.0502170515865915e-17,1.0502170515865915e-17,0.8186164166542618,0.5741084831595393,0.3830399939789484,0.105097252173703,-0.5818037560210516,0.96484375,0.31640625,1.0,1.0,0.3967588202437771
tianyan-287__qaoa_0491,qaoa,406,104,242,0.9609375,0.8023576458892083,9.552769811418603e-19,9.552769811418603e-19,0.8186164166542615,0.574108483791649,0.36003514083949006,0.09216144747658819,-0.6009023591605099,0.9609375,0.3173828125,1.0,1.0,0.39675882024377723
tianyan-287__qaoa_0492,qaoa,406,104,242,0.9755859375,0.8437499997277791,6.271274361403154e-19,6.271274361403154e-19,0.8186164166542617,0.5741084838434476,0.3930384430678426,0.11732800299377634,-0.5825474944321574,0.9755859375,0.3232421875,1.0,1.0,0.3967588202437773
tianyan-287__qaoa_0493,qaoa,406,104,242,0.953125,0.7834936483271595,4.754417942693045e-18,4.754417942693044e-18,0.8186164166542618,0.5741084834556481,0.3328662921816665,0.0807784069025173,-0.6202587078183335,0.953125,0.3251953125,1.0,1.0,0.39675882024377707
tianyan-287__qaoa_0494,qaoa,406,104,242,0.95703125,0.7927109497136197,7.237755338521873e-18,7.237755338521873e-18,0.8186164166542617,0.5741084833132566,0.31694927107436993,0.07388544687253418,-0.64008197892563,0.95703125,0.3193359375,1.0,1.0,0.39675882024377707
tianyan-287__qaoa_0495,qaoa,432,108,250,0.7462184543478706,0.5168439281305932,0.028030470750244264,0.0008017150424281496,0.6610105919827494,0.4281029979228069,0.1585041124101641,0.019313274039501047,-0.5877143419377064,0.7181879835976264,0.3330078125,1.0,1.0,0.3918977013796845
tianyan-287__qaoa_0496,qaoa,432,108,250,0.7663315813934864,0.5627312744731239,0.050797781407062634,0.0021300598938655524,0.6610105923999001,0.428102998075151,0.2094583619268348,0.03279329603420794,-0.5568732194666517,0.7155337999864239,0.3056640625,1.0,1.0,0.3918977013893702
tianyan-287__qaoa_0497,qaoa,432,108,250,0.7550075166731882,0.5278281291172445,0.03662294078413148,0.0016219644084028754,0.6610105918962913,0.42810299789123235,0.1849854058307018,0.025081835942371088,-0.5700221108424864,0.7183845758890567,0.318359375,1.0,1.0,0.39189770137767704
tianyan-287__qaoa_0498,qaoa,432,108,250,0.783327830541447,0.5572766380123105,0.03819134561835389,0.0018639950757181,0.6610105925735044,0.4281029981385514,0.20106715046714052,0.029201774471465134,-0.5822606800743064,0.745136484923093,0.3095703125,1.0,1.0,0.39189770139340074
tianyan-287__qaoa_0499,qaoa,432,108,250,0.7367093833538079,0.5125707286985448,0.043080153955965435,0.0016791923798454393,0.6610105922605516,0.4281029980242606,0.1887972377840721,0.029903118110921497,-0.5479121455697358,0.6936292293978424,0.353515625,1.0,1.0,0.39189770138613467
